{"type": "FeatureCollection", "features": [{"type": "Feature", "properties": {"region": "Addis Ababa", "source_region": "Addis Ababa", "source_reg_pcode": "ET14", "analytical_region": true, "source_polygon_n": 11}, "geometry": {"type": "Polygon", "coordinates": [[[38.7026074, 8.925160599999998], [38.7019662, 8.9256283], [38.699410199999996, 8.9291503], [38.6992105, 8.9294256], [38.698997999999996, 8.929718399999999], [38.696828599999996, 8.932707799999998], [38.6966913, 8.9331306], [38.6965319, 8.9336215], [38.6963754, 8.9341036], [38.696127499999996, 8.9348671], [38.6960165, 8.935208900000001], [38.69597279999999, 8.935343500000002], [38.695857399999994, 8.9356989], [38.6957156, 8.9361356], [38.6956377, 8.9363755], [38.6938446, 8.9418977], [38.6927288, 8.9414929], [38.6915932, 8.9410809], [38.690663, 8.940743500000002], [38.69061339999999, 8.9407255], [38.687902099999995, 8.939741900000001], [38.6806423, 8.9410899], [38.68076149999999, 8.9442942], [38.680835200000004, 8.9462755], [38.68096130000001, 8.949664700000001], [38.6806882, 8.9501227], [38.676428, 8.957268], [38.6762272, 8.9576049], [38.670917599999996, 8.959311099999997], [38.669423099999996, 8.9597913], [38.6693509, 8.9598145], [38.669158700000004, 8.9598763], [38.6654086, 8.9610813], [38.6637686, 8.9613289], [38.662647799999995, 8.9614981], [38.662464299999996, 8.9615258], [38.6610152, 8.9617445], [38.6600217, 8.9618945], [38.659063499999995, 8.9620391], [38.65336039999999, 8.9629], [38.6462998, 8.964878100000002], [38.644923299999995, 8.9652637], [38.642818500000004, 8.9658534], [38.639706499999996, 8.973313899999999], [38.6394054, 8.9740358], [38.6485099, 8.975995600000001], [38.6526194, 8.976626], [38.654644700000006, 8.9769366], [38.6593865, 8.9854025], [38.6577919, 8.9948184], [38.6557755, 8.9971144], [38.65519739999999, 8.997772699999999], [38.651051599999995, 9.0024933], [38.651368999999995, 9.00527], [38.651744300000004, 9.0085543], [38.651942, 9.0102844], [38.6524147, 9.010229299999999], [38.660077599999994, 9.009336000000001], [38.6670364, 9.0100278], [38.6665367, 9.0167326], [38.667054199999995, 9.023895999999999], [38.667223, 9.026232499999999], [38.6682974, 9.0277612], [38.6704633, 9.0308429], [38.67174939999999, 9.032672799999999], [38.6720815, 9.0331453], [38.6725978, 9.0386726], [38.676763699999995, 9.0431669], [38.68354110000001, 9.050037699999999], [38.6835586, 9.0510869], [38.683699399999995, 9.0595417], [38.683693600000005, 9.0663165], [38.685327, 9.0727101], [38.685407999999995, 9.0730271], [38.694552, 9.0777319], [38.695142, 9.0779994], [38.69539869999999, 9.0781159], [38.699113, 9.079800499999997], [38.7006816, 9.0805119], [38.70182020000001, 9.0807595], [38.706483999999996, 9.0817739], [38.70657489999999, 9.0817937], [38.70674969999999, 9.0818317], [38.707111, 9.0820479], [38.7084817, 9.082867900000002], [38.7119046, 9.084915599999999], [38.7126903, 9.0853856], [38.7129973, 9.0855693], [38.7136639, 9.0859681], [38.7139279, 9.0861261], [38.715644000000005, 9.087152699999999], [38.7166427, 9.0877502], [38.717593699999995, 9.087565], [38.7194536, 9.087202900000001], [38.725838599999996, 9.0859596], [38.727101399999995, 9.085713799999999], [38.727444299999995, 9.0857499], [38.727680899999996, 9.0857747], [38.72816919999999, 9.0858261], [38.731262799999996, 9.086151599999999], [38.7317538, 9.086203299999998], [38.73320749999999, 9.086356199999999], [38.7333857, 9.086375], [38.73737, 9.086794099999999], [38.73752940000001, 9.0868109], [38.7380201, 9.086862499999999], [38.7389936, 9.0871406], [38.7390446, 9.087155199999998], [38.7397342, 9.087352100000002], [38.7401909, 9.0874826], [38.740800099999994, 9.087656599999999], [38.7411482, 9.087755999999999], [38.74880319999999, 9.089942299999997], [38.7488795, 9.0899641], [38.750059199999995, 9.090301100000001], [38.7504665, 9.0904174], [38.7508564, 9.090528699999998], [38.752387399999996, 9.0915029], [38.752459, 9.091548500000002], [38.752722899999995, 9.0917163], [38.7529085, 9.091834500000001], [38.7549175, 9.0931128], [38.7592901, 9.0958949], [38.765214199999996, 9.0981503], [38.765769399999996, 9.0981544], [38.765945200000004, 9.098155700000001], [38.7674133, 9.098166500000001], [38.7675237, 9.0981673], [38.768545800000005, 9.098174799999999], [38.7706423, 9.098190299999999], [38.7712468, 9.098194699999999], [38.7723534, 9.0974703], [38.7726641, 9.097266899999997], [38.7733418, 9.096823200000001], [38.7781868, 9.093651500000002], [38.7788239, 9.092876300000002], [38.7788616, 9.0928304], [38.778988, 9.092676700000002], [38.780843499999996, 9.0904189], [38.784369600000005, 9.086128500000001], [38.791311799999995, 9.077681499999999], [38.795967, 9.0781564], [38.7999635, 9.078564100000001], [38.8051256, 9.0823292], [38.80609739999999, 9.0820574], [38.8061937, 9.082030399999999], [38.8078881, 9.081556500000001], [38.8081539, 9.081482199999998], [38.8100034, 9.0809649], [38.81337639999999, 9.0800214], [38.8142979, 9.0796862], [38.81728199999999, 9.078600499999999], [38.82413, 9.0761092], [38.82473619999999, 9.0758887], [38.832733499999996, 9.0771105], [38.8393967, 9.078128500000002], [38.8425696, 9.078613299999999], [38.8466954, 9.078349800000002], [38.84952749999999, 9.0781689], [38.850697, 9.0790356], [38.856751599999996, 9.083522499999997], [38.8682199, 9.0849085], [38.87222860000001, 9.0832634], [38.8754606, 9.081937100000001], [38.876320799999995, 9.081584099999997], [38.8767918, 9.080561900000001], [38.8773832, 9.0792785], [38.8790526, 9.075655800000002], [38.879110399999995, 9.0755303], [38.8819571, 9.068558699999997], [38.882976299999996, 9.060476999999999], [38.8829438, 9.0521054], [38.8831887, 9.0517222], [38.885483, 9.048132599999999], [38.8855272, 9.0480634], [38.885570699999995, 9.0479954], [38.8855992, 9.047950699999998], [38.8860026, 9.0473195], [38.8861274, 9.047124300000002], [38.886254799999996, 9.046925], [38.8863238, 9.046817], [38.886715599999995, 9.0462818], [38.890636799999996, 9.040925099999999], [38.890975700000006, 9.0404621], [38.8933438, 9.037226999999998], [38.8938157, 9.0362694], [38.8942587, 9.035370399999998], [38.896610900000006, 9.0305973], [38.8966598, 9.030497999999998], [38.90000209999999, 9.0223915], [38.90115960000001, 9.019584199999999], [38.9032956, 9.013976800000002], [38.9038064, 9.0126358], [38.9038721, 9.012463300000002], [38.9039552, 9.012245199999999], [38.9042695, 9.011419999999998], [38.905001000000006, 9.009499800000002], [38.9050053, 9.009450900000001], [38.9050429, 9.009023100000002], [38.905080999999996, 9.0085903], [38.905143599999995, 9.0078785], [38.905355, 9.0054748], [38.905546, 9.003304000000002], [38.90583279999999, 9.0000432], [38.906053799999995, 8.997531999999998], [38.9043387, 8.992156999999999], [38.904387899999996, 8.991452599999999], [38.9045863, 8.988611999999998], [38.904853599999996, 8.9847848], [38.904900399999995, 8.9841154], [38.9049628, 8.9838042], [38.9052789, 8.9822282], [38.90530289999999, 8.982108799999999], [38.905346699999996, 8.9818902], [38.905349, 8.9818791], [38.905353999999996, 8.9818541], [38.9062437, 8.9774187], [38.9040937, 8.969541999999999], [38.903741, 8.967621000000001], [38.90357770000001, 8.966731200000002], [38.90352999999999, 8.966471799999999], [38.9027847, 8.962411699999999], [38.89623479999999, 8.954837499999998], [38.9010989, 8.9461411], [38.900018599999996, 8.943872099999998], [38.8986066, 8.940906700000001], [38.8967592, 8.9370269], [38.8914235, 8.934332099999999], [38.882081, 8.9361971], [38.86949339999999, 8.939619599999999], [38.8614184, 8.9426771], [38.8596431, 8.941349599999999], [38.855555200000005, 8.938292900000002], [38.8608337, 8.932178], [38.8643124, 8.929986399999997], [38.867863400000005, 8.927749199999997], [38.8680702, 8.927618899999999], [38.86874280000001, 8.9271395], [38.8695103, 8.9265925], [38.8698269, 8.9263669], [38.8704959, 8.9258901], [38.87161150000001, 8.925094999999999], [38.8734922, 8.9237547], [38.8742431, 8.9230687], [38.878950599999996, 8.918767899999999], [38.8794471, 8.9183142], [38.879437599999996, 8.918289999999997], [38.877183599999995, 8.9125269], [38.87330939999999, 8.905095], [38.8737644, 8.9040822], [38.8774916, 8.8957872], [38.8740528, 8.8894694], [38.873412, 8.888292299999998], [38.87261110000001, 8.8866107], [38.8722608, 8.8858753], [38.8703082, 8.881776000000002], [38.8702327, 8.8816177], [38.8698313, 8.880774900000002], [38.8697133, 8.8799554], [38.86871709999999, 8.873035699999999], [38.8639182, 8.8826323], [38.863808999999996, 8.8828506], [38.858388, 8.883638299999998], [38.8550719, 8.8825007], [38.852982100000006, 8.881783700000002], [38.8470774, 8.8800201], [38.8406879, 8.8798516], [38.835180799999996, 8.882039299999999], [38.8347663, 8.882203899999999], [38.8339061, 8.8825456], [38.833884299999994, 8.882554299999999], [38.8329837, 8.882912000000001], [38.8260014, 8.880187299999998], [38.8260425, 8.8799007], [38.8269058, 8.873876899999999], [38.82693599999999, 8.873665899999999], [38.8294097, 8.8687822], [38.8270464, 8.863258], [38.826924600000005, 8.862364399999999], [38.826277399999995, 8.857618], [38.8239077, 8.8527583], [38.82388889999999, 8.851189200000002], [38.82388379999999, 8.8507622], [38.8238321, 8.8464486], [38.82439299999999, 8.8413323], [38.81749, 8.839293099999999], [38.814087199999996, 8.839790299999999], [38.813704099999995, 8.8398462], [38.8131736, 8.8399237], [38.8128757, 8.8399673], [38.8125472, 8.8400153], [38.812076999999995, 8.8398305], [38.81067399999999, 8.8392791], [38.809247299999996, 8.838718400000001], [38.80568939999999, 8.837320199999999], [38.805496399999996, 8.8372443], [38.805427699999996, 8.837211699999997], [38.8035188, 8.836304799999999], [38.802644799999996, 8.8358896], [38.802604699999996, 8.835870600000002], [38.797722300000004, 8.833551], [38.7975839, 8.833485300000001], [38.7964011, 8.8339728], [38.7953737, 8.834396299999998], [38.793292099999995, 8.835254299999999], [38.7926539, 8.835517299999998], [38.7920248, 8.835776599999999], [38.791311, 8.8357107], [38.7908176, 8.835665200000001], [38.7887026, 8.835469999999999], [38.78665350000001, 8.8352809], [38.7807118, 8.8359072], [38.7805949, 8.8359196], [38.7804734, 8.8362429], [38.778841299999996, 8.840589099999999], [38.7783832, 8.841808799999999], [38.777465299999996, 8.852425], [38.7773835, 8.8525172], [38.77625199999999, 8.853792599999998], [38.77531119999999, 8.854853], [38.774704799999995, 8.8555365], [38.77308070000001, 8.8573671], [38.7729918, 8.857467399999999], [38.7667901, 8.855377500000001], [38.761558699999995, 8.853614499999999], [38.756465, 8.8532406], [38.754117099999995, 8.8585933], [38.7455176, 8.863423699999998], [38.745256399999995, 8.868422899999999], [38.7452006, 8.8694904], [38.7472947, 8.877159], [38.744433699999995, 8.8794098], [38.743159399999996, 8.8804124], [38.7444256, 8.8916557], [38.744476999999996, 8.8921113], [38.7444181, 8.892805999999998], [38.7440706, 8.896907100000002], [38.7440187, 8.897519100000002], [38.7438755, 8.8992089], [38.7437664, 8.900496700000001], [38.7437489, 8.9007027], [38.743711999999995, 8.901138099999999], [38.7435894, 8.9025856], [38.7365163, 8.901290600000001], [38.731406, 8.904857999999999], [38.7310722, 8.9050909], [38.730989199999996, 8.9052151], [38.73059130000001, 8.905809999999999], [38.727456499999995, 8.9104964], [38.72744610000001, 8.9105118], [38.7273417, 8.910668], [38.727224, 8.910843999999999], [38.727217599999996, 8.910850199999999], [38.724540000000005, 8.913425], [38.7238138, 8.9141234], [38.7233374, 8.914581499999999], [38.720587, 8.917947499999999], [38.7202941, 8.918306000000001], [38.7198186, 8.918887899999998], [38.7197233, 8.9190046], [38.7195346, 8.919235500000001], [38.71914230000001, 8.919715599999998], [38.7189458, 8.9197376], [38.7172467, 8.9199278], [38.713799, 8.920313700000001], [38.7124321, 8.920466799999998], [38.7084279, 8.920914999999999], [38.7029377, 8.924919599999999], [38.7026074, 8.925160599999998]]]}}, {"type": "Feature", "properties": {"region": "Afar", "source_region": "Afar", "source_reg_pcode": "ET02", "analytical_region": true, "source_polygon_n": 49}, "geometry": {"type": "Polygon", "coordinates": [[[40.1682702, 8.9613541], [40.161694399999995, 8.9485839], [40.157890599999995, 8.9418886], [40.1563747, 8.9392202], [40.15365589999999, 8.9344346], [40.15224939999999, 8.931958999999999], [40.14603499999999, 8.9248076], [40.1409093, 8.918909], [40.133479, 8.9104721], [40.1300555, 8.9065847], [40.1205391, 8.8957791], [40.1173226, 8.8918845], [40.105028999999995, 8.876999099999999], [40.09755529999999, 8.866472800000002], [40.0963645, 8.8647956], [40.0950993, 8.863013500000001], [40.094496899999996, 8.8621652], [40.089978900000006, 8.8586692], [40.0809688, 8.8513492], [40.0669537, 8.843969299999998], [40.0511887, 8.840629299999998], [40.0403486, 8.8411093], [40.037738, 8.841747], [40.0242186, 8.845049399999999], [40.0104085, 8.856089400000002], [40.010918600000004, 8.8707794], [40.0192687, 8.889129300000002], [40.0199816, 8.8898444], [40.03661879999999, 8.906529299999999], [40.03667610000001, 8.9067677], [40.0405888, 8.923049299999999], [40.043878899999996, 8.9423192], [40.051099, 8.9613592], [40.047459, 8.9778892], [40.034819, 8.9944492], [40.021929, 9.002279300000001], [39.999558900000004, 9.0071593], [39.9681687, 9.003559400000002], [39.9476286, 9.003599399999997], [39.9490487, 9.0134694], [39.9518687, 9.029989399999998], [39.9424587, 9.047689399999998], [39.9283987, 9.0541495], [39.918748699999995, 9.0684095], [39.9156087, 9.0973395], [39.910038799999995, 9.125249499999999], [39.9090188, 9.1317995], [39.8984188, 9.1389395], [39.8776587, 9.1447295], [39.8644886, 9.141079600000001], [39.849008500000004, 9.1381296], [39.8390785, 9.138379600000002], [39.8333085, 9.1374796], [39.8240684, 9.136809699999997], [39.822735, 9.136710299999999], [39.81742069999999, 9.1363142], [39.816435899999995, 9.144308899999999], [39.8163417, 9.1450734], [39.81633, 9.1451687], [39.8152237, 9.1541502], [39.8162242, 9.1615788], [39.813013299999994, 9.171110400000002], [39.8146209, 9.1723064], [39.83611760000001, 9.1882994], [39.8406139, 9.1928273], [39.8411873, 9.1935235], [39.8477672, 9.201510899999999], [39.853504699999995, 9.2108126], [39.8652899, 9.219553099999999], [39.8730297, 9.2272924], [39.873228499999996, 9.233576300000001], [39.8702252, 9.2361157], [39.862955299999996, 9.242262600000002], [39.8570054, 9.2700741], [39.885988999999995, 9.269359399999999], [39.8684365, 9.293756199999999], [39.8661606, 9.296919599999999], [39.8599983, 9.307126199999999], [39.849382299999995, 9.3118489], [39.8441363, 9.3141827], [39.8409497, 9.3143598], [39.8402343, 9.3143995], [39.8338573, 9.3147539], [39.8276591, 9.3124234], [39.822631699999995, 9.310133100000002], [39.816713, 9.307667600000002], [39.8054424, 9.3062582], [39.789141199999996, 9.3042196], [39.7870449, 9.306919899999997], [39.7857463, 9.306922799999999], [39.7839257, 9.307642399999999], [39.7819113, 9.308438599999999], [39.778879499999995, 9.3098639], [39.7770977, 9.311463799999999], [39.774872099999996, 9.3142173], [39.773985499999995, 9.316967900000002], [39.7737228, 9.3192738], [39.7731925, 9.321668999999998], [39.77290180000001, 9.3260049], [39.7728578, 9.3266619], [39.7727386, 9.3274565], [39.7724554, 9.330137299999999], [39.7717847, 9.331909600000001], [39.7709669, 9.332509600000002], [39.7702503, 9.335311], [39.770012799999996, 9.336843000000002], [39.7690701, 9.3376688], [39.768363199999996, 9.338038499999998], [39.766791600000005, 9.3390703], [39.766280699999996, 9.3393028], [39.7658505, 9.339688200000001], [39.76497570000001, 9.3402625], [39.764559899999995, 9.340652100000002], [39.764406199999996, 9.340704299999999], [39.7641713, 9.340784], [39.7641943, 9.340989000000002], [39.76419489999999, 9.3409942], [39.764180200000006, 9.341008], [39.7625293, 9.342554900000001], [39.761432299999996, 9.3427658], [39.7587073, 9.346935499999999], [39.7584861, 9.348658900000002], [39.7581686, 9.3511335], [39.759174699999996, 9.353173499999999], [39.758866499999996, 9.3534809], [39.7582172, 9.354056599999998], [39.757713, 9.3548473], [39.7569917, 9.3555668], [39.756198999999995, 9.356645300000002], [39.75518889999999, 9.357509], [39.7545407, 9.358587199999999], [39.7541082, 9.359162399999999], [39.7535312, 9.359738], [39.7530989, 9.360384999999999], [39.7525943, 9.3610322], [39.7520172, 9.361535899999998], [39.7517296, 9.362254499999999], [39.7516584, 9.3627571], [39.750865999999995, 9.364051], [39.75020219999999, 9.365679199999999], [39.749826299999995, 9.369214999999999], [39.77032589999999, 9.3695126], [39.7914789, 9.3698196], [39.7871144, 9.3877235], [39.785192599999995, 9.395607100000001], [39.7987512, 9.399384999999999], [39.7997997, 9.3996771], [39.8072225, 9.412841], [39.821455799999995, 9.4174402], [39.828766900000005, 9.4144515], [39.85677369999999, 9.403422700000002], [39.86662829999999, 9.3999349], [39.8728918, 9.3977636], [39.8786458, 9.4004106], [39.8744077, 9.4077519], [39.8746416, 9.4135057], [39.8714124, 9.441606499999999], [39.873097, 9.446841000000001], [39.8725258, 9.459261299999998], [39.8565075, 9.473497], [39.8478312, 9.481207699999999], [39.8463413, 9.484199199999997], [39.83752580000001, 9.5018991], [39.8470984, 9.510716300000002], [39.8479115, 9.525209399999998], [39.8573242, 9.5470848], [39.8567681, 9.5564986], [39.8536097, 9.5591772], [39.8475786, 9.5642921], [39.848585099999994, 9.564744], [39.853634799999995, 9.5670111], [39.8643667, 9.571373999999999], [39.8656788, 9.571907399999999], [39.867849799999995, 9.5727899], [39.8683726, 9.5730025], [39.8771466, 9.576569400000002], [39.877870699999995, 9.582964300000002], [39.8799047, 9.5886291], [39.8814796, 9.593015200000002], [39.882415, 9.600131200000002], [39.882781800000004, 9.6029219], [39.8829925, 9.604524399999999], [39.8832107, 9.6061842], [39.88330539999999, 9.606904599999998], [39.883795500000005, 9.610633300000002], [39.879328, 9.624249899999999], [39.873977599999996, 9.632793900000001], [39.869135799999995, 9.640525799999999], [39.861597599999996, 9.651589999999999], [39.85766259999999, 9.6551519], [39.8575842, 9.655481599999998], [39.8571879, 9.657148699999999], [39.8564874, 9.6600954], [39.8499191, 9.6877254], [39.85267849999999, 9.6986818], [39.848452699999996, 9.708696999999999], [39.8483176, 9.708912399999999], [39.8443304, 9.715267299999999], [39.8391276, 9.723559800000002], [39.84509549999999, 9.736269199999999], [39.8484723, 9.744995], [39.849208100000006, 9.7468965], [39.8497741, 9.748358999999999], [39.850097, 9.748559199999999], [39.85658019999999, 9.752578999999999], [39.8621403, 9.753959], [39.87580030000001, 9.752809], [39.9181605, 9.7417589], [39.923720499999995, 9.7401489], [39.9320506, 9.736918900000001], [39.938760599999995, 9.7348488], [39.9440806, 9.733238799999999], [39.9489406, 9.731398800000001], [39.9539833, 9.7303973], [39.9547307, 9.7302488], [39.965959, 9.729900599999999], [39.9735307, 9.7292288], [40.009369799999995, 9.7328567], [40.013766700000005, 9.7375676], [40.005915099999996, 9.741022300000001], [40.001832199999996, 9.747931800000002], [39.991154, 9.7567256], [39.9934291, 9.763605], [40.0044432, 9.777271700000002], [40.0080734, 9.781776099999998], [40.007788700000006, 9.786331200000001], [40.007639399999995, 9.7887203], [40.0044567, 9.7952304], [40.0110254, 9.8185568], [40.017490699999996, 9.820008099999999], [40.027798399999995, 9.8299024], [40.0346607, 9.8418481], [40.035206699999996, 9.842798499999999], [40.0526706, 9.842197299999997], [40.070692799999996, 9.857416599999999], [40.058430099999995, 9.864338999999998], [40.0635591, 9.9024131], [40.0635921, 9.9024266], [40.069378799999996, 9.904797799999997], [40.0778245, 9.905461899999997], [40.0856393, 9.926274500000002], [40.08884249999999, 9.9348055], [40.0804228, 9.9483906], [40.078963699999996, 9.949571299999999], [40.0721605, 9.955076400000001], [40.0672721, 9.9600703], [40.0662154, 9.9662674], [40.0589053, 9.977105199999999], [40.0431594, 9.991030499999999], [40.0319524, 9.994487], [40.00980829999999, 9.991180800000002], [40.000419199999996, 9.992906], [39.9924098, 9.9933087], [39.961105499999995, 9.994097199999999], [39.9473542, 9.993374800000002], [39.92968909999999, 10.005838099999998], [39.9302507, 10.006170000000001], [39.9311207, 10.0065504], [39.931762299999995, 10.007020599999999], [39.931065399999994, 10.0125326], [39.931264, 10.0144463], [39.930214899999996, 10.013962000000001], [39.9285381, 10.0131879], [39.92734819999999, 10.0126387], [39.925516200000004, 10.013553100000001], [39.9246993, 10.0140962], [39.9416199, 10.043069899999999], [39.9434447, 10.059189899999998], [39.93678510000001, 10.06221], [39.933541999999996, 10.071673800000001], [39.9272748, 10.0899626], [39.948171699999996, 10.084464100000002], [39.969169699999995, 10.084939799999999], [39.9801784, 10.0878519], [39.98895079999999, 10.088315099999999], [39.9935628, 10.076897599999999], [40.008007000000006, 10.0756924], [40.024008599999995, 10.074357299999999], [40.0474154, 10.0768042], [40.06902489999999, 10.0790616], [40.10715080000001, 10.07118], [40.1325849, 10.0710935], [40.153666099999995, 10.086916399999998], [40.1581457, 10.0902786], [40.150272799999996, 10.109551300000001], [40.1370571, 10.1450377], [40.128993699999995, 10.173546199999999], [40.1361628, 10.193339], [40.1433882, 10.2132842], [40.14986880000001, 10.233329599999998], [40.155579599999996, 10.2574107], [40.1466597, 10.2772171], [40.157497899999996, 10.2853654], [40.160385700000006, 10.300797700000002], [40.1599356, 10.3084878], [40.16002840000001, 10.338084], [40.15909429999999, 10.356278900000001], [40.160745000000006, 10.362550700000002], [40.16305739999999, 10.3748041], [40.1634402, 10.3815089], [40.1636399, 10.4123638], [40.161587999999995, 10.435340499999999], [40.1529014, 10.4392858], [40.152015299999995, 10.4514379], [40.1510916, 10.464106400000002], [40.151057099999996, 10.464579400000002], [40.15076010000001, 10.468652700000002], [40.1506324, 10.4704043], [40.1480154, 10.4877979], [40.147935600000004, 10.4883286], [40.1473574, 10.492170699999999], [40.1473403, 10.4922842], [40.1465409, 10.497596800000002], [40.1434816, 10.5179277], [40.1417815, 10.5292242], [40.14018209999999, 10.5398517], [40.1374481, 10.5580167], [40.1353558, 10.5719172], [40.1316017, 10.5968571], [40.1284963, 10.617484700000002], [40.121253599999996, 10.656044299999998], [40.1190704, 10.669583000000001], [40.1145101, 10.6978635], [40.110782, 10.7157176], [40.1090766, 10.7238846], [40.102545899999996, 10.739684200000001], [40.102610899999995, 10.755046199999997], [40.1084235, 10.7638255], [40.1146911, 10.765233400000001], [40.122031299999996, 10.7681724], [40.1283533, 10.7735049], [40.1332172, 10.778656799999998], [40.1404235, 10.782155699999999], [40.166695399999995, 10.8050483], [40.1640884, 10.828607900000002], [40.167107699999995, 10.834037000000002], [40.1680657, 10.842075399999999], [40.166952699999996, 10.847467199999999], [40.1670076, 10.847944300000002], [40.169951600000005, 10.873524699999999], [40.175857199999996, 10.8777825], [40.1785098, 10.8843268], [40.18050160000001, 10.8968619], [40.157015699999995, 10.896157100000002], [40.149311, 10.895796100000002], [40.13294309999999, 10.9151613], [40.1237715, 10.937639200000001], [40.1441284, 10.952115], [40.1475778, 10.957939300000001], [40.1511685, 10.9646329], [40.1540736, 10.971609400000002], [40.1690021, 11.001571799999999], [40.17279779999999, 11.0070215], [40.1757948, 11.0112907], [40.1814495, 11.0190658], [40.18693899999999, 11.025342799999999], [40.1931804, 11.0478656], [40.19439579999999, 11.0580362], [40.195512799999996, 11.0682248], [40.193796400000004, 11.0963672], [40.2124379, 11.108908099999999], [40.2098841, 11.117318599999999], [40.2068468, 11.1273205], [40.203787399999996, 11.1373949], [40.2015479, 11.1447687], [40.2012898, 11.145618699999998], [40.2000411, 11.149730099999998], [40.197901099999996, 11.156775999999999], [40.19599799999999, 11.163041699999999], [40.1942618, 11.1687576], [40.1921683, 11.175649499999999], [40.190320099999994, 11.1817338], [40.188604399999996, 11.187381499999997], [40.1860938, 11.195645699999998], [40.184970799999995, 11.199342], [40.1833752, 11.2045941], [40.18045409999999, 11.2142084], [40.172875999999995, 11.239979600000002], [40.154643199999995, 11.2504458], [40.1456198, 11.255625600000002], [40.142476699999996, 11.2616497], [40.1394647, 11.267237300000001], [40.13488110000001, 11.2740473], [40.128464, 11.285266199999997], [40.1255812, 11.291505099999998], [40.1255393, 11.2915959], [40.1228037, 11.296106700000001], [40.11524120000001, 11.3038869], [40.102577600000004, 11.316914899999999], [40.079004700000006, 11.322502600000002], [40.07123440000001, 11.325645599999998], [40.06495629999999, 11.337759199999999], [40.06573410000001, 11.3492184], [40.0672184, 11.360568200000001], [40.0687026, 11.367203499999997], [40.070186899999996, 11.3736642], [40.0680043, 11.4080629], [40.0663341, 11.428689199999999], [40.06663799999999, 11.4321061], [40.067007600000004, 11.436261900000002], [40.0670645, 11.4429246], [40.064296999999996, 11.456169200000001], [40.0638756, 11.458186399999999], [40.0629644, 11.463881099999998], [40.0628769, 11.464318600000002], [40.0609144, 11.474131499999997], [40.05886429999999, 11.4791429], [40.054877999999995, 11.4876849], [40.0467338, 11.499074700000001], [40.0240127, 11.5308507], [40.009434299999995, 11.5540851], [40.0064731, 11.558640900000002], [39.993314100000006, 11.583797299999999], [39.9925445, 11.5974104], [39.9952383, 11.604096700000001], [39.997451, 11.612226], [40.015285500000005, 11.645552499999997], [39.9941132, 11.6811578], [39.9696557, 11.6644808], [39.95003090000001, 11.682392100000001], [39.92703949999999, 11.698613499999999], [39.923946099999995, 11.700795999999997], [39.919319099999996, 11.707245799999999], [39.9114672, 11.718042200000001], [39.907260799999996, 11.7265952], [39.9022131, 11.736550300000001], [39.8917061, 11.7520525], [39.8851072, 11.761788700000002], [39.8792182, 11.767397199999998], [39.8748716, 11.778754500000002], [39.8742533, 11.784186799999999], [39.8742435, 11.7842725], [39.873609699999996, 11.790953], [39.8734696, 11.7985595], [39.8745913, 11.8233421], [39.8779566, 11.858395300000002], [39.87809680000001, 11.863583099999998], [39.87809689999999, 11.882651999999998], [39.878522, 11.884002299999999], [39.880480600000006, 11.890223499999998], [39.8871002, 11.905738200000002], [39.885812200000004, 11.913864199999999], [39.8841933, 11.9212832], [39.8833653, 11.926591199999999], [39.8806193, 11.9488572], [39.878741399999996, 11.9633262], [39.8765469, 11.974361199999999], [39.873593400000004, 11.9823392], [39.8704499, 11.9896107], [39.866738399999996, 11.9951882], [39.864833399999995, 12.001102199999998], [39.86330189999999, 12.0063122], [39.86139800000001, 12.0126026], [39.8579285, 12.020577600000001], [39.854626700000004, 12.027999000000001], [39.854109, 12.029162599999996], [39.852484100000005, 12.0321382], [39.849935, 12.0368061], [39.84594699999999, 12.044027199999999], [39.8412625, 12.053548200000002], [39.84350250000001, 12.0653081], [39.8597867, 12.083331], [39.861724699999996, 12.088369], [39.843836100000004, 12.094562999999999], [39.828600599999994, 12.099837099999998], [39.8191516, 12.1234381], [39.8168067, 12.138656099999999], [39.8128287, 12.1566401], [39.8104607, 12.164385099999999], [39.80710169999999, 12.1703871], [39.7998608, 12.194985100000002], [39.8026768, 12.210929999999998], [39.80362589999999, 12.229687], [39.807547, 12.238868900000002], [39.8112876, 12.239165700000001], [39.8275791, 12.2404579], [39.82572429999999, 12.255511199999997], [39.82561109999999, 12.2564299], [39.8253272, 12.270998899999999], [39.8243302, 12.282227800000001], [39.8236552, 12.2916248], [39.8247369, 12.317740800000001], [39.819009699999995, 12.3227956], [39.817611299999996, 12.3240298], [39.8176157, 12.330993099999999], [39.8176226, 12.341872400000002], [39.8308763, 12.357500499999999], [39.829313500000005, 12.3656515], [39.8252701, 12.3723043], [39.82409169999999, 12.377291599999998], [39.82304309999999, 12.383922000000002], [39.8219004, 12.386152899999999], [39.819932, 12.3899958], [39.8209531, 12.3951845], [39.81492920000001, 12.407061899999999], [39.8216141, 12.414835499999999], [39.830490700000006, 12.428917499999999], [39.8333678, 12.4334819], [39.839002900000004, 12.438965399999999], [39.8474732, 12.449206299999998], [39.863112699999995, 12.463346], [39.882572499999995, 12.457662599999997], [39.88205000000001, 12.466955599999999], [39.871260199999995, 12.4688128], [39.8662859, 12.472624300000001], [39.88106570000001, 12.484460799999999], [39.868181899999996, 12.494316999999999], [39.8634518, 12.506289299999999], [39.861687100000005, 12.517505499999999], [39.8636452, 12.523721600000002], [39.86319580000001, 12.5314486], [39.8523705, 12.5474217], [39.8491873, 12.547235899999999], [39.840548899999995, 12.5467318], [39.8327641, 12.549890999999997], [39.825906599999996, 12.560954400000002], [39.82682560000001, 12.571970499999999], [39.818197999999995, 12.579140899999999], [39.815478299999995, 12.581401200000002], [39.81275639999999, 12.585899399999999], [39.8067367, 12.596283099999999], [39.8088688, 12.6033995], [39.8187025, 12.618753499999997], [39.824337799999995, 12.622538299999999], [39.826737, 12.625987199999997], [39.832573499999995, 12.634377599999999], [39.8317061, 12.635438300000002], [39.823340099999996, 12.645668800000001], [39.8200778, 12.658827299999999], [39.8224924, 12.6733888], [39.8235889, 12.6795677], [39.8261043, 12.6937414], [39.834953399999996, 12.7067287], [39.8394139, 12.7132744], [39.8497458, 12.717812], [39.8676056, 12.723737700000001], [39.869782, 12.7339191], [39.888647899999995, 12.7557757], [39.899049, 12.762307999999997], [39.9092172, 12.7645881], [39.9195762, 12.7668897], [39.9275571, 12.767072700000002], [39.9427078, 12.7714787], [39.9536789, 12.778177999999999], [39.963275100000004, 12.782183899999998], [39.9779829, 12.792190899999998], [39.97258059999999, 12.797360500000002], [39.970650299999996, 12.805169999999997], [39.96950859999999, 12.8141263], [39.9654834, 12.8218834], [39.9608143, 12.8286482], [39.9561763, 12.832506899999998], [39.9525383, 12.836919799999999], [39.9506356, 12.841689400000002], [39.948622699999994, 12.8474071], [39.9454931, 12.853229699999998], [39.9411809, 12.861272899999998], [39.9348141, 12.8675822], [39.9293583, 12.874393], [39.929261, 12.8815051], [39.9252044, 12.893767399999998], [39.9202908, 12.898490599999999], [39.9165686, 12.904636199999999], [39.9118019, 12.909690900000001], [39.90643490000001, 12.914339799999999], [39.904247399999996, 12.9217544], [39.898175599999995, 12.926062000000002], [39.88638609999999, 12.930909899999998], [39.879649500000006, 12.935393699999999], [39.8727741, 12.942250099999999], [39.8726207, 12.942546799999997], [39.87244369999999, 12.942889199999998], [39.87184570000001, 12.944045599999997], [39.8696663, 12.948259900000002], [39.866732799999994, 12.9539327], [39.862363699999996, 12.9620216], [39.860010200000005, 12.9696324], [39.8610549, 12.977321199999999], [39.86150509999999, 12.9866972], [39.861757999999995, 12.993831400000001], [39.8603777, 13.0036195], [39.8622125, 13.011486499999998], [39.86305889999999, 13.019703699999997], [39.8604854, 13.028367499999998], [39.857987699999995, 13.036156700000001], [39.8536243, 13.042721299999998], [39.85073049999999, 13.0479003], [39.847955199999994, 13.052805899999997], [39.8456566, 13.059152099999999], [39.841998499999995, 13.067976700000001], [39.83843710000001, 13.077092], [39.8350635, 13.082977699999999], [39.8331958, 13.0885608], [39.833165199999996, 13.097424700000001], [39.8324578, 13.1065097], [39.831223099999995, 13.1125419], [39.829250300000005, 13.1180671], [39.82767749999999, 13.122562099999998], [39.827163299999995, 13.1240318], [39.8242966, 13.1319527], [39.820946500000005, 13.138659700000002], [39.81563599999999, 13.1461877], [39.8119471, 13.1551574], [39.8103894, 13.163934399999999], [39.810108199999995, 13.169720599999998], [39.809171, 13.176686199999999], [39.8070847, 13.183144099999998], [39.80582150000001, 13.1856363], [39.803772099999996, 13.189679799999999], [39.8047575, 13.1961887], [39.806909499999996, 13.202403399999998], [39.8069452, 13.2025066], [39.807939999999995, 13.209261699999999], [39.8085329, 13.2171739], [39.8005832, 13.219150999999998], [39.80021, 13.2211973], [39.7997382, 13.223784699999998], [39.79905670000001, 13.2275213], [39.798794099999995, 13.227975500000001], [39.7976892, 13.229886599999999], [39.7958794, 13.233016699999999], [39.791215199999996, 13.239491899999999], [39.787225, 13.2456303], [39.785092899999995, 13.251956600000002], [39.7852046, 13.2571828], [39.785749100000004, 13.262705], [39.7835973, 13.2664305], [39.78198559999999, 13.2692208], [39.77737849999999, 13.275160900000001], [39.772223499999996, 13.2801516], [39.7673152, 13.285269], [39.762420399999996, 13.283453199999999], [39.7586484, 13.2788999], [39.754345300000004, 13.2798047], [39.753476500000005, 13.279987399999998], [39.7480451, 13.2816804], [39.7417837, 13.2825814], [39.7363572, 13.286233600000001], [39.7359009, 13.286540699999998], [39.730050399999996, 13.2865773], [39.7249718, 13.288338099999999], [39.7197232, 13.294554199999999], [39.724361200000004, 13.3029661], [39.728499000000006, 13.3087986], [39.735012399999995, 13.314301599999999], [39.737746699999995, 13.3210944], [39.736455500000005, 13.3273025], [39.7387641, 13.332886], [39.739518800000006, 13.338911399999999], [39.7402795, 13.345695599999999], [39.741704399999996, 13.3512876], [39.742180399999995, 13.357488900000002], [39.740033700000005, 13.363254399999999], [39.73601430000001, 13.3680693], [39.7316937, 13.373320200000002], [39.7295224, 13.378807799999997], [39.73605680000001, 13.3769545], [39.7457589, 13.374121299999999], [39.741284199999996, 13.3821955], [39.7435508, 13.3889374], [39.7416057, 13.3940429], [39.7383429, 13.399575999999998], [39.733948, 13.4030691], [39.7324479, 13.4096038], [39.7300052, 13.4159176], [39.72774239999999, 13.4222284], [39.7260382, 13.4319048], [39.726045899999995, 13.434446000000001], [39.72606629999999, 13.441201900000001], [39.7242065, 13.450533799999999], [39.7213754, 13.4654405], [39.719517499999995, 13.475681], [39.7205096, 13.486852599999999], [39.7224351, 13.4989595], [39.723424699999995, 13.5091919], [39.728213000000004, 13.5166271], [39.7291656, 13.5240736], [39.73394520000001, 13.528694499999999], [39.733999, 13.528867499999999], [39.739727699999996, 13.5472998], [39.7396423, 13.5522785], [39.739455799999995, 13.563148299999998], [39.7445472, 13.570811599999999], [39.746406199999996, 13.570825999999995], [39.7491053, 13.5708469], [39.75506490000001, 13.570893], [39.7630321, 13.571271], [39.7729068, 13.566882399999999], [39.7835745, 13.5633828], [39.78821920000001, 13.560282599999999], [39.793824, 13.555723999999998], [39.8038357, 13.553724999999998], [39.811626499999996, 13.5555459], [39.81626349999999, 13.5577708], [39.8224002, 13.556799099999996], [39.83579889999999, 13.555326699999998], [39.84340470000001, 13.556503399999999], [39.8532783, 13.5540916], [39.8639072, 13.548160800000002], [39.863389999999995, 13.5583559], [39.8653254, 13.5637058], [39.8670507, 13.575096000000002], [39.8675715, 13.583809200000001], [39.865476300000005, 13.590311599999998], [39.8654983, 13.5961693], [39.86495370000001, 13.602666099999999], [39.8695586, 13.6095054], [39.8687322, 13.615330000000002], [39.8687016, 13.620478600000002], [39.866788299999996, 13.6259712], [39.8664509, 13.6269397], [39.867728, 13.634920400000002], [39.8685538, 13.6435387], [39.8677481, 13.649519199999999], [39.8674226, 13.658280999999999], [39.8702736, 13.665839799999999], [39.87622210000001, 13.680254000000001], [39.877652700000006, 13.688772], [39.8774951, 13.6975606], [39.8776686, 13.705977400000002], [39.874553899999995, 13.710478199999995], [39.87408990000001, 13.7221698], [39.875999900000004, 13.738208], [39.8840688, 13.748246199999999], [39.8741985, 13.749403899999997], [39.863768799999995, 13.7551098], [39.8573728, 13.7607237], [39.853197300000005, 13.766511099999999], [39.853012500000006, 13.7759282], [39.853733500000004, 13.786232699999998], [39.852933699999994, 13.7909781], [39.8522731, 13.7948979], [39.8483701, 13.799994499999999], [39.8415495, 13.8034956], [39.8374963, 13.809559200000002], [39.836296999999995, 13.8113535], [39.8337013, 13.821384], [39.836615099999996, 13.828941599999999], [39.8368143, 13.829276300000002], [39.83938469999999, 13.8335949], [39.842246300000006, 13.838402900000002], [39.841055399999995, 13.847112599999997], [39.83630319999999, 13.8541303], [39.8378468, 13.8642103], [39.8290222, 13.8685023], [39.828768600000004, 13.875015099999999], [39.82856299999999, 13.8802946], [39.828181199999996, 13.887951399999999], [39.829412399999995, 13.899620500000001], [39.833511400000006, 13.9078425], [39.83327870000001, 13.918403399999999], [39.8260915, 13.9213776], [39.8256061, 13.92657], [39.82791900000001, 13.931626399999999], [39.817633099999995, 13.9425811], [39.81257799999999, 13.9448609], [39.801657999999996, 13.945601900000002], [39.8045887, 13.949700100000001], [39.807469399999995, 13.953728300000002], [39.8127658, 13.9602162], [39.8156509, 13.968239500000001], [39.82313739999999, 13.9719075], [39.829201, 13.9742827], [39.835644099999996, 13.9756464], [39.847917599999995, 13.970564500000002], [39.8591644, 13.965772900000001], [39.85859369999999, 13.973186799999999], [39.869058, 13.9829234], [39.868489200000006, 13.9922417], [39.8740324, 13.999185599999999], [39.8791557, 14.003136], [39.88593699999999, 14.012203099999999], [39.882301000000005, 14.016060500000002], [39.8663247, 14.0215993], [39.8606617, 14.028231600000002], [39.8547299, 14.0309809], [39.849459700000004, 14.038635800000002], [39.8470824, 14.044208999999999], [39.84399700000001, 14.050258600000001], [39.8442836, 14.056091799999999], [39.8444809, 14.0601089], [39.8470685, 14.0715842], [39.8482685, 14.0779611], [39.8432354, 14.089869699999998], [39.8419498, 14.097038699999999], [39.8419357, 14.098657999999997], [39.8419054, 14.1021608], [39.8431079, 14.1093667], [39.841558899999995, 14.115097999999998], [39.8381535, 14.1265422], [39.8371146, 14.1417436], [39.8376248, 14.154198500000001], [39.826833199999996, 14.154952399999996], [39.819101200000006, 14.1534425], [39.80954810000001, 14.1516463], [39.7978051, 14.142528799999997], [39.790722699999996, 14.142543100000001], [39.7855843, 14.141232700000002], [39.7754214, 14.139065099999998], [39.76713300000001, 14.140043400000001], [39.758004799999995, 14.145147899999998], [39.7495413, 14.151798399999999], [39.7399992, 14.1538308], [39.738326699999995, 14.15413], [39.7314894, 14.1553533], [39.7209369, 14.157018400000002], [39.71504019999999, 14.156314], [39.7055769, 14.1583214], [39.7034916, 14.1587915], [39.7005068, 14.159464400000001], [39.6991331, 14.159774100000002], [39.6935761, 14.161445499999997], [39.681998500000006, 14.164686699999999], [39.6735213, 14.1777161], [39.664053800000005, 14.1811977], [39.659852, 14.1820038], [39.65776879999999, 14.182403500000001], [39.6499628, 14.188612399999998], [39.656431399999995, 14.192823800000001], [39.6583835, 14.198681700000002], [39.663890699999996, 14.196918799999999], [39.6646959, 14.197246999999999], [39.6722697, 14.2003347], [39.6762993, 14.207100899999999], [39.679932199999996, 14.2106918], [39.685722399999996, 14.2161764], [39.6878983, 14.231344499999999], [39.694087499999995, 14.241311399999999], [39.706474799999995, 14.2420626], [39.71828429999999, 14.240053699999997], [39.7327287, 14.2369494], [39.7422166, 14.234941699999998], [39.753049, 14.237048500000002], [39.7573041, 14.239843599999999], [39.7559128, 14.250040699999998], [39.7570311, 14.2637615], [39.7576057, 14.2771774], [39.7521193, 14.278259799999999], [39.742011100000006, 14.2812701], [39.7362283, 14.285956799999996], [39.73377240000001, 14.287947200000001], [39.733614700000004, 14.2880854], [39.729431999999996, 14.2917524], [39.7268372, 14.294027199999997], [39.7263923, 14.3007701], [39.726247699999995, 14.302962199999998], [39.733264399999996, 14.3065938], [39.7453314, 14.3086493], [39.75061559999999, 14.3128216], [39.762636, 14.318696200000002], [39.771334499999995, 14.319853799999999], [39.7792041, 14.330532199999999], [39.779705899999996, 14.335798199999997], [39.774870899999996, 14.351449900000002], [39.7726842, 14.362922200000002], [39.772048999999996, 14.373850700000002], [39.7775402, 14.3753346], [39.7876711, 14.378730299999999], [39.79599149999999, 14.3859819], [39.8009481, 14.387177699999999], [39.8088631, 14.3847244], [39.8199977, 14.382502400000002], [39.8275753, 14.382718499999998], [39.838065799999995, 14.380497400000003], [39.847412999999996, 14.3750453], [39.8546275, 14.373159000000001], [39.8531188, 14.367098799999999], [39.862778999999996, 14.368155699999999], [39.877678499999995, 14.3688283], [39.88348, 14.3703167], [39.88420500000001, 14.370502700000001], [39.8898943, 14.369146699999998], [39.89547100000001, 14.370581099999999], [39.9014801, 14.366675999999998], [39.90832470000001, 14.3653765], [39.916267399999995, 14.3702589], [39.9209614, 14.367813699999997], [39.926893699999994, 14.3653648], [39.9338177, 14.363396599999996], [39.9385137, 14.3614365], [39.9447012, 14.360927000000002], [39.95026939999999, 14.3604187], [39.9565088, 14.3624163], [39.967135999999996, 14.367629599999997], [39.9722224, 14.3701564], [39.9797777, 14.3709738], [39.985957899999995, 14.378227200000001], [39.9908437, 14.3819675], [39.990811199999996, 14.382039899999999], [39.988085299999995, 14.3881051], [39.9817341, 14.3937732], [39.9811462, 14.400812], [39.9795763, 14.409876], [39.9810842, 14.414884899999999], [39.983846799999995, 14.4236076], [39.9842563, 14.432340700000001], [39.985683300000005, 14.4327414], [40.0102179, 14.439631], [40.0281981, 14.457980899999999], [40.04320829999999, 14.4737408], [40.0552584, 14.4869007], [40.07530860000001, 14.4939506], [40.089048600000005, 14.490250599999998], [40.139919000000006, 14.498050300000001], [40.17298919999999, 14.490280199999997], [40.2225894, 14.478629999999995], [40.2684996, 14.453259899999999], [40.3309499, 14.424009700000001], [40.38467, 14.3897495], [40.406648, 14.3800937], [40.4445103, 14.363459299999997], [40.5455906, 14.301409], [40.6279878, 14.244860099999999], [40.65053089999999, 14.2293888], [40.6712965, 14.213191999999998], [40.667984700000005, 14.2113666], [40.6713501, 14.213150199999998], [40.83674140000001, 14.084148299999999], [40.9708517, 13.970048000000002], [41.01559170000001, 13.932477800000001], [41.0773019, 13.878547699999999], [41.0992053, 13.857176599999999], [41.168642000000006, 13.7894275], [41.19152199999999, 13.767837499999997], [41.2158721, 13.7475374], [41.2503721, 13.7127173], [41.2692646, 13.689142599999998], [41.29080210000001, 13.6622673], [41.3137021, 13.6302873], [41.3504121, 13.5973972], [41.3784621, 13.569927100000001], [41.418672199999996, 13.537497], [41.4397023, 13.519497], [41.459483, 13.501189499999999], [41.531222400000004, 13.433136799999996], [41.578092399999996, 13.3857267], [41.61168240000001, 13.347506599999999], [41.6509824, 13.3116665], [41.695452499999995, 13.2699564], [41.7373325, 13.2311863], [41.78642250000001, 13.175326299999998], [41.878682600000005, 13.089606100000001], [41.8841775, 13.0832032], [41.9221285, 13.038980599999999], [41.9304826, 13.029245999999999], [41.9725526, 12.9831659], [41.985992599999996, 12.958955900000001], [41.99778249999999, 12.934855899999997], [42.0102125, 12.9207159], [42.0205525, 12.9000459], [42.03378240000001, 12.8725259], [42.0426724, 12.8552759], [42.0502324, 12.843125899999999], [42.0564424, 12.8360459], [42.07043240000001, 12.820135899999999], [42.082862399999996, 12.805985799999998], [42.0954024, 12.793495799999999], [42.0956544, 12.7909882], [42.0964123, 12.783445799999997], [42.1135123, 12.763985799999999], [42.120943999999994, 12.757914399999999], [42.135692299999995, 12.745865799999999], [42.155792299999995, 12.7212257], [42.19598229999999, 12.671935699999999], [42.2097523, 12.6527057], [42.2189623, 12.6404356], [42.2270323, 12.6332956], [42.234132300000006, 12.623625599999997], [42.242382299999996, 12.6155656], [42.24994230000001, 12.6034156], [42.280262199999996, 12.5564356], [42.314161299999995, 12.5361689], [42.350738899999996, 12.517582699999998], [42.399719999999995, 12.469719999999999], [42.36611, 12.430280000000002], [42.339439999999996, 12.396939999999999], [42.32555, 12.35917], [42.30833, 12.30833], [42.29222, 12.29389], [42.25556, 12.26333], [42.16889, 12.13722], [42.12722, 12.09028], [42.05861, 11.975830000000002], [42.025079999999996, 11.926359999999999], [41.94861, 11.81667], [41.917454199999995, 11.793224199999997], [41.8960812, 11.7771403], [41.89139000000001, 11.773610000000001], [41.82902, 11.740969999999999], [41.80014339999999, 11.6452677], [41.79805, 11.638330000000002], [41.789443299999995, 11.608940100000002], [41.7779957, 11.5698493], [41.7690511, 11.539305399999998], [41.759859999999996, 11.507919999999999], [41.793749999999996, 11.380970000000001], [41.8034107, 11.315618200000001], [41.8084845, 11.2812951], [41.81194, 11.257920000000002], [41.80666, 11.16833], [41.80291, 11.09897], [41.802236199999996, 11.0795965], [41.800549999999994, 11.03111], [41.78971999999999, 11.008049999999999], [41.80832999999999, 10.985279999999998], [41.8117046, 10.983851399999999], [41.81075250000001, 10.9840152], [41.78950989999999, 10.9876687], [41.7859656, 10.988278300000001], [41.7701388, 10.9910003], [41.7689132, 10.9912111], [41.7633632, 10.9908711], [41.7604532, 10.9819411], [41.73954299999999, 10.9683312], [41.71761289999999, 10.9647813], [41.699542799999996, 10.969311399999999], [41.680832699999996, 10.963881500000001], [41.6341825, 10.9653016], [41.5954244, 10.962891999999998], [41.58223230000001, 10.9620718], [41.5184225, 10.965211799999999], [41.484071799999995, 10.966902200000002], [41.41008149999999, 10.9584725], [41.3922214, 10.966312499999999], [41.3485812, 10.962532699999997], [41.30028099999999, 10.964062899999998], [41.2804609, 10.960232899999998], [41.26942, 10.958096600000001], [41.2681608, 10.957852999999998], [41.2504337, 10.9342547], [41.2407505, 10.921363099999999], [41.2336004, 10.8911832], [41.231980300000004, 10.8636533], [41.2200601, 10.834463399999999], [41.207460000000005, 10.8203034], [41.1970257, 10.8052695], [41.1908799, 10.796413499999998], [41.166758, 10.7799379], [41.166429699999995, 10.7797136], [41.1492195, 10.7597648], [41.1427084, 10.753433099999999], [41.1427152, 10.753425900000002], [41.133109399999995, 10.7440838], [41.11486920000001, 10.720313899999999], [41.089979, 10.696973999999999], [41.0772689, 10.681154099999997], [41.0789889, 10.658844099999998], [41.0778888, 10.639474199999997], [41.0824488, 10.632514199999997], [41.08703870000001, 10.6005642], [41.0803286, 10.5743643], [41.0713084, 10.540984299999998], [41.06137830000001, 10.5166544], [41.056978199999996, 10.5002845], [41.0471481, 10.477624499999997], [41.0384479, 10.446554599999999], [41.03763850000001, 10.443543799999999], [41.0318478, 10.422004699999999], [41.0304377, 10.4004447], [41.015027499999995, 10.343174800000002], [41.0050974, 10.3188449], [40.9998272, 10.289215], [40.9985969, 10.2830748], [40.989947, 10.2399051], [40.97882679999999, 10.194675199999999], [40.978512599999995, 10.191795200000001], [40.974676699999996, 10.156645199999998], [40.953846399999996, 10.0957254], [40.9486863, 10.0677554], [40.9365561, 10.0352455], [40.946036, 10.001315499999999], [40.953475999999995, 9.987495500000001], [40.9600716, 9.979038400000002], [40.965806, 9.9716855], [40.9806561, 9.969045499999998], [40.998936199999996, 9.967835400000002], [41.0133562, 9.9599954], [41.0195662, 9.948825399999999], [41.0158725, 9.942514], [41.013936099999995, 9.939205399999997], [40.996556000000005, 9.9286955], [40.9787459, 9.911545600000002], [40.9466757, 9.880355699999997], [40.9130454, 9.8509358], [40.877535200000004, 9.818306], [40.8473349, 9.7903261], [40.82556479999999, 9.7634562], [40.80210379999999, 9.7277052], [40.80147449999999, 9.726746300000002], [40.7787489, 9.6921065], [40.7794911, 9.6916134], [40.7717879, 9.6794589], [40.76629409999999, 9.670790600000002], [40.7552021, 9.658328899999999], [40.7518938, 9.6546121], [40.7385234, 9.6250447], [40.733733300000004, 9.610136099999998], [40.725023, 9.593577499999999], [40.717722800000004, 9.5693197], [40.70220239999999, 9.536092700000001], [40.696182199999996, 9.502225700000002], [40.6966521, 9.4508102], [40.6968421, 9.449470300000002], [40.6961389, 9.4460651], [40.69356079999999, 9.444382899999999], [40.688893199999995, 9.438357], [40.6838231, 9.430747], [40.675543, 9.4175171], [40.659552899999994, 9.404307099999999], [40.6359728, 9.3959472], [40.6059627, 9.3910473], [40.5662625, 9.3877974], [40.52841229999999, 9.3854575], [40.4988221, 9.375047599999998], [40.47109119999999, 9.3548083], [40.4710219, 9.354757699999999], [40.4496718, 9.329627799999999], [40.4396425, 9.3189902], [40.427688700000004, 9.306311299999999], [40.427552899999995, 9.306167199999999], [40.425771600000004, 9.304277899999999], [40.423703599999996, 9.301572799999999], [40.40812150000001, 9.281187999999998], [40.392311299999996, 9.255108000000002], [40.391905400000006, 9.254451699999999], [40.3695311, 9.2182681], [40.34954090000001, 9.1871482], [40.327020700000006, 9.154658300000001], [40.30061059999999, 9.1281384], [40.271440299999995, 9.101398499999998], [40.2543102, 9.0860786], [40.2455002, 9.0748686], [40.2442701, 9.055598599999998], [40.246030100000006, 9.0354086], [40.24226, 9.013158699999998], [40.2378099, 8.997338699999998], [40.2223298, 8.987748700000001], [40.20204469999999, 8.9795038], [40.1945562, 8.9768416], [40.1874596, 8.974318799999999], [40.1743995, 8.967018899999998], [40.1698895, 8.9644989], [40.1693504, 8.963451800000001], [40.1682702, 8.9613541]]]}}, {"type": "Feature", "properties": {"region": "Amhara", "source_region": "Amhara", "source_reg_pcode": "ET03", "analytical_region": true, "source_polygon_n": 225}, "geometry": {"type": "Polygon", "coordinates": [[[36.6525807, 10.3264807], [36.6472656, 10.3331697], [36.6417876, 10.3390523], [36.6370076, 10.3466355], [36.629858, 10.349268900000002], [36.6246487, 10.3515196], [36.6175723, 10.3549683], [36.612133199999995, 10.3603045], [36.6054715, 10.364719999999998], [36.597661599999995, 10.365841399999999], [36.589488300000006, 10.368858300000001], [36.580135000000006, 10.366292900000001], [36.572865799999995, 10.3628762], [36.56460399999999, 10.3621234], [36.55675269999999, 10.3626724], [36.54853670000001, 10.3608809], [36.5392449, 10.3649794], [36.535941099999995, 10.371863899999997], [36.532539, 10.3759539], [36.5311818, 10.3821092], [36.52669559999999, 10.3886604], [36.522908099999995, 10.394191000000001], [36.5204962, 10.3995596], [36.5204458, 10.405939700000001], [36.52263189999999, 10.408702700000001], [36.523653800000005, 10.409994099999997], [36.5260685, 10.415664999999997], [36.5294289, 10.4233898], [36.5326308, 10.4311198], [36.53670909999999, 10.4372466], [36.5400634, 10.4434262], [36.5432492, 10.448703499999999], [36.546228500000005, 10.456896899999998], [36.5426715, 10.462495599999999], [36.541290100000005, 10.465297000000001], [36.5398875, 10.4681416], [36.5372267, 10.4730616], [36.532762399999996, 10.4783732], [36.5267774, 10.482896199999999], [36.5186224, 10.478874599999997], [36.51089580000001, 10.478805], [36.5021444, 10.4803476], [36.4924247, 10.482103799999999], [36.4854108, 10.482805299999999], [36.4771992, 10.4819727], [36.47003470000001, 10.480506499999999], [36.46271159999999, 10.4791812], [36.45566249999999, 10.474645899999999], [36.4525517, 10.466510200000002], [36.4495035, 10.459458799999998], [36.4456509, 10.4556822], [36.4405729, 10.4542918], [36.435302199999995, 10.452525099999999], [36.4278345, 10.454611199999999], [36.4237574, 10.4557858], [36.4218919, 10.4563232], [36.4169043, 10.453804300000002], [36.408995899999994, 10.4553037], [36.401945399999995, 10.4591661], [36.396714100000004, 10.4634021], [36.3908553, 10.4679862], [36.388170200000005, 10.4756822], [36.385142, 10.4834021], [36.382222999999996, 10.489591099999998], [36.3783366, 10.494824200000002], [36.374497399999996, 10.4999937], [36.3715275, 10.504753599999999], [36.3646757, 10.506177899999997], [36.364388100000006, 10.511265899999998], [36.36365819999999, 10.518120599999998], [36.3606477, 10.524510999999999], [36.359132599999995, 10.5303159], [36.3551921, 10.526584899999998], [36.3485195, 10.5243218], [36.3436135, 10.5208976], [36.3380369, 10.521721099999999], [36.331939399999996, 10.5226223], [36.3261117, 10.523311599999998], [36.3182183, 10.5280035], [36.3144093, 10.5355613], [36.3109433, 10.542107699999999], [36.3112134, 10.548022999999999], [36.3082111, 10.552397100000002], [36.302023999999996, 10.5539598], [36.301777, 10.563761199999998], [36.301975999999996, 10.5712152], [36.305875799999995, 10.577947699999998], [36.3012126, 10.584030499999999], [36.29769660000001, 10.590914499999998], [36.2934927, 10.5970849], [36.283714499999995, 10.5986934], [36.281647500000005, 10.604558999999998], [36.284178499999996, 10.6095408], [36.2863083, 10.615092899999997], [36.291572800000004, 10.619958800000001], [36.2920697, 10.619988299999997], [36.29730910000001, 10.6202987], [36.2986584, 10.621177399999999], [36.301117, 10.6227786], [36.3064834, 10.6239549], [36.3076164, 10.6242033], [36.30745770000001, 10.624600499999998], [36.3054072, 10.629731300000001], [36.3030153, 10.6378626], [36.30623099999999, 10.6443817], [36.31091980000001, 10.648953299999997], [36.312774, 10.6497166], [36.3182968, 10.651990399999999], [36.319100600000006, 10.6533076], [36.3241951, 10.661657100000001], [36.32051, 10.667366799999998], [36.3124882, 10.673829499999998], [36.3112693, 10.678806299999998], [36.31484090000001, 10.679088000000002], [36.317959099999996, 10.6793339], [36.31921809999999, 10.6813219], [36.321730599999995, 10.6852891], [36.3189987, 10.6904346], [36.3165747, 10.697235700000002], [36.317596699999996, 10.7036049], [36.321571299999995, 10.707724899999997], [36.3265582, 10.7137561], [36.3288697, 10.7204991], [36.3313382, 10.726237], [36.3358141, 10.7291369], [36.33694599999999, 10.7298703], [36.3428262, 10.733679799999999], [36.345216799999996, 10.7352285], [36.3476978, 10.7368358], [36.3525959, 10.7400088], [36.3556874, 10.740759199999998], [36.3593469, 10.7416475], [36.3603009, 10.743521999999999], [36.36268159999999, 10.7482002], [36.368122299999996, 10.753126199999999], [36.368839900000005, 10.753776], [36.3739588, 10.7584105], [36.37456100000001, 10.760452599999999], [36.37496060000001, 10.761808099999998], [36.3756635, 10.764191799999997], [36.3759861, 10.765286099999999], [36.3727613, 10.7727541], [36.374886499999995, 10.779635899999997], [36.3750593, 10.780089799999999], [36.3772169, 10.7857564], [36.371756899999994, 10.787695000000001], [36.3636694, 10.7889328], [36.357610400000006, 10.7896425], [36.349533799999996, 10.790156699999997], [36.3416032, 10.7888372], [36.3376099, 10.7815728], [36.3351756, 10.777326600000002], [36.3348653, 10.7767853], [36.3313437, 10.770283599999997], [36.3252554, 10.768722799999999], [36.3246702, 10.763195900000001], [36.3189083, 10.7576021], [36.3134687, 10.7529382], [36.31078430000001, 10.7472587], [36.304885999999996, 10.746653600000002], [36.2993266, 10.7449174], [36.2937566, 10.743353799999998], [36.2852422, 10.744582899999997], [36.2850877, 10.7512577], [36.2861279, 10.756954299999999], [36.2871403, 10.763449399999997], [36.288461899999994, 10.7723772], [36.2880785, 10.774509499999999], [36.286776599999996, 10.781749099999999], [36.2862661, 10.784437099999998], [36.28566469999999, 10.7876032], [36.282752800000004, 10.7960244], [36.2822539, 10.8038672], [36.29213540000001, 10.805691699999999], [36.29952840000001, 10.8099952], [36.2948848, 10.815010999999998], [36.3047503, 10.8199299], [36.3101281, 10.8271502], [36.309658, 10.8358326], [36.31249309999999, 10.8434435], [36.3137569, 10.850808899999999], [36.3093017, 10.854570899999999], [36.3091423, 10.8625469], [36.3151052, 10.868684799999997], [36.318152, 10.873527800000002], [36.32264190000001, 10.8786676], [36.3276384, 10.881797499999998], [36.332104400000006, 10.8874404], [36.329979099999996, 10.8921628], [36.3316112, 10.897683499999998], [36.3334062, 10.8993237], [36.3355068, 10.9012431], [36.340413899999994, 10.9055504], [36.345524, 10.910673], [36.3471131, 10.9172396], [36.35311659999999, 10.9212154], [36.35062669999999, 10.929970899999999], [36.35403259999999, 10.937043000000001], [36.3606963, 10.9411229], [36.36400630000001, 10.9440692], [36.3657972, 10.945663399999999], [36.36993759999999, 10.9498267], [36.3712376, 10.9511338], [36.375774799999995, 10.955696099999997], [36.3816045, 10.961756999999999], [36.387629600000004, 10.968103299999997], [36.3950858, 10.975956499999999], [36.399685000000005, 10.980800399999998], [36.4047803, 10.986166599999999], [36.4096403, 10.9912847], [36.4139027, 10.995773300000002], [36.417669599999996, 11.000727699999999], [36.41853330000001, 11.0061336], [36.41995240000001, 11.0150156], [36.42013300000001, 11.021008299999998], [36.422564799999996, 11.0313673], [36.42725910000001, 11.035513100000001], [36.43617259999999, 11.039045999999999], [36.4404829, 11.0461981], [36.444243500000006, 11.0504024], [36.4512467, 11.0534687], [36.458939699999995, 11.054371], [36.463012, 11.055038699999997], [36.464355899999994, 11.055259099999999], [36.46985379999999, 11.0552117], [36.4736793, 11.0605977], [36.478324799999996, 11.067138], [36.48490239999999, 11.0662977], [36.4896712, 11.068734800000001], [36.4913245, 11.0759287], [36.49497350000001, 11.080346299999999], [36.500654499999996, 11.085318800000001], [36.5033233, 11.090317299999999], [36.507497099999995, 11.093724800000002], [36.511987000000005, 11.100221], [36.5149794, 11.104808799999999], [36.5188644, 11.108555299999999], [36.5250839, 11.112711599999999], [36.53259499999999, 11.1132174], [36.5332765, 11.1048008], [36.534049800000005, 11.097955299999999], [36.5405535, 11.0966939], [36.5464188, 11.094625299999999], [36.55490839999999, 11.093216999999997], [36.5594489, 11.0997987], [36.5672595, 11.1016957], [36.574988399999995, 11.100708899999999], [36.5771204, 11.105522899999999], [36.5780175, 11.110522300000001], [36.573349500000006, 11.112413699999998], [36.5665778, 11.111386699999999], [36.560198, 11.1132512], [36.557387299999995, 11.1174867], [36.555907999999995, 11.119715999999999], [36.5527759, 11.127067900000002], [36.5527836, 11.1322479], [36.5493395, 11.1378152], [36.5404035, 11.1400142], [36.5401514, 11.1400542], [36.5304214, 11.141600799999999], [36.5214527, 11.140062499999999], [36.5113643, 11.137435], [36.502904699999995, 11.137538999999999], [36.4957226, 11.142071000000001], [36.4892081, 11.1462011], [36.48329929999999, 11.152809999999999], [36.4756473, 11.156975400000002], [36.467607799999996, 11.155408699999999], [36.4678265, 11.158258900000002], [36.468094, 11.1617474], [36.4685535, 11.169775399999999], [36.468184099999995, 11.178277399999999], [36.4659562, 11.186385099999999], [36.468549100000004, 11.1972309], [36.46848209999999, 11.204476399999997], [36.467564599999996, 11.2153394], [36.460192, 11.2264327], [36.47080869999999, 11.233296300000001], [36.4750505, 11.242899800000002], [36.4758308, 11.244666299999999], [36.4719597, 11.2530843], [36.46714240000001, 11.264992699999997], [36.4738568, 11.267831399999999], [36.4832089, 11.271785299999998], [36.490266399999996, 11.2790337], [36.4903399, 11.279109199999999], [36.49288229999999, 11.284518799999999], [36.4949659, 11.288952199999999], [36.504957999999995, 11.284988199999999], [36.5147711, 11.289631199999999], [36.521035999999995, 11.294458400000002], [36.52964839999999, 11.302497400000002], [36.537335399999996, 11.3047363], [36.5454456, 11.3048036], [36.55687909999999, 11.302116399999997], [36.5620879, 11.311772600000001], [36.5622562, 11.3151005], [36.5624199, 11.318338100000002], [36.5614941, 11.320057999999998], [36.55641839999999, 11.3294871], [36.5489745, 11.335971], [36.54748250000001, 11.337270700000001], [36.5345431, 11.3352932], [36.5387347, 11.3456464], [36.5534368, 11.352009299999999], [36.55883939999999, 11.3543472], [36.56362649999999, 11.358029], [36.563889800000005, 11.3713491], [36.5566475, 11.378965099999999], [36.55135449999999, 11.386644100000002], [36.5410527, 11.394125599999999], [36.5330949, 11.3940589], [36.53312340000001, 11.402256099999999], [36.531101199999995, 11.415035099999997], [36.529910199999996, 11.434547099999998], [36.5210906, 11.4444556], [36.5122224, 11.4582771], [36.507385299999996, 11.4582011], [36.5035084, 11.458140099999998], [36.4995835, 11.448154899999999], [36.497830199999996, 11.443694399999998], [36.4907509, 11.4408007], [36.4889282, 11.4400557], [36.48781520000001, 11.439814499999999], [36.477693599999995, 11.437621499999999], [36.4768338, 11.4374352], [36.471480799999995, 11.436275199999999], [36.469701199999996, 11.433136300000001], [36.4671551, 11.428645200000002], [36.4601221, 11.427376200000003], [36.4480543, 11.4268655], [36.44068970000001, 11.424640600000002], [36.423766, 11.4182398], [36.409947599999995, 11.4139117], [36.4098476, 11.4249411], [36.4097723, 11.433234599999999], [36.409762199999996, 11.4343445], [36.4096505, 11.4466365], [36.409603499999996, 11.451802599999999], [36.4095802, 11.454363599999999], [36.409571899999996, 11.4552799], [36.4095444, 11.458301999999998], [36.4103729, 11.4590401], [36.4196579, 11.467311299999999], [36.42510509999999, 11.476710299999999], [36.430448, 11.482361599999999], [36.435648300000004, 11.486685500000002], [36.4383741, 11.491818700000001], [36.4443037, 11.492808199999999], [36.43879210000001, 11.5043242], [36.4340268, 11.5107845], [36.4287736, 11.5157773], [36.424016, 11.5221849], [36.4131159, 11.5319598], [36.4136743, 11.537141799999999], [36.4145344, 11.5451252], [36.40567409999999, 11.5458104], [36.403409, 11.5459856], [36.3994265, 11.5541118], [36.395030999999996, 11.5625318], [36.390329799999996, 11.571339600000002], [36.391413299999996, 11.5833018], [36.3869188, 11.5880876], [36.379358800000006, 11.5961369], [36.3786227, 11.598157900000002], [36.3751549, 11.6076793], [36.3652765, 11.6003355], [36.3584971, 11.6023564], [36.35199499999999, 11.604294499999998], [36.3484214, 11.605359599999998], [36.3479501, 11.6074904], [36.3460324, 11.616159600000001], [36.3444755, 11.6231976], [36.342823599999996, 11.630663999999998], [36.3416007, 11.636191], [36.3412364, 11.637837300000001], [36.3396731, 11.644901899999999], [36.338348200000006, 11.6508895], [36.3357868, 11.657434400000001], [36.3324181, 11.666042], [36.3375483, 11.6763974], [36.3409209, 11.683204799999999], [36.3437021, 11.688818300000001], [36.346469, 11.694402499999999], [36.347556399999995, 11.6965972], [36.3462931, 11.697205100000001], [36.3387172, 11.700851], [36.332421499999995, 11.7038804], [36.33206419999999, 11.7040523], [36.3345468, 11.717170200000002], [36.3338225, 11.723183500000001], [36.336793, 11.730001999999997], [36.339599199999995, 11.7374975], [36.3388182, 11.743467700000002], [36.34035639999999, 11.7486376], [36.33974579999999, 11.7539793], [36.3387418, 11.7610433], [36.341201399999996, 11.767746599999999], [36.337592099999995, 11.7729779], [36.3412746, 11.780808499999997], [36.3290661, 11.7966873], [36.308797999999996, 11.803229300000002], [36.3008179, 11.794237299999999], [36.2958541, 11.789282400000001], [36.291699699999995, 11.783762099999997], [36.2829067, 11.772664399999998], [36.274867199999996, 11.7661769], [36.26098030000001, 11.753480000000001], [36.256717900000005, 11.7503778], [36.2508669, 11.7469016], [36.2450727, 11.7432954], [36.2406729, 11.740304499999999], [36.2358717, 11.736957499999997], [36.2315785, 11.722112], [36.2215596, 11.721835299999999], [36.214655199999996, 11.7216445], [36.2070734, 11.7214347], [36.2031036, 11.711520700000001], [36.200828699999995, 11.705839400000002], [36.197478999999994, 11.701984600000001], [36.189659999999996, 11.693624699999997], [36.1856699, 11.690032199999997], [36.176215899999995, 11.684244699999999], [36.1649954, 11.678176700000002], [36.1610261, 11.682051099999999], [36.157139300000004, 11.6858972], [36.15020940000001, 11.685379399999999], [36.144827, 11.6856174], [36.1286039, 11.697361299999999], [36.118357599999996, 11.7058108], [36.1237177, 11.715794], [36.12464800000001, 11.717526699999999], [36.12552809999999, 11.7191659], [36.1213067, 11.721222], [36.1166056, 11.723511799999999], [36.121149100000004, 11.731005], [36.1232294, 11.734435999999999], [36.122300300000006, 11.740607199999998], [36.1212212, 11.7477746], [36.12025099999999, 11.754217599999999], [36.1196003, 11.7585381], [36.1191883, 11.761274], [36.1184041, 11.7664808], [36.1172415, 11.7741998], [36.1169644, 11.7751619], [36.1144779, 11.7837938], [36.1134495, 11.787364099999998], [36.108866899999995, 11.803270399999999], [36.1069792, 11.8098216], [36.105230399999996, 11.815890699999999], [36.102225, 11.814993999999999], [36.0950706, 11.812859299999998], [36.08986910000001, 11.816951300000001], [36.0814586, 11.8243703], [36.0839375, 11.8337491], [36.084290100000004, 11.835083399999998], [36.079976699999996, 11.839036199999999], [36.0756927, 11.8429619], [36.0725417, 11.845849], [36.0662646, 11.8516005], [36.054495599999996, 11.8493176], [36.05096520000001, 11.856863700000002], [36.049140099999995, 11.866], [36.056373799999996, 11.8743038], [36.04507499999999, 11.876433800000001], [36.0506094, 11.8830201], [36.0381171, 11.8854881], [36.0338241, 11.891769600000002], [36.0426424, 11.895065599999999], [36.0348372, 11.901905399999999], [36.029107499999995, 11.906925800000002], [36.0212109, 11.9138445], [36.0126926, 11.9182457], [36.0063058, 11.921545199999999], [35.9959798, 11.926879399999999], [35.9912305, 11.9359843], [35.9904325, 11.9375141], [35.990314100000006, 11.937740999999999], [35.987810599999996, 11.942540099999997], [35.9824821, 11.9527536], [35.982177699999994, 11.9533369], [35.98169809999999, 11.9541655], [35.97835260000001, 11.9599451], [35.9780334, 11.960496599999999], [35.977339199999996, 11.9603363], [35.9690242, 11.958415900000002], [35.9723143, 11.970247700000002], [35.9723384, 11.970334099999999], [35.97226889999999, 11.970485900000002], [35.9658162, 11.984583899999999], [35.9563957, 11.9794611], [35.940509, 11.970820999999997], [35.939385099999996, 11.9702098], [35.9352885, 11.966113199999999], [35.9332401, 11.959968300000002], [35.9399703, 11.954408599999999], [35.9428965, 11.9365591], [35.9364589, 11.9207579], [35.92475410000001, 11.912564699999999], [35.9177313, 11.9049567], [35.9112937, 11.9055419], [35.895785, 11.896909799999998], [35.8876616, 11.890792399999999], [35.874424, 11.8859368], [35.8705649, 11.8647759], [35.86833480000001, 11.8595726], [35.86015810000001, 11.8499094], [35.848264799999995, 11.840246099999998], [35.8371147, 11.8350428], [35.8229914, 11.826866200000001], [35.8148147, 11.828352899999999], [35.8036647, 11.8380162], [35.793258, 11.8372729], [35.781364599999996, 11.834299600000001], [35.7739313, 11.8335563], [35.7627813, 11.837273], [35.75609120000001, 11.8313263], [35.7494012, 11.832069700000002], [35.7367645, 11.832813], [35.7196678, 11.8290964], [35.7055444, 11.8224065], [35.69439439999999, 11.8313265], [35.68324439999999, 11.8253798], [35.6665956, 11.825909399999999], [35.6617156, 11.7933772], [35.6449072, 11.7814488], [35.62349, 11.7757557], [35.6023439, 11.774400199999999], [35.5898731, 11.773044699999998], [35.57658899999999, 11.7673516], [35.5345679, 11.7296685], [35.5169461, 11.7180112], [35.4732984, 11.736175099999999], [35.461641, 11.735090699999999], [35.4410371, 11.7299398], [35.4217887, 11.729397599999999], [35.41528220000001, 11.7326509], [35.3946784, 11.746205999999999], [35.3637726, 11.7529836], [35.3374441, 11.773028799999997], [35.3349775, 11.781957199999997], [35.3257131, 11.7944836], [35.3136644, 11.7922338], [35.308614899999995, 11.798557699999998], [35.3032702, 11.8028087], [35.2959325, 11.7991514], [35.2975041, 11.807175500000001], [35.2966934, 11.819467], [35.2913087, 11.8255388], [35.2880901, 11.829888299999999], [35.2863465, 11.838427999999999], [35.28469749999999, 11.8465032], [35.287655199999996, 11.855898], [35.28734889999999, 11.8701115], [35.2843496, 11.884517400000002], [35.282827299999994, 11.889693300000001], [35.2802612, 11.894086199999998], [35.2753028, 11.904263999999998], [35.2610844, 11.927687299999999], [35.2671571, 11.938258099999999], [35.27923020000001, 11.970799500000002], [35.28388, 11.983329999999999], [35.3469285, 12.098539599999999], [35.3623334, 12.126689200000001], [35.38360000000001, 12.16555], [35.4317122, 12.2432526], [35.64736, 12.591529999999999], [35.68624, 12.602219999999999], [35.70014, 12.624999999999998], [35.7010272, 12.6638094], [35.7010542, 12.664991999999998], [35.70108, 12.66612], [35.7141534, 12.668571600000002], [35.7271348, 12.671006000000002], [35.96472, 12.715560000000002], [35.9814351, 12.7173009], [36.0016478, 12.7194062], [36.01263, 12.72055], [36.037220000000005, 12.715], [36.072289999999995, 12.724100000000002], [36.093399999999995, 12.706389999999999], [36.109542999999995, 12.695628000000001], [36.11193999999999, 12.69403], [36.14254, 12.714850000000002], [36.15915999999999, 12.881390000000001], [36.13534, 12.92541], [36.14208, 12.95278], [36.151109999999996, 12.97167], [36.16888999999999, 12.99], [36.1618117, 13.0164347], [36.15736, 13.033060000000003], [36.2446404, 13.353521799999998], [36.248599999999996, 13.368060000000002], [36.2623958, 13.386593800000002], [36.34888, 13.502779999999998], [36.36222, 13.51944], [36.3744752, 13.5362318], [36.3975, 13.567779999999997], [36.408750000000005, 13.595139999999999], [36.41138000000001, 13.61555], [36.40736, 13.63528], [36.40902, 13.657499999999999], [36.42103999999999, 13.686869999999999], [36.45340949999999, 13.762696199999999], [36.4535245, 13.762965600000001], [36.4541957, 13.761324700000001], [36.454976599999995, 13.756986399999999], [36.4554496, 13.754358799999997], [36.462012099999995, 13.7486591], [36.462176899999996, 13.748497500000001], [36.4676324, 13.7431486], [36.4715134, 13.7401593], [36.473234100000006, 13.7388339], [36.4794459, 13.735410499999999], [36.4806741, 13.734733599999998], [36.4838362, 13.7271045], [36.477777599999996, 13.720823500000002], [36.477830299999994, 13.7101399], [36.4779296, 13.7093939], [36.4785027, 13.7053908], [36.4785907, 13.7047763], [36.4757964, 13.700421400000002], [36.476094599999996, 13.6993086], [36.4776643, 13.6934506], [36.4803493, 13.690692600000002], [36.48060119999999, 13.6904339], [36.4824153, 13.688570599999998], [36.4849306, 13.68365], [36.48601379999999, 13.681531099999999], [36.48890389999999, 13.678163399999999], [36.4895807, 13.677374799999999], [36.4897358, 13.6771941], [36.494205300000004, 13.6699151], [36.4959395, 13.668196799999997], [36.498441799999995, 13.665717599999997], [36.503390499999995, 13.665232499999998], [36.5043917, 13.665134400000001], [36.5057104, 13.653371], [36.5058128, 13.652457099999998], [36.510159400000006, 13.649627599999999], [36.510190800000004, 13.6492027], [36.5109018, 13.639583300000002], [36.5121903, 13.634011], [36.512816099999995, 13.6313046], [36.5151033, 13.627379000000001], [36.5159108, 13.625993099999999], [36.515947100000005, 13.625910199999998], [36.5176541, 13.622010999999999], [36.519311800000004, 13.618224099999999], [36.521171599999995, 13.6146719], [36.52174480000001, 13.613577099999999], [36.52603519999999, 13.606551500000002], [36.5260744, 13.606487299999998], [36.5259881, 13.606213200000001], [36.5234348, 13.598094600000001], [36.523138100000004, 13.597249599999998], [36.522847799999994, 13.5964232], [36.521445299999996, 13.592429399999997], [36.521189799999995, 13.5917018], [36.5195561, 13.585511799999997], [36.5260787, 13.584281200000001], [36.53154999999999, 13.5816725], [36.5378368, 13.581960399999998], [36.5399378, 13.575507600000002], [36.5474843, 13.574268400000003], [36.5546924, 13.571281399999998], [36.5602733, 13.563341099999997], [36.561728599999995, 13.555508999999999], [36.5585004, 13.551547599999997], [36.56402899999999, 13.547419099999999], [36.5665085, 13.5391341], [36.5647118, 13.533000999999999], [36.5724278, 13.522249899999998], [36.5796637, 13.520327199999997], [36.58692009999999, 13.513005499999997], [36.5924298, 13.5085017], [36.598102399999995, 13.504735399999998], [36.6011229, 13.498425500000003], [36.5964451, 13.4891286], [36.5894109, 13.485634], [36.5844872, 13.483615900000002], [36.5787769, 13.482191], [36.5743103, 13.477864199999999], [36.57193039999999, 13.4730435], [36.57095199999999, 13.4668654], [36.57187450000001, 13.4613922], [36.572880999999995, 13.4561757], [36.570951199999996, 13.4497314], [36.5664219, 13.446200699999999], [36.567394, 13.4396145], [36.568719099999996, 13.430635], [36.569511, 13.425268499999998], [36.5763039, 13.4175705], [36.57931189999999, 13.411602199999999], [36.5840296, 13.4080503], [36.5886777, 13.402782499999997], [36.5914437, 13.3949274], [36.59265189999999, 13.389015699999998], [36.5972125, 13.385007999999996], [36.602021300000004, 13.382080299999998], [36.6048077, 13.3776274], [36.609496400000005, 13.375212999999999], [36.6149038, 13.376499], [36.6205552, 13.379144099999998], [36.6280812, 13.3818753], [36.6357797, 13.3824516], [36.6438821, 13.378074199999997], [36.6491261, 13.3801912], [36.6512732, 13.375141199999998], [36.6561496, 13.3690504], [36.6645955, 13.3665652], [36.6724337, 13.368730799999998], [36.6782572, 13.371250499999997], [36.6851011, 13.3747852], [36.6904571, 13.373685000000002], [36.6971582, 13.372835199999999], [36.7053958, 13.372065599999999], [36.7147686, 13.367091900000002], [36.7219765, 13.366578399999998], [36.731380900000005, 13.3687293], [36.734659900000004, 13.3630725], [36.7398032, 13.3648642], [36.7447897, 13.366992999999999], [36.74942060000001, 13.371421999999999], [36.75391739999999, 13.3723184], [36.7561835, 13.3727702], [36.7621809, 13.374144399999999], [36.7669437, 13.378128099999998], [36.7704495, 13.3818884], [36.7724013, 13.388923999999998], [36.777622, 13.394960999999999], [36.7832198, 13.4028865], [36.7884373, 13.407629299999998], [36.795631, 13.411283199999998], [36.8025242, 13.413388500000002], [36.8086221, 13.418499799999998], [36.8107519, 13.428168699999997], [36.8125454, 13.4351556], [36.8148244, 13.4418377], [36.8171475, 13.446529199999999], [36.82478989999999, 13.448246099999997], [36.8328935, 13.4459251], [36.8379155, 13.4446392], [36.8394245, 13.443673599999999], [36.8436966, 13.440939600000002], [36.8446829, 13.435365800000003], [36.8541701, 13.431438400000001], [36.860751900000004, 13.425429000000001], [36.8711581, 13.4190476], [36.873306299999996, 13.414321099999999], [36.87381329999999, 13.4132058], [36.881178, 13.4074834], [36.8879902, 13.407890700000001], [36.89554019999999, 13.406913300000001], [36.8991044, 13.402654499999995], [36.90386559999999, 13.394565199999999], [36.9051361, 13.388151799999997], [36.9089895, 13.384465699999998], [36.9154389, 13.382758700000002], [36.919191999999995, 13.3768238], [36.9269433, 13.377601100000001], [36.9296729, 13.372128], [36.934598099999995, 13.3753318], [36.93858770000001, 13.379983399999997], [36.942592399999995, 13.3754997], [36.9460775, 13.3697954], [36.9515825, 13.364788499999998], [36.956890099999995, 13.362378000000001], [36.9598125, 13.3672518], [36.96448779999999, 13.3696352], [36.970431, 13.365358299999999], [36.9761866, 13.3647273], [36.982063499999995, 13.3613239], [36.988998599999995, 13.360221899999997], [36.9967697, 13.359003099999999], [37.00184709999999, 13.3566836], [37.013016799999995, 13.3605135], [37.018136299999995, 13.3577017], [37.0253023, 13.354635599999998], [37.034955599999996, 13.353264], [37.0396936, 13.3510334], [37.0430027, 13.344913799999997], [37.047944799999996, 13.338859900000001], [37.0525251, 13.3329519], [37.060289499999996, 13.3310024], [37.065553799999996, 13.3298597], [37.0678675, 13.323623099999997], [37.0692654, 13.3174403], [37.0763782, 13.3180008], [37.078374, 13.3118156], [37.08386469999999, 13.314706300000001], [37.091177099999996, 13.3155216], [37.098737899999996, 13.316356599999999], [37.1076257, 13.3142967], [37.1156833, 13.311607299999999], [37.122700699999996, 13.308443299999997], [37.1275172, 13.3051108], [37.1371913, 13.3038813], [37.143100499999996, 13.3022651], [37.1503136, 13.300761300000001], [37.157746200000005, 13.2978066], [37.1635261, 13.292557500000001], [37.1688664, 13.290210399999998], [37.17545440000001, 13.2884941], [37.1805867, 13.286041299999999], [37.185726599999995, 13.2825501], [37.1901458, 13.2777064], [37.1943653, 13.271615], [37.197614300000005, 13.264998799999999], [37.200511, 13.260114400000003], [37.204709099999995, 13.2557124], [37.2110479, 13.2593881], [37.214131699999996, 13.265841199999997], [37.2197313, 13.270756099999998], [37.224398799999996, 13.2747306], [37.231752799999995, 13.2765323], [37.2397524, 13.2769306], [37.24140620000001, 13.283385299999997], [37.2462217, 13.292189599999999], [37.2505172, 13.294993999999997], [37.2558769, 13.294970799999998], [37.263844299999995, 13.2900455], [37.26928099999999, 13.288734000000002], [37.2758591, 13.2883628], [37.2806472, 13.284944], [37.2892211, 13.288038199999999], [37.2948394, 13.2905661], [37.304209, 13.2940521], [37.3127439, 13.297532299999999], [37.3218272, 13.2971776], [37.335458599999995, 13.3104291], [37.3389801, 13.318552799999999], [37.3443263, 13.324428599999997], [37.3504097, 13.326731800000001], [37.3525055, 13.334353399999998], [37.3519053, 13.3426239], [37.355384199999996, 13.351342299999999], [37.358970899999996, 13.357481400000001], [37.360073, 13.357897799999998], [37.3652419, 13.3598509], [37.3683141, 13.3592808], [37.375428299999996, 13.3579607], [37.3818449, 13.357465099999999], [37.3886573, 13.356305299999999], [37.395817900000004, 13.357776999999999], [37.403037999999995, 13.361744499999999], [37.4095076, 13.370135999999999], [37.41581670000001, 13.373968399999999], [37.4195819, 13.368158399999999], [37.4248822, 13.3635444], [37.431337299999996, 13.359537300000001], [37.4376123, 13.3582559], [37.4405058, 13.3540943], [37.4501501, 13.3548686], [37.456469899999995, 13.357675299999999], [37.4619816, 13.3595174], [37.465543800000006, 13.361962000000002], [37.466276500000006, 13.362464799999998], [37.4714749, 13.3669368], [37.4736649, 13.3672704], [37.4765391, 13.367708299999999], [37.482843100000004, 13.3642556], [37.490082, 13.363209399999999], [37.490760200000004, 13.363855699999998], [37.4948844, 13.367785500000002], [37.4967013, 13.3678006], [37.5027707, 13.367851], [37.510642499999996, 13.365945700000001], [37.5177805, 13.366475], [37.5236774, 13.3699319], [37.5240843, 13.3701704], [37.5259316, 13.371253399999997], [37.53182569999999, 13.377618199999997], [37.537451499999996, 13.380749899999998], [37.5456105, 13.3846706], [37.552001100000005, 13.388603899999998], [37.5571852, 13.3902933], [37.5576007, 13.389989099999998], [37.5615148, 13.387123700000002], [37.567172299999996, 13.388154199999997], [37.567813300000005, 13.388583999999998], [37.57192049999999, 13.391338200000002], [37.5767075, 13.394501000000002], [37.582286499999995, 13.397011800000001], [37.5867515, 13.3973435], [37.590167799999996, 13.3975974], [37.5906267, 13.398006699999998], [37.595130399999995, 13.402024200000001], [37.599042999999995, 13.4056216], [37.604501, 13.4089373], [37.61100630000001, 13.411080499999999], [37.612740699999996, 13.410242499999999], [37.6175658, 13.407911499999997], [37.625370000000004, 13.408169899999997], [37.6286297, 13.4095717], [37.6316717, 13.4108799], [37.6370973, 13.413895499999999], [37.643249100000006, 13.420240699999997], [37.6483679, 13.425355699999999], [37.651672399999995, 13.429653700000001], [37.6556997, 13.4347602], [37.656564, 13.4413735], [37.6622115, 13.442126099999998], [37.6627278, 13.442756900000001], [37.664291899999995, 13.444667599999997], [37.6657235, 13.446416599999997], [37.670985099999996, 13.4478744], [37.671782, 13.448260300000001], [37.6723141, 13.448518], [37.6767943, 13.4506876], [37.678981199999996, 13.456466599999999], [37.683332199999995, 13.459748499999998], [37.68538269999999, 13.465250999999997], [37.689312799999996, 13.469349], [37.694142400000004, 13.4724268], [37.6915894, 13.478607199999999], [37.691214900000006, 13.4818954], [37.690896699999996, 13.484688600000002], [37.6948911, 13.488340400000002], [37.6987393, 13.4954102], [37.7005443, 13.503360299999999], [37.7037903, 13.5118076], [37.7078752, 13.521216299999997], [37.70961750000001, 13.530195799999998], [37.715488799999996, 13.5345268], [37.714445000000005, 13.5418755], [37.7144255, 13.5420127], [37.7201428, 13.5462287], [37.7244794, 13.554523299999998], [37.7249033, 13.556003800000001], [37.727027, 13.563421899999998], [37.7357418, 13.572053600000002], [37.7411379, 13.571480199999998], [37.7461384, 13.570948900000001], [37.7459214, 13.575786700000002], [37.745817800000005, 13.5780975], [37.746628, 13.5793245], [37.7491364, 13.583122999999999], [37.7498249, 13.5841656], [37.7503898, 13.585021099999999], [37.75309240000001, 13.589725699999999], [37.753918399999996, 13.5911636], [37.754471, 13.5911484], [37.757780499999996, 13.591057099999999], [37.75992600000001, 13.590997999999999], [37.7600543, 13.5918677], [37.7602812, 13.593406599999998], [37.760691900000005, 13.5961915], [37.76074390000001, 13.596544199999999], [37.7610247, 13.596908299999999], [37.7650886, 13.602179099999997], [37.7650459, 13.60248], [37.7648218, 13.604058100000001], [37.7639694, 13.610062], [37.7643688, 13.618372299999999], [37.76939850000001, 13.627938599999998], [37.7758604, 13.6333306], [37.77606699999999, 13.6335029], [37.7760612, 13.6334061], [37.776037099999996, 13.633001600000002], [37.7759888, 13.632191599999999], [37.774765300000006, 13.611653899999999], [37.78464539999999, 13.5973139], [37.784149500000005, 13.5877193], [37.7738671, 13.574346499999999], [37.769024699999996, 13.5625989], [37.77715839999999, 13.5506563], [37.7849402, 13.5392289], [37.7926593, 13.520614499999999], [37.80900599999999, 13.5190939], [37.8102392, 13.502433799999999], [37.8107646, 13.495335099999998], [37.8110965, 13.490850799999999], [37.8119237, 13.479672299999999], [37.8169055, 13.463175499999998], [37.8325338, 13.4669505], [37.837814800000004, 13.468225900000002], [37.8429874, 13.469475000000001], [37.848747, 13.470865700000001], [37.8540307, 13.472141299999999], [37.8615649, 13.47396], [37.8664002, 13.4751272], [37.8751475, 13.467705599999997], [37.8871933, 13.453370099999999], [37.9041015, 13.447049], [37.9101059, 13.4497929], [37.917400199999996, 13.4531262], [37.9234035, 13.4558693], [37.9307556, 13.459228399999999], [37.946487399999995, 13.466415099999999], [37.961651599999996, 13.488375099999999], [37.9625054, 13.489611499999999], [37.9683889, 13.493693800000003], [37.977436999999995, 13.4961271], [37.9781585, 13.496301599999999], [37.9864473, 13.498306099999999], [37.9945964, 13.499733400000002], [38.001179400000005, 13.501097500000002], [38.008103999999996, 13.500829000000001], [38.0102902, 13.495831200000001], [38.0149187, 13.486515500000001], [38.0207295, 13.481257000000003], [38.0244202, 13.485650299999998], [38.02984849999999, 13.4827569], [38.0369252, 13.4828057], [38.04560339999999, 13.480111400000002], [38.048058999999995, 13.4748129], [38.0519961, 13.467933100000002], [38.059441, 13.4671919], [38.0659137, 13.471202799999997], [38.070692099999995, 13.476392100000002], [38.076871100000005, 13.479941], [38.0828864, 13.483674299999997], [38.0878594, 13.4859797], [38.0948595, 13.488268], [38.1033665, 13.490117699999999], [38.1100801, 13.4916067], [38.1153218, 13.494262599999997], [38.118234799999996, 13.501894], [38.119849599999995, 13.5044781], [38.1209908, 13.5063044], [38.1243142, 13.497967099999999], [38.1283527, 13.492307600000002], [38.129906999999996, 13.484739099999997], [38.1352887, 13.478687599999997], [38.139376899999995, 13.475620299999997], [38.145192699999996, 13.471678599999999], [38.1496783, 13.4747455], [38.15519829999999, 13.476535799999997], [38.1580684, 13.4819998], [38.15851440000001, 13.482848800000001], [38.1642437, 13.487527400000001], [38.1648794, 13.488046500000001], [38.17372019999999, 13.493443899999999], [38.175766100000004, 13.492205], [38.1826195, 13.4880547], [38.1884516, 13.484361900000001], [38.2008976, 13.4801384], [38.21131909999999, 13.486845500000001], [38.213768699999996, 13.487511000000001], [38.2141331, 13.48761], [38.220184800000006, 13.489254299999997], [38.2273269, 13.489215099999997], [38.2295241, 13.490448700000002], [38.234594400000006, 13.493295300000002], [38.23555789999999, 13.493836199999997], [38.243128, 13.4967342], [38.247958, 13.5016626], [38.24978399999999, 13.496166199999998], [38.2535125, 13.491168199999999], [38.259142, 13.486203199999997], [38.2676741, 13.487801200000002], [38.278917199999995, 13.4855191], [38.292158, 13.490791300000001], [38.2977178, 13.492624599999997], [38.3097681, 13.497890100000001], [38.31456420000001, 13.4999858], [38.31924469999999, 13.501901599999998], [38.31985649999999, 13.502151999999999], [38.323038499999996, 13.5095656], [38.3200414, 13.52385], [38.3260309, 13.534402499999999], [38.3257829, 13.536667200000002], [38.3250554, 13.543310199999999], [38.3278831, 13.550325200000001], [38.330196099999995, 13.5483361], [38.3355606, 13.543722700000002], [38.3411967, 13.537642900000002], [38.34943680000001, 13.5424115], [38.35995090000001, 13.5530043], [38.3654964, 13.552163799999997], [38.370536, 13.549879699999998], [38.379839499999996, 13.5444771], [38.385572100000005, 13.551585200000002], [38.391234100000005, 13.5533557], [38.3992949, 13.545485699999999], [38.3993841, 13.539678700000001], [38.4065082, 13.539411099999999], [38.413644999999995, 13.547879499999999], [38.41453619999999, 13.5489371], [38.4191316, 13.555717199999998], [38.4211831, 13.5581696], [38.42380299999999, 13.561301499999999], [38.424597899999995, 13.564332400000001], [38.4264346, 13.571336100000002], [38.4291037, 13.5748953], [38.4327028, 13.5796945], [38.440805700000006, 13.584405300000002], [38.4509312, 13.584597399999998], [38.45103859999999, 13.5845994], [38.4508037, 13.584246799999997], [38.447709599999996, 13.579601400000001], [38.4455495, 13.574442500000002], [38.4432715, 13.568940499999998], [38.4427938, 13.5605402], [38.4536225, 13.5569461], [38.458517900000004, 13.5598198], [38.465214599999996, 13.5676449], [38.472850699999995, 13.564112399999999], [38.4734743, 13.557253699999999], [38.47761990000001, 13.5523449], [38.4898528, 13.5580123], [38.501449799999996, 13.557859299999999], [38.506828899999995, 13.5564053], [38.5154729, 13.555436], [38.524412, 13.5545672], [38.5324145, 13.553293700000001], [38.53912309999999, 13.553844199999999], [38.5492511, 13.5525696], [38.553946100000005, 13.550308099999997], [38.550690599999996, 13.537896599999998], [38.5496524, 13.536316599999997], [38.547365500000005, 13.532836200000002], [38.5462302, 13.531208500000002], [38.545595399999996, 13.5302985], [38.542459, 13.5258022], [38.5326184, 13.5186856], [38.52217230000001, 13.5174318], [38.5173221, 13.515856999999997], [38.50862, 13.5111983], [38.5029253, 13.511546], [38.4968046, 13.5067894], [38.4936742, 13.501222699999998], [38.49065849999999, 13.4957779], [38.4982567, 13.484455400000002], [38.4820389, 13.484837900000002], [38.4766173, 13.484965700000002], [38.467402799999995, 13.484901999999998], [38.465485799999996, 13.479719000000001], [38.4690203, 13.4754292], [38.466812499999996, 13.469034299999999], [38.4632855, 13.4646826], [38.460991199999995, 13.459561599999999], [38.470273299999995, 13.463252299999999], [38.4756424, 13.466780499999997], [38.484156399999996, 13.469736999999999], [38.50431, 13.471734399999999], [38.5117426, 13.472911399999996], [38.521945699999996, 13.476133899999999], [38.5227654, 13.4765123], [38.534243499999995, 13.4818106], [38.5451109, 13.483390300000002], [38.549773099999996, 13.483013999999997], [38.5518019, 13.482850200000001], [38.562075500000006, 13.483329699999999], [38.5674723, 13.486452499999999], [38.57058200000001, 13.4916272], [38.5720433, 13.495329600000002], [38.5729816, 13.497707199999999], [38.5786564, 13.5026695], [38.579566199999995, 13.503465], [38.590112399999995, 13.506124], [38.6053891, 13.4906913], [38.6140452, 13.4906869], [38.62246699999999, 13.4953791], [38.6225561, 13.4954492], [38.63064329999999, 13.5018155], [38.635985999999995, 13.5062648], [38.63946469999999, 13.510711299999999], [38.645283, 13.5157673], [38.6528758, 13.5226799], [38.6585398, 13.5278719], [38.6621503, 13.531181400000001], [38.6648302, 13.5267951], [38.666069199999995, 13.521734100000002], [38.6667026, 13.520309], [38.6690758, 13.5149701], [38.6692821, 13.514505900000001], [38.6724922, 13.509206299999997], [38.6743352, 13.5030389], [38.6759549, 13.4976183], [38.6732547, 13.491849499999999], [38.674474499999995, 13.488619400000001], [38.6750959, 13.486973800000001], [38.6756086, 13.485616199999997], [38.6764303, 13.483440299999998], [38.6703396, 13.4839583], [38.661305, 13.484726700000001], [38.6481802, 13.4813776], [38.633280899999995, 13.4727113], [38.6157883, 13.4514009], [38.6168906, 13.439081], [38.6178525, 13.428330399999998], [38.6207636, 13.417311800000002], [38.6210026, 13.416407199999998], [38.622091, 13.4122879], [38.622371199999996, 13.411227099999998], [38.626364599999995, 13.407984599999999], [38.6323338, 13.4041531], [38.6416007, 13.399805099999998], [38.64864, 13.3965213], [38.64942140000001, 13.396342800000001], [38.6574838, 13.394501000000002], [38.661144, 13.393671299999998], [38.66737539999999, 13.3922586], [38.66913359999999, 13.39186], [38.6841374, 13.390248999999999], [38.6932484, 13.389273399999997], [38.6959915, 13.3889797], [38.70568550000001, 13.389298899999998], [38.7187297, 13.4028498], [38.719886900000006, 13.4047693], [38.721865199999996, 13.4080506], [38.726649900000005, 13.4040354], [38.728634, 13.402436499999999], [38.7309038, 13.400607400000002], [38.7320419, 13.3996903], [38.7331327, 13.398811199999999], [38.7328114, 13.391112699999999], [38.7332547, 13.384147099999998], [38.737243299999996, 13.3776987], [38.7342484, 13.3712379], [38.730194, 13.3654021], [38.7317128, 13.357845599999997], [38.733661399999995, 13.349765500000002], [38.73784659999999, 13.343687799999998], [38.741812599999996, 13.339832399999999], [38.741718399999996, 13.333546299999998], [38.7369298, 13.3303131], [38.738059799999995, 13.323955900000001], [38.7375482, 13.317430599999998], [38.738153499999996, 13.3123424], [38.741035399999994, 13.30744], [38.73515400000001, 13.3023522], [38.7392843, 13.2964433], [38.7395218, 13.293518699999998], [38.7400685, 13.286784999999998], [38.73550529999999, 13.2819433], [38.732901999999996, 13.276432599999998], [38.729916599999996, 13.269219200000004], [38.731588099999996, 13.262275599999999], [38.7329327, 13.262647600000001], [38.7381021, 13.2640775], [38.743251699999995, 13.2650231], [38.7489099, 13.261622], [38.76024309999999, 13.2575498], [38.77063859999999, 13.252538099999999], [38.7791874, 13.2493709], [38.7896974, 13.250072699999997], [38.8006908, 13.247309900000003], [38.8072169, 13.2431298], [38.810459400000006, 13.239965699999999], [38.8116813, 13.238773299999998], [38.819085300000005, 13.234714700000001], [38.8247265, 13.2341166], [38.8338825, 13.231933600000001], [38.838261100000004, 13.229085999999997], [38.8502578, 13.214508700000001], [38.863105399999995, 13.2094977], [38.8671746, 13.215320300000002], [38.87621839999999, 13.2205081], [38.8931964, 13.2234128], [38.9070679, 13.2239172], [38.913334, 13.2244725], [38.9185567, 13.2299166], [38.9295902, 13.235692099999998], [38.9492063, 13.237306099999998], [38.951741899999995, 13.2375147], [38.9526439, 13.2299818], [38.953386800000004, 13.223777499999997], [38.9563273, 13.2191993], [38.9558241, 13.2120132], [38.964770099999996, 13.2077622], [38.9848121, 13.2027544], [38.9973678, 13.2034045], [39.0117595, 13.186396199999997], [39.01674579999999, 13.178709699999999], [39.0301545, 13.172616], [39.03495349999999, 13.170435099999997], [39.036024399999995, 13.169948399999999], [39.0408876, 13.1625799], [39.041598799999996, 13.1615023], [39.042569799999995, 13.155619399999999], [39.038981400000004, 13.1420063], [39.0372882, 13.135583200000001], [39.037272099999996, 13.1355222], [39.036933899999994, 13.134239200000001], [39.0262971, 13.127912499999999], [39.02081200000001, 13.1269764], [39.0202245, 13.126876099999999], [39.019400499999996, 13.125811599999997], [39.0148766, 13.119967599999997], [39.0116722, 13.115827999999999], [39.0102423, 13.1139809], [39.0092503, 13.113501], [39.0092025, 13.1134778], [39.004864500000004, 13.111378999999998], [38.9882287, 13.10333], [38.9839516, 13.1013894], [38.9786019, 13.0989621], [38.9898239, 13.081289799999999], [38.9903979, 13.0764583], [38.9907366, 13.073607500000001], [38.9908591, 13.068296400000001], [38.990690699999995, 13.066037399999999], [38.9904515, 13.06283], [38.992278, 13.0537046], [38.9932173, 13.049011799999999], [38.9939625, 13.0452888], [38.9948374, 13.0443701], [39.0000566, 13.038889999999997], [39.004334099999994, 13.0233975], [39.003066600000004, 13.021901999999999], [38.9944552, 13.0117411], [39.000219099999995, 13.003443800000001], [39.009610099999996, 13.0038988], [39.0143495, 13.001572899999998], [39.034261099999995, 13.0004683], [39.0445859, 12.993361599999998], [39.0536114, 12.990669599999999], [39.07414789999999, 12.976085999999999], [39.082859, 12.9592723], [39.100499299999996, 12.9587691], [39.1113454, 12.959915599999999], [39.1191462, 12.960857100000004], [39.14186480000001, 12.955839899999999], [39.150356599999995, 12.9531544], [39.154807700000006, 12.9498383], [39.16346989999999, 12.9484121], [39.168850600000006, 12.943590799999999], [39.1747675, 12.9381685], [39.192831999999996, 12.928085000000001], [39.203299200000004, 12.928914799999998], [39.2079241, 12.926000999999996], [39.2153239, 12.922129499999999], [39.22391270000001, 12.920137499999997], [39.232567599999996, 12.9166861], [39.2330983, 12.9167238], [39.23429989999999, 12.9168093], [39.24734000000001, 12.917736500000002], [39.2508067, 12.917982899999998], [39.2587287, 12.914682299999999], [39.2630761, 12.894094], [39.269112500000006, 12.8808461], [39.275273500000004, 12.8673237], [39.2790228, 12.8562475], [39.29489480000001, 12.870902099999999], [39.302989700000005, 12.870121900000001], [39.306827899999995, 12.8663104], [39.3101317, 12.852206800000001], [39.305803, 12.8490868], [39.3036793, 12.8475561], [39.3026167, 12.8467902], [39.296925699999996, 12.842275199999998], [39.29305370000001, 12.8396952], [39.2903891, 12.837919800000002], [39.2853463, 12.8331976], [39.2809491, 12.829080000000001], [39.2776856, 12.826023999999997], [39.2845186, 12.822822299999999], [39.2947729, 12.818069999999999], [39.307215600000006, 12.8116528], [39.306874, 12.8071448], [39.3066768, 12.8045427], [39.3055266, 12.79924], [39.303602, 12.793315199999999], [39.303295, 12.7930104], [39.29572999999999, 12.7854973], [39.2807079, 12.787266599999999], [39.2757719, 12.7878479], [39.26766380000001, 12.771335], [39.2788534, 12.758548099999999], [39.280932299999996, 12.7433382], [39.2740946, 12.727179099999997], [39.2739227, 12.7267729], [39.27385989999999, 12.7266244], [39.269535000000005, 12.723219799999997], [39.28552139999999, 12.7043701], [39.2846185, 12.7014383], [39.28048220000001, 12.688008199999999], [39.279354999999995, 12.687112400000002], [39.2775217, 12.685655399999998], [39.275725, 12.684227499999997], [39.2747917, 12.6834858], [39.265731300000006, 12.6771278], [39.26566640000001, 12.677082299999999], [39.264038, 12.676353699999998], [39.2563141, 12.672897999999998], [39.2469438, 12.667779200000002], [39.2447751, 12.666523999999999], [39.2417631, 12.6647807], [39.2388577, 12.663099200000001], [39.2307637, 12.666535399999997], [39.22386350000001, 12.6654273], [39.2171534, 12.663534299999998], [39.211989599999995, 12.661637800000001], [39.205664299999995, 12.6617626], [39.198870899999996, 12.660395399999997], [39.19383990000001, 12.6580979], [39.1872909, 12.6563231], [39.18142230000001, 12.652672400000002], [39.1810882, 12.652332800000002], [39.1806955, 12.6519335], [39.177461699999995, 12.648645700000001], [39.1771988, 12.648378399999999], [39.176745, 12.647583899999995], [39.17440129999999, 12.643480499999999], [39.177748, 12.6371096], [39.1834045, 12.6302971], [39.184160299999995, 12.6229915], [39.1823384, 12.618138199999999], [39.1830454, 12.612292799999999], [39.185746699999996, 12.6069102], [39.1896202, 12.600818999999996], [39.1940447, 12.594711499999997], [39.198433699999995, 12.587790799999999], [39.2015937, 12.5823142], [39.204276199999995, 12.575996199999999], [39.205720199999995, 12.570879], [39.2076042, 12.56604], [39.209217699999996, 12.5605905], [39.209786699999995, 12.5551275], [39.2087177, 12.549562499999999], [39.21428600000001, 12.5433772], [39.217556699999996, 12.535959], [39.2181256, 12.5300513], [39.222714599999996, 12.522300200000002], [39.2222596, 12.516662499999999], [39.2251959, 12.509217500000002], [39.229773900000005, 12.5010815], [39.231594900000005, 12.493144199999998], [39.230913199999996, 12.486169499999999], [39.2328281, 12.480770999999999], [39.2363545, 12.4730855], [39.235600000000005, 12.4657793], [39.235873999999995, 12.456365300000003], [39.2361612, 12.448997599999998], [39.23733169999999, 12.4409166], [39.2406076, 12.432241800000002], [39.2414329, 12.4256281], [39.2419941, 12.416609899999997], [39.2418735, 12.4139757], [39.241749, 12.411255800000001], [39.241636899999996, 12.4088057], [39.241842299999995, 12.4035946], [39.2414805, 12.4018908], [39.2399203, 12.394543599999997], [39.240400799999996, 12.3882834], [39.2429888, 12.380298199999999], [39.2434067, 12.3739267], [39.24439119999999, 12.365734999999999], [39.2464916, 12.359923999999996], [39.245529399999995, 12.3529444], [39.2482772, 12.348479699999999], [39.2511887, 12.344123200000002], [39.25715819999999, 12.3393927], [39.262855099999996, 12.334706400000002], [39.263455199999996, 12.3304293], [39.264498200000006, 12.329293700000001], [39.2671342, 12.3264237], [39.2690696, 12.3227956], [39.2705537, 12.320013699999997], [39.2755987, 12.312032199999999], [39.2801992, 12.3050012], [39.284784699999996, 12.2996881], [39.2908743, 12.296071999999997], [39.293552, 12.2965027], [39.2990098, 12.2973806], [39.3052083, 12.2972802], [39.312677099999995, 12.3008758], [39.3217028, 12.3048662], [39.3282945, 12.3022935], [39.3338152, 12.3006041], [39.3423452, 12.300702099999999], [39.350151600000004, 12.298413400000001], [39.3539679, 12.2987767], [39.356969899999996, 12.299062399999999], [39.359785599999995, 12.299529], [39.3657777, 12.300521900000001], [39.372576699999996, 12.3012953], [39.3746842, 12.3011902], [39.3885958, 12.300496200000001], [39.40288590000001, 12.295279], [39.4195142, 12.2965967], [39.4275747, 12.302441], [39.4407437, 12.3154995], [39.4520929, 12.322795699999999], [39.45556409999999, 12.325027199999996], [39.46476059999999, 12.3227956], [39.470518, 12.3213986], [39.47489139999999, 12.3227957], [39.4871578, 12.3267141], [39.501024799999996, 12.331712099999999], [39.507441, 12.332851999999999], [39.515158799999995, 12.3293605], [39.522662, 12.326414], [39.5243593, 12.3227956], [39.5292848, 12.3122955], [39.531191899999996, 12.306057899999999], [39.5353121, 12.299931800000001], [39.538536400000005, 12.2919118], [39.5413399, 12.2775299], [39.5432735, 12.265007899999999], [39.5551843, 12.255511199999995], [39.5725439, 12.2559256], [39.586632099999996, 12.2658676], [39.5918698, 12.270975599999998], [39.5969625, 12.269870299999997], [39.6050003, 12.2705624], [39.614213, 12.2757312], [39.6201217, 12.282375199999999], [39.62512299999999, 12.2879988], [39.62093439999999, 12.300221699999998], [39.6247343, 12.3027122], [39.6267999, 12.304065999999997], [39.6322744, 12.307654099999997], [39.64094420000001, 12.307630999999999], [39.6497675, 12.3068923], [39.658701199999996, 12.306381299999998], [39.6650443, 12.3076194], [39.67931459999999, 12.3078159], [39.6884729, 12.306920199999999], [39.70626509999999, 12.3062066], [39.72150190000001, 12.308228299999998], [39.7218376, 12.3083604], [39.7265526, 12.3102144], [39.7391073, 12.312837400000001], [39.74795820000001, 12.316504199999997], [39.7585538, 12.3199531], [39.759770599999996, 12.313163399999997], [39.761546900000006, 12.303251999999999], [39.777141, 12.3108849], [39.7979601, 12.315826699999999], [39.800328199999996, 12.316388900000002], [39.8148199, 12.322795699999999], [39.817611299999996, 12.3240298], [39.819009699999995, 12.3227956], [39.8247369, 12.317740800000001], [39.8236552, 12.2916248], [39.8243302, 12.282227800000001], [39.8253272, 12.270998899999999], [39.82561109999999, 12.2564299], [39.82572429999999, 12.255511199999997], [39.8275791, 12.2404579], [39.8112876, 12.239165700000001], [39.807547, 12.238868900000002], [39.80362589999999, 12.229687], [39.8026768, 12.210929999999998], [39.7998608, 12.194985100000002], [39.80710169999999, 12.1703871], [39.8104607, 12.164385099999999], [39.8128287, 12.1566401], [39.8168067, 12.138656099999999], [39.8191516, 12.1234381], [39.828600599999994, 12.099837099999998], [39.843836100000004, 12.094562999999999], [39.861724699999996, 12.088369], [39.8597867, 12.083331], [39.84350250000001, 12.0653081], [39.8412625, 12.053548200000002], [39.84594699999999, 12.044027199999999], [39.849935, 12.0368061], [39.852484100000005, 12.0321382], [39.854109, 12.029162599999996], [39.854626700000004, 12.027999000000001], [39.8579285, 12.020577600000001], [39.86139800000001, 12.0126026], [39.86330189999999, 12.0063122], [39.864833399999995, 12.001102199999998], [39.866738399999996, 11.9951882], [39.8704499, 11.9896107], [39.873593400000004, 11.9823392], [39.8765469, 11.974361199999999], [39.878741399999996, 11.9633262], [39.8806193, 11.9488572], [39.8833653, 11.926591199999999], [39.8841933, 11.9212832], [39.885812200000004, 11.913864199999999], [39.8871002, 11.905738200000002], [39.880480600000006, 11.890223499999998], [39.878522, 11.884002299999999], [39.87809689999999, 11.882651999999998], [39.87809680000001, 11.863583099999998], [39.8779566, 11.858395300000002], [39.8745913, 11.8233421], [39.8734696, 11.7985595], [39.873609699999996, 11.790953], [39.8742435, 11.7842725], [39.8742533, 11.784186799999999], [39.8748716, 11.778754500000002], [39.8792182, 11.767397199999998], [39.8851072, 11.761788700000002], [39.8917061, 11.7520525], [39.9022131, 11.736550300000001], [39.907260799999996, 11.7265952], [39.9114672, 11.718042200000001], [39.919319099999996, 11.707245799999999], [39.923946099999995, 11.700795999999997], [39.92703949999999, 11.698613499999999], [39.95003090000001, 11.682392100000001], [39.9696557, 11.6644808], [39.9941132, 11.6811578], [40.015285500000005, 11.645552499999997], [39.997451, 11.612226], [39.9952383, 11.604096700000001], [39.9925445, 11.5974104], [39.993314100000006, 11.583797299999999], [40.0064731, 11.558640900000002], [40.009434299999995, 11.5540851], [40.0240127, 11.5308507], [40.0467338, 11.499074700000001], [40.054877999999995, 11.4876849], [40.05886429999999, 11.4791429], [40.0609144, 11.474131499999997], [40.0628769, 11.464318600000002], [40.0629644, 11.463881099999998], [40.0638756, 11.458186399999999], [40.064296999999996, 11.456169200000001], [40.0670645, 11.4429246], [40.067007600000004, 11.436261900000002], [40.06663799999999, 11.4321061], [40.0663341, 11.428689199999999], [40.0680043, 11.4080629], [40.070186899999996, 11.3736642], [40.0687026, 11.367203499999997], [40.0672184, 11.360568200000001], [40.06573410000001, 11.3492184], [40.06495629999999, 11.337759199999999], [40.07123440000001, 11.325645599999998], [40.079004700000006, 11.322502600000002], [40.102577600000004, 11.316914899999999], [40.11524120000001, 11.3038869], [40.1228037, 11.296106700000001], [40.1255393, 11.2915959], [40.1255812, 11.291505099999998], [40.128464, 11.285266199999997], [40.13488110000001, 11.2740473], [40.1394647, 11.267237300000001], [40.142476699999996, 11.2616497], [40.1456198, 11.255625600000002], [40.154643199999995, 11.2504458], [40.172875999999995, 11.239979600000002], [40.18045409999999, 11.2142084], [40.1833752, 11.2045941], [40.184970799999995, 11.199342], [40.1860938, 11.195645699999998], [40.188604399999996, 11.187381499999997], [40.190320099999994, 11.1817338], [40.1921683, 11.175649499999999], [40.1942618, 11.1687576], [40.19599799999999, 11.163041699999999], [40.197901099999996, 11.156775999999999], [40.2000411, 11.149730099999998], [40.2012898, 11.145618699999998], [40.2015479, 11.1447687], [40.203787399999996, 11.1373949], [40.2068468, 11.1273205], [40.2098841, 11.117318599999999], [40.2124379, 11.108908099999999], [40.193796400000004, 11.0963672], [40.195512799999996, 11.0682248], [40.19439579999999, 11.0580362], [40.1931804, 11.0478656], [40.18693899999999, 11.025342799999999], [40.1814495, 11.0190658], [40.1757948, 11.0112907], [40.17279779999999, 11.0070215], [40.1690021, 11.001571799999999], [40.1540736, 10.971609400000002], [40.1511685, 10.9646329], [40.1475778, 10.957939300000001], [40.1441284, 10.952115], [40.1237715, 10.937639200000001], [40.13294309999999, 10.9151613], [40.149311, 10.895796100000002], [40.157015699999995, 10.896157100000002], [40.18050160000001, 10.8968619], [40.1785098, 10.8843268], [40.175857199999996, 10.8777825], [40.169951600000005, 10.873524699999999], [40.1670076, 10.847944300000002], [40.166952699999996, 10.847467199999999], [40.1680657, 10.842075399999999], [40.167107699999995, 10.834037000000002], [40.1640884, 10.828607900000002], [40.166695399999995, 10.8050483], [40.1404235, 10.782155699999999], [40.1332172, 10.778656799999998], [40.1283533, 10.7735049], [40.122031299999996, 10.7681724], [40.1146911, 10.765233400000001], [40.1084235, 10.7638255], [40.102610899999995, 10.755046199999997], [40.102545899999996, 10.739684200000001], [40.1090766, 10.7238846], [40.110782, 10.7157176], [40.1145101, 10.6978635], [40.1190704, 10.669583000000001], [40.121253599999996, 10.656044299999998], [40.1284963, 10.617484700000002], [40.1316017, 10.5968571], [40.1353558, 10.5719172], [40.1374481, 10.5580167], [40.14018209999999, 10.5398517], [40.1417815, 10.5292242], [40.1434816, 10.5179277], [40.1465409, 10.497596800000002], [40.1473403, 10.4922842], [40.1473574, 10.492170699999999], [40.147935600000004, 10.4883286], [40.1480154, 10.4877979], [40.1506324, 10.4704043], [40.15076010000001, 10.468652700000002], [40.151057099999996, 10.464579400000002], [40.1510916, 10.464106400000002], [40.152015299999995, 10.4514379], [40.1529014, 10.4392858], [40.161587999999995, 10.435340499999999], [40.1636399, 10.4123638], [40.1634402, 10.3815089], [40.16305739999999, 10.3748041], [40.160745000000006, 10.362550700000002], [40.15909429999999, 10.356278900000001], [40.16002840000001, 10.338084], [40.1599356, 10.3084878], [40.160385700000006, 10.300797700000002], [40.157497899999996, 10.2853654], [40.1466597, 10.2772171], [40.155579599999996, 10.2574107], [40.14986880000001, 10.233329599999998], [40.1433882, 10.2132842], [40.1361628, 10.193339], [40.128993699999995, 10.173546199999999], [40.1370571, 10.1450377], [40.150272799999996, 10.109551300000001], [40.1581457, 10.0902786], [40.153666099999995, 10.086916399999998], [40.1325849, 10.0710935], [40.10715080000001, 10.07118], [40.06902489999999, 10.0790616], [40.0474154, 10.0768042], [40.024008599999995, 10.074357299999999], [40.008007000000006, 10.0756924], [39.9935628, 10.076897599999999], [39.98895079999999, 10.088315099999999], [39.9801784, 10.0878519], [39.969169699999995, 10.084939799999999], [39.948171699999996, 10.084464100000002], [39.9272748, 10.0899626], [39.933541999999996, 10.071673800000001], [39.93678510000001, 10.06221], [39.9434447, 10.059189899999998], [39.9416199, 10.043069899999999], [39.9246993, 10.0140962], [39.925516200000004, 10.013553100000001], [39.92734819999999, 10.0126387], [39.9285381, 10.0131879], [39.930214899999996, 10.013962000000001], [39.931264, 10.0144463], [39.931065399999994, 10.0125326], [39.931762299999995, 10.007020599999999], [39.9311207, 10.0065504], [39.9302507, 10.006170000000001], [39.92968909999999, 10.005838099999998], [39.9473542, 9.993374800000002], [39.961105499999995, 9.994097199999999], [39.9924098, 9.9933087], [40.000419199999996, 9.992906], [40.00980829999999, 9.991180800000002], [40.0319524, 9.994487], [40.0431594, 9.991030499999999], [40.0589053, 9.977105199999999], [40.0662154, 9.9662674], [40.0672721, 9.9600703], [40.0721605, 9.955076400000001], [40.078963699999996, 9.949571299999999], [40.0804228, 9.9483906], [40.08884249999999, 9.9348055], [40.0856393, 9.926274500000002], [40.0778245, 9.905461899999997], [40.069378799999996, 9.904797799999997], [40.0635921, 9.9024266], [40.0635591, 9.9024131], [40.058430099999995, 9.864338999999998], [40.070692799999996, 9.857416599999999], [40.0526706, 9.842197299999997], [40.035206699999996, 9.842798499999999], [40.0346607, 9.8418481], [40.027798399999995, 9.8299024], [40.017490699999996, 9.820008099999999], [40.0110254, 9.8185568], [40.0044567, 9.7952304], [40.007639399999995, 9.7887203], [40.007788700000006, 9.786331200000001], [40.0080734, 9.781776099999998], [40.0044432, 9.777271700000002], [39.9934291, 9.763605], [39.991154, 9.7567256], [40.001832199999996, 9.747931800000002], [40.005915099999996, 9.741022300000001], [40.013766700000005, 9.7375676], [40.009369799999995, 9.7328567], [39.9735307, 9.7292288], [39.965959, 9.729900599999999], [39.9547307, 9.7302488], [39.9539833, 9.7303973], [39.9489406, 9.731398800000001], [39.9440806, 9.733238799999999], [39.938760599999995, 9.7348488], [39.9320506, 9.736918900000001], [39.923720499999995, 9.7401489], [39.9181605, 9.7417589], [39.87580030000001, 9.752809], [39.8621403, 9.753959], [39.85658019999999, 9.752578999999999], [39.850097, 9.748559199999999], [39.8497741, 9.748358999999999], [39.849208100000006, 9.7468965], [39.8484723, 9.744995], [39.84509549999999, 9.736269199999999], [39.8391276, 9.723559800000002], [39.8443304, 9.715267299999999], [39.8483176, 9.708912399999999], [39.848452699999996, 9.708696999999999], [39.85267849999999, 9.6986818], [39.8499191, 9.6877254], [39.8564874, 9.6600954], [39.8571879, 9.657148699999999], [39.8575842, 9.655481599999998], [39.85766259999999, 9.6551519], [39.861597599999996, 9.651589999999999], [39.869135799999995, 9.640525799999999], [39.873977599999996, 9.632793900000001], [39.879328, 9.624249899999999], [39.883795500000005, 9.610633300000002], [39.88330539999999, 9.606904599999998], [39.8832107, 9.6061842], [39.8829925, 9.604524399999999], [39.882781800000004, 9.6029219], [39.882415, 9.600131200000002], [39.8814796, 9.593015200000002], [39.8799047, 9.5886291], [39.877870699999995, 9.582964300000002], [39.8771466, 9.576569400000002], [39.8683726, 9.5730025], [39.867849799999995, 9.5727899], [39.8656788, 9.571907399999999], [39.8643667, 9.571373999999999], [39.853634799999995, 9.5670111], [39.848585099999994, 9.564744], [39.8475786, 9.5642921], [39.8536097, 9.5591772], [39.8567681, 9.5564986], [39.8573242, 9.5470848], [39.8479115, 9.525209399999998], [39.8470984, 9.510716300000002], [39.83752580000001, 9.5018991], [39.8463413, 9.484199199999997], [39.8478312, 9.481207699999999], [39.8565075, 9.473497], [39.8725258, 9.459261299999998], [39.873097, 9.446841000000001], [39.8714124, 9.441606499999999], [39.8746416, 9.4135057], [39.8744077, 9.4077519], [39.8786458, 9.4004106], [39.8728918, 9.3977636], [39.86662829999999, 9.3999349], [39.85677369999999, 9.403422700000002], [39.828766900000005, 9.4144515], [39.821455799999995, 9.4174402], [39.8072225, 9.412841], [39.7997997, 9.3996771], [39.7987512, 9.399384999999999], [39.785192599999995, 9.395607100000001], [39.7871144, 9.3877235], [39.7914789, 9.3698196], [39.77032589999999, 9.3695126], [39.749826299999995, 9.369214999999999], [39.75020219999999, 9.365679199999999], [39.750865999999995, 9.364051], [39.7516584, 9.3627571], [39.7517296, 9.362254499999999], [39.7520172, 9.361535899999998], [39.7525943, 9.3610322], [39.7530989, 9.360384999999999], [39.7535312, 9.359738], [39.7541082, 9.359162399999999], [39.7545407, 9.358587199999999], [39.75518889999999, 9.357509], [39.756198999999995, 9.356645300000002], [39.7569917, 9.3555668], [39.757713, 9.3548473], [39.7582172, 9.354056599999998], [39.758866499999996, 9.3534809], [39.759174699999996, 9.353173499999999], [39.7581686, 9.3511335], [39.7584861, 9.348658900000002], [39.7587073, 9.346935499999999], [39.761432299999996, 9.3427658], [39.7625293, 9.342554900000001], [39.764180200000006, 9.341008], [39.76419489999999, 9.3409942], [39.7641943, 9.340989000000002], [39.7641713, 9.340784], [39.764406199999996, 9.340704299999999], [39.764559899999995, 9.340652100000002], [39.76497570000001, 9.3402625], [39.7658505, 9.339688200000001], [39.766280699999996, 9.3393028], [39.766791600000005, 9.3390703], [39.768363199999996, 9.338038499999998], [39.7690701, 9.3376688], [39.770012799999996, 9.336843000000002], [39.7702503, 9.335311], [39.7709669, 9.332509600000002], [39.7717847, 9.331909600000001], [39.7724554, 9.330137299999999], [39.7727386, 9.3274565], [39.7728578, 9.3266619], [39.77290180000001, 9.3260049], [39.7731925, 9.321668999999998], [39.7737228, 9.3192738], [39.773985499999995, 9.316967900000002], [39.774872099999996, 9.3142173], [39.7770977, 9.311463799999999], [39.778879499999995, 9.3098639], [39.7819113, 9.308438599999999], [39.7839257, 9.307642399999999], [39.7857463, 9.306922799999999], [39.7870449, 9.306919899999997], [39.789141199999996, 9.3042196], [39.8054424, 9.3062582], [39.816713, 9.307667600000002], [39.822631699999995, 9.310133100000002], [39.8276591, 9.3124234], [39.8338573, 9.3147539], [39.8402343, 9.3143995], [39.8409497, 9.3143598], [39.8441363, 9.3141827], [39.849382299999995, 9.3118489], [39.8599983, 9.307126199999999], [39.8661606, 9.296919599999999], [39.8684365, 9.293756199999999], [39.885988999999995, 9.269359399999999], [39.8570054, 9.2700741], [39.862955299999996, 9.242262600000002], [39.8702252, 9.2361157], [39.873228499999996, 9.233576300000001], [39.8730297, 9.2272924], [39.8652899, 9.219553099999999], [39.853504699999995, 9.2108126], [39.8477672, 9.201510899999999], [39.8411873, 9.1935235], [39.8406139, 9.1928273], [39.83611760000001, 9.1882994], [39.8146209, 9.1723064], [39.813013299999994, 9.171110400000002], [39.8162242, 9.1615788], [39.8152237, 9.1541502], [39.81633, 9.1451687], [39.8163417, 9.1450734], [39.816435899999995, 9.144308899999999], [39.81742069999999, 9.1363142], [39.807734599999996, 9.1354451], [39.8019618, 9.1260514], [39.7971308, 9.1214667], [39.793804400000006, 9.1127437], [39.7889278, 9.109930799999999], [39.787680099999996, 9.109211], [39.7863542, 9.1084462], [39.780248, 9.104351000000001], [39.777646499999996, 9.102882], [39.7709476, 9.099099299999999], [39.763918, 9.0951299], [39.7424521, 9.0912578], [39.746532599999995, 9.068505399999998], [39.747495799999996, 9.063134899999998], [39.74616749999999, 9.055157200000002], [39.7436795, 9.0480016], [39.740242200000004, 9.039542599999999], [39.7411557, 9.023024699999999], [39.746161199999996, 9.015260699999999], [39.7465121, 9.009759899999999], [39.746676099999995, 8.9889186], [39.7471138, 8.971996299999999], [39.7482939, 8.9467426], [39.7480129, 8.910277899999999], [39.7384975, 8.8720606], [39.7368842, 8.8572095], [39.731332699999996, 8.844191300000002], [39.733277199999996, 8.8262401], [39.716727899999995, 8.8160806], [39.6791683, 8.8156525], [39.6621372, 8.813192499999998], [39.660740499999996, 8.811981099999997], [39.650100099999996, 8.802753], [39.6340687, 8.798795499999999], [39.61702269999999, 8.786869], [39.5990053, 8.792875700000002], [39.59150029999999, 8.7968727], [39.5619868, 8.8178396], [39.5569391, 8.7914462], [39.5517862, 8.768750599999999], [39.5337761, 8.757960599999997], [39.519253899999995, 8.7389891], [39.5147555, 8.733112], [39.5007502, 8.714812499999999], [39.4922527, 8.7252846], [39.470243499999995, 8.741751299999999], [39.4598795, 8.7469226], [39.4508456, 8.7514301], [39.449226599999996, 8.752237899999999], [39.4397313, 8.7676915], [39.4312448, 8.7901177], [39.4242488, 8.8030774], [39.417751599999995, 8.814542], [39.4054857, 8.8099609], [39.386184199999995, 8.7986354], [39.37816399999999, 8.7911715], [39.374646999999996, 8.779717699999999], [39.373632400000005, 8.766767000000002], [39.3746198, 8.752817900000002], [39.375983399999996, 8.740771300000002], [39.3771012, 8.7308971], [39.3740817, 8.7290236], [39.3610693, 8.720949899999997], [39.34204890000001, 8.7269454], [39.3315468, 8.740903], [39.3245421, 8.746886899999998], [39.3158534, 8.7355217], [39.3084424, 8.7258274], [39.3053068, 8.7217258], [39.29898259999999, 8.718513600000001], [39.2930559, 8.718188500000002], [39.28581489999999, 8.717791300000002], [39.2745734, 8.722708500000001], [39.27379020000001, 8.7230511], [39.2733506, 8.7232434], [39.270499699999995, 8.7244905], [39.270448, 8.7245131], [39.270429099999994, 8.724563000000002], [39.2695322, 8.7269302], [39.2661255, 8.7359213], [39.2661132, 8.7359536], [39.261952099999995, 8.746935900000002], [39.2729827, 8.7668539], [39.271993099999996, 8.783044499999997], [39.266492400000004, 8.7937587], [39.258987700000006, 8.803727], [39.254487, 8.8131949], [39.243854999999996, 8.8276813], [39.243910799999995, 8.8314989], [39.2439451, 8.8338465], [39.243985599999995, 8.836615], [39.24727209999999, 8.837600799999999], [39.248723399999996, 8.838036099999998], [39.2531859, 8.8393746], [39.2655265, 8.843076100000001], [39.2605233, 8.8505519], [39.2374912, 8.8620248], [39.2410151, 8.8889225], [39.256225, 8.9066809], [39.259082400000004, 8.910017100000001], [39.2626049, 8.9169334], [39.265381399999995, 8.9223851], [39.264625099999996, 8.9268741], [39.259384499999996, 8.9579778], [39.25859959999999, 8.9626361], [39.269635300000004, 8.9805613], [39.288188399999996, 8.9989784], [39.292106499999996, 9.023822], [39.2933513, 9.0317142], [39.296751300000004, 9.053268899999999], [39.306038699999995, 9.0567531], [39.315299499999995, 9.0602272], [39.3165779, 9.0603863], [39.3167871, 9.0604123], [39.3228535, 9.061167100000002], [39.347025599999995, 9.0641745], [39.347138099999995, 9.0641509], [39.3570123, 9.062080300000002], [39.3563908, 9.064000400000001], [39.3542091, 9.0707413], [39.3530174, 9.071953399999998], [39.3484689, 9.076579700000002], [39.3485394, 9.082621], [39.3485649, 9.0848098], [39.348602899999996, 9.088063199999999], [39.345766399999995, 9.0938535], [39.3429293, 9.0996432], [39.3401261, 9.1083046], [39.337288699999995, 9.114094300000001], [39.3350462, 9.1210231], [39.328844, 9.1372061], [39.3201646, 9.1402225], [39.322039, 9.1455655], [39.32316899999999, 9.148786499999998], [39.31936520000001, 9.1488498], [39.314456, 9.148931599999997], [39.294126299999995, 9.149269300000002], [39.2695401, 9.1417272], [39.2495222, 9.135586], [39.241943600000006, 9.1455022], [39.2396858, 9.1484563], [39.2336768, 9.1579249], [39.2146374, 9.173379200000001], [39.201613099999996, 9.1903236], [39.18858869999999, 9.209260099999998], [39.2041252, 9.220938100000001], [39.204304300000004, 9.2210728], [39.213682500000004, 9.2281218], [39.212924, 9.2293107], [39.208859999999994, 9.2356803], [39.207437999999996, 9.2379091], [39.205201, 9.241415199999999], [39.20359, 9.243940199999997], [39.2025278, 9.245605], [39.199743100000006, 9.249969499999999], [39.1991895, 9.250208599999999], [39.1972301, 9.251055099999999], [39.1940868, 9.2524129], [39.1777437, 9.2710739], [39.1868711, 9.277542299999999], [39.1874925, 9.277982699999997], [39.1891914, 9.2791867], [39.1909736, 9.280449699999998], [39.19802179999999, 9.2854447], [39.2001274, 9.286936899999999], [39.202215800000005, 9.288416999999999], [39.2034354, 9.2892812], [39.207188099999996, 9.2919407], [39.2076692, 9.2919711], [39.2111052, 9.2921881], [39.2136709, 9.292350100000002], [39.21673069999999, 9.292543300000002], [39.218991599999995, 9.292686], [39.2336622, 9.293612399999999], [39.237047700000005, 9.2883058], [39.2372756, 9.2879485], [39.2398218, 9.2839574], [39.2399965, 9.2836836], [39.24667829999999, 9.273209999999999], [39.247694599999996, 9.2716171], [39.249526599999996, 9.2687454], [39.257585299999995, 9.2561137], [39.2604244, 9.2503246], [39.265600899999995, 9.245064000000001], [39.26616879999999, 9.244487], [39.271161, 9.2533759], [39.2781951, 9.265900499999999], [39.284730499999995, 9.2775373], [39.274989399999995, 9.283276599999999], [39.266205799999994, 9.2884517], [39.26608339999999, 9.2908951], [39.2654237, 9.3040718], [39.265053900000005, 9.311456], [39.26441630000001, 9.324190899999998], [39.27179079999999, 9.3178398], [39.2782816, 9.312249699999999], [39.2825284, 9.3143546], [39.2854376, 9.3157965], [39.28636360000001, 9.318242900000001], [39.291469, 9.3317319], [39.2926721, 9.3455363], [39.2929884, 9.349165200000002], [39.3030259, 9.3566287], [39.3065453, 9.3660901], [39.31958579999999, 9.365580399999999], [39.320095200000004, 9.3740481], [39.3251172, 9.3805192], [39.33237849999999, 9.380512399999999], [39.337155499999994, 9.3805078], [39.3466838, 9.378506000000002], [39.35670590000001, 9.3690315], [39.36831679999999, 9.373807099999999], [39.37301449999999, 9.3757393], [39.376283699999995, 9.3839549], [39.3948519, 9.391904499999999], [39.3951713, 9.391498399999998], [39.4033248, 9.3811277], [39.4038676, 9.3804374], [39.4118859, 9.3744506], [39.4121218, 9.374367599999998], [39.4204092, 9.3714517], [39.4226782, 9.374720799999999], [39.4259363, 9.379414999999998], [39.440484999999995, 9.3813896], [39.44564309999999, 9.383906199999998], [39.445847, 9.3843083], [39.4485923, 9.3897229], [39.4522423, 9.3939154], [39.4535567, 9.399783], [39.4538745, 9.401201900000002], [39.4495674, 9.4047104], [39.447227399999996, 9.4094704], [39.443087399999996, 9.4143805], [39.4476324, 9.418805399999998], [39.44808820000001, 9.42055], [39.448553, 9.422328799999999], [39.4493224, 9.4252738], [39.44770580000001, 9.432491299999999], [39.4377257, 9.4341355], [39.4303254, 9.4338765], [39.4245673, 9.437124500000001], [39.4183473, 9.441957199999997], [39.4112523, 9.4474805], [39.405282299999996, 9.4502622], [39.3939272, 9.455048600000001], [39.3929333, 9.4541803], [39.3904134, 9.451979099999997], [39.3879009, 9.4497843], [39.3784005, 9.4460806], [39.3727411, 9.4468306], [39.372910499999996, 9.4521639], [39.3733405, 9.457993899999998], [39.3769235, 9.463288499999999], [39.3750705, 9.4670573], [39.3694172, 9.4699373], [39.36308210000001, 9.4738606], [39.35561709999999, 9.474234], [39.3503871, 9.4719606], [39.343776999999996, 9.472300699999998], [39.338567, 9.4747807], [39.3315595, 9.4729957], [39.3235919, 9.469980699999999], [39.314850199999995, 9.4670041], [39.3096919, 9.467680800000002], [39.3055294, 9.473743299999997], [39.3040469, 9.481135799999999], [39.3010635, 9.487787399999998], [39.2940952, 9.4917408], [39.293726199999995, 9.498642499999999], [39.2936219, 9.500593299999998], [39.2973215, 9.501951], [39.2995369, 9.502764100000002], [39.30519160000001, 9.505244099999999], [39.3025441, 9.5119965], [39.3021335, 9.5226966], [39.308687, 9.5307832], [39.312939899999996, 9.535560000000002], [39.3181442, 9.529402100000002], [39.3229428, 9.5257335], [39.3296938, 9.5265573], [39.3342241, 9.533403599999998], [39.3383398, 9.541256100000002], [39.341400900000004, 9.5453921], [39.347707299999996, 9.547610599999999], [39.3528458, 9.549201600000002], [39.36060450000001, 9.5460632], [39.365814, 9.5529072], [39.369319, 9.5577572], [39.370367900000005, 9.5597507], [39.3708002, 9.560572299999997], [39.3726237, 9.564038], [39.376473399999995, 9.5673345], [39.3766787, 9.5679099], [39.376852299999996, 9.5683965], [39.37704, 9.5689228], [39.378375999999996, 9.5726678], [39.3785275, 9.5730925], [39.3784443, 9.574076699999999], [39.3779302, 9.580163800000001], [39.3772091, 9.580584300000002], [39.3769243, 9.5807504], [39.3732515, 9.582892399999999], [39.3732839, 9.5856519], [39.3733375, 9.5902273], [39.373358599999996, 9.5920277], [39.37364509999999, 9.5922203], [39.379662499999995, 9.596266499999999], [39.3841891, 9.602902199999999], [39.384489599999995, 9.605004], [39.384929199999995, 9.6080787], [39.385307600000004, 9.6107248], [39.3888191, 9.6157404], [39.388814599999996, 9.615800799999999], [39.38831969999999, 9.622421000000001], [39.38585870000001, 9.6308214], [39.380552699999996, 9.6305094], [39.375454, 9.629229899999999], [39.3718838, 9.626380299999997], [39.371025599999996, 9.6256953], [39.3690721, 9.6242608], [39.3680549, 9.623513899999999], [39.3660012, 9.622005899999998], [39.3653139, 9.621513499999999], [39.3616878, 9.6189158], [39.354392, 9.6176834], [39.352048499999995, 9.6220539], [39.352697, 9.628236699999999], [39.353327, 9.634108099999997], [39.3555548, 9.639846], [39.3562547, 9.643172], [39.357240999999995, 9.6478588], [39.3577505, 9.6568638], [39.360702599999996, 9.660007600000002], [39.362131, 9.661528799999997], [39.368185, 9.663033100000002], [39.368864200000004, 9.6645456], [39.37129900000001, 9.669967699999999], [39.37031919999999, 9.6711708], [39.3669673, 9.675286700000001], [39.3609791, 9.6802795], [39.364792300000005, 9.6845764], [39.3690269, 9.688861900000001], [39.3697238, 9.689567199999999], [39.3699331, 9.6948175], [39.370114799999996, 9.6993773], [39.3654458, 9.7009971], [39.3643189, 9.701388099999999], [39.3641352, 9.7014518], [39.3577036, 9.700644400000002], [39.3503153, 9.699932399999998], [39.3444863, 9.6990043], [39.339346299999995, 9.7039189], [39.3380285, 9.710214099999998], [39.338051400000005, 9.7102718], [39.3384112, 9.711177099999999], [39.3388505, 9.7122827], [39.340762899999994, 9.7170953], [39.3467164, 9.725141499999998], [39.34268019999999, 9.727039099999999], [39.3425292, 9.72711], [39.3417849, 9.7274599], [39.335141199999995, 9.7258423], [39.328772, 9.724367899999999], [39.32428149999999, 9.724236599999998], [39.320451, 9.7241245], [39.316154899999994, 9.728548099999998], [39.313349599999995, 9.7314368], [39.3118369, 9.7364008], [39.31115, 9.738655099999999], [39.308099, 9.744016399999998], [39.30311330000001, 9.7460091], [39.2978555, 9.748033], [39.2917408, 9.745133000000001], [39.28939150000001, 9.7387866], [39.2875841, 9.7339646], [39.283543, 9.733527500000001], [39.2803916, 9.7331867], [39.2735504, 9.737443599999997], [39.2681178, 9.739742099999999], [39.263587199999996, 9.735223999999999], [39.2616195, 9.731934599999999], [39.260049599999995, 9.7293102], [39.2576891, 9.7245689], [39.255198899999996, 9.7197979], [39.252319799999995, 9.712386500000001], [39.249905999999996, 9.7049069], [39.2447727, 9.7018215], [39.23902489999999, 9.702391], [39.2328088, 9.699161299999998], [39.230601199999995, 9.696626499999999], [39.2280631, 9.6937121], [39.225008700000004, 9.6989106], [39.2234957, 9.7052093], [39.216750499999996, 9.7083982], [39.21590049999999, 9.707818800000002], [39.211798, 9.705022900000001], [39.211392599999996, 9.7047466], [39.2086365, 9.7109099], [39.2074629, 9.7095445], [39.204894599999996, 9.7065564], [39.2036412, 9.7071291], [39.2001255, 9.7087357], [39.1973518, 9.716352599999999], [39.1936258, 9.7175026], [39.1905733, 9.718444699999997], [39.189639899999996, 9.718680599999999], [39.1868403, 9.719388100000002], [39.1841726, 9.720062299999999], [39.183515699999994, 9.7148367], [39.184559899999996, 9.7066825], [39.1841066, 9.7001524], [39.1842508, 9.694788599999999], [39.184274599999995, 9.693902200000002], [39.1840247, 9.6857573], [39.1796722, 9.6886078], [39.1786349, 9.6892871], [39.17775299999999, 9.690400199999997], [39.1771032, 9.691220200000002], [39.1742274, 9.6948498], [39.16626730000001, 9.6926841], [39.161873, 9.6888569], [39.16178269999999, 9.688778200000002], [39.1616157, 9.688775899999998], [39.161375799999995, 9.688772700000001], [39.1556909, 9.6886948], [39.149094000000005, 9.690769999999999], [39.145374499999996, 9.693345899999999], [39.146314200000006, 9.700222499999999], [39.1460186, 9.7069998], [39.145967, 9.7081822], [39.14595569999999, 9.708440399999999], [39.14662589999999, 9.711033100000002], [39.146783299999996, 9.7116416], [39.1468266, 9.7118092], [39.1470146, 9.7125366], [39.147743999999996, 9.715358000000002], [39.1443276, 9.720709399999999], [39.1448959, 9.728643199999999], [39.1445135, 9.730016299999997], [39.1444264, 9.730329099999997], [39.1436931, 9.7329618], [39.1432292, 9.734627600000001], [39.143037299999996, 9.7353165], [39.1416581, 9.7372892], [39.14012679999999, 9.7394795], [39.1393027, 9.740658300000002], [39.1334707, 9.7413857], [39.1274772, 9.738531400000001], [39.12269140000001, 9.7349402], [39.116999500000006, 9.733276799999999], [39.10960359999999, 9.7324761], [39.1057522, 9.733182000000001], [39.102928299999995, 9.733699500000002], [39.09768599999999, 9.7354421], [39.097404000000004, 9.7438199], [39.1008319, 9.7461168], [39.104532, 9.748596], [39.1042463, 9.749265], [39.1017735, 9.755054699999999], [39.097383799999996, 9.758243300000002], [39.092213400000006, 9.763080900000002], [39.0871103, 9.7615106], [39.082091999999996, 9.756978299999998], [39.076536999999995, 9.7545839], [39.068875899999995, 9.7529564], [39.058789, 9.7534695], [39.050451699999996, 9.7534364], [39.0429864, 9.750847], [39.0360005, 9.7470133], [39.03507479999999, 9.7522102], [39.034968899999996, 9.7528047], [39.0340364, 9.753373], [39.030573200000006, 9.7554839], [39.02361669999999, 9.757856799999999], [39.0165904, 9.757725299999999], [39.01220000000001, 9.7522033], [39.0044803, 9.7505966], [39.0029646, 9.7500626], [38.9971414, 9.7480107], [38.9949497, 9.747375399999997], [38.9944558, 9.7472323], [38.9901044, 9.7459709], [38.985868499999995, 9.749043900000002], [38.9807585, 9.7519821], [38.977661, 9.7562764], [38.974420300000006, 9.7611051], [38.97111969999999, 9.7585863], [38.9679474, 9.756165500000002], [38.9646489, 9.750005400000001], [38.96413940000001, 9.7490538], [38.9576803, 9.7437424], [38.9539898, 9.740390199999998], [38.953718099999996, 9.7401434], [38.9520881, 9.738662699999999], [38.9527185, 9.7326828], [38.9551705, 9.7262311], [38.9573247, 9.722002699999997], [38.9590998, 9.7185185], [38.9593117, 9.7170917], [38.9595705, 9.7153499], [38.9602528, 9.7107571], [38.9538168, 9.7138055], [38.949847299999995, 9.717098499999997], [38.9447469, 9.7211582], [38.9402697, 9.725163799999999], [38.93473309999999, 9.7279433], [38.9281623, 9.7250915], [38.9232244, 9.718117399999999], [38.923140599999996, 9.7179991], [38.922438199999995, 9.717155], [38.9177533, 9.7115254], [38.9093422, 9.708731600000002], [38.90441979999999, 9.710338799999999], [38.8967491, 9.714293399999997], [38.8918401, 9.718240600000001], [38.8859436, 9.721123000000002], [38.879635199999996, 9.725641], [38.8719927, 9.729578], [38.86654199999999, 9.7336334], [38.8626094, 9.7399157], [38.85848699999999, 9.744935], [38.852980300000006, 9.7495317], [38.8459946, 9.752892400000002], [38.8402628, 9.7570092], [38.838533600000005, 9.7593409], [38.8358286, 9.7629884], [38.8289003, 9.7691055], [38.82663780000001, 9.7754218], [38.8215053, 9.784497600000002], [38.819998000000005, 9.794540899999998], [38.818226599999996, 9.80273], [38.8136953, 9.8062018], [38.81146149999999, 9.811821799999997], [38.8077757, 9.8195464], [38.8080745, 9.824639], [38.8082413, 9.8274818], [38.8083562, 9.8353168], [38.806545299999996, 9.8428998], [38.8057179, 9.8486618], [38.805485399999995, 9.8544318], [38.8050934, 9.855657700000002], [38.8030288, 9.8621141], [38.7986377, 9.8701248], [38.793527399999995, 9.876248799999999], [38.7908529, 9.882626799999999], [38.794705799999996, 9.8874737], [38.79597, 9.8890641], [38.7991288, 9.8964734], [38.8007121, 9.903348399999999], [38.802462999999996, 9.9094642], [38.80247409999999, 9.914910299999999], [38.801341199999996, 9.9221179], [38.8013322, 9.9221751], [38.797823799999996, 9.9277834], [38.7967409, 9.932280799999997], [38.796395499999996, 9.933715099999999], [38.797322199999996, 9.9407751], [38.8014256, 9.9465117], [38.802667299999996, 9.953555], [38.8020304, 9.9561793], [38.800570300000004, 9.962195999999999], [38.79686780000001, 9.967724799999997], [38.7896016, 9.9719021], [38.7881504, 9.9738306], [38.786101599999995, 9.976553199999998], [38.78475519999999, 9.9783425], [38.7793252, 9.982384699999999], [38.771217400000005, 9.9781011], [38.7648777, 9.980644999999999], [38.7580563, 9.980672], [38.7521254, 9.9847185], [38.745855399999996, 9.9856568], [38.740241999999995, 9.9875285], [38.73454410000001, 9.992100899999997], [38.73357339999999, 9.992879799999999], [38.7329615, 9.9927641], [38.7254453, 9.9913419], [38.71862230000001, 9.996016899999997], [38.7183651, 9.9960866], [38.7098502, 9.998393999999998], [38.6996702, 10.004281899999999], [38.694117199999994, 10.007819899999998], [38.6864902, 10.008004699999999], [38.6811171, 10.013423999999999], [38.6738151, 10.015149500000001], [38.669499099999996, 10.019172], [38.6687383, 10.0203842], [38.6683175, 10.0210547], [38.668217899999995, 10.021213399999999], [38.668132, 10.0213503], [38.6652651, 10.0259182], [38.6625964, 10.030652199999999], [38.66081510000001, 10.033812], [38.66144759999999, 10.0391245], [38.6608617, 10.0429797], [38.6604835, 10.045468699999999], [38.6572351, 10.051452], [38.6591235, 10.0535073], [38.6626651, 10.057361999999998], [38.665725699999996, 10.0563944], [38.6688019, 10.055421999999998], [38.674469200000004, 10.053286], [38.68163270000001, 10.052778199999999], [38.688685299999996, 10.050231899999998], [38.695724, 10.0509005], [38.7014603, 10.049361900000001], [38.705658799999995, 10.0530019], [38.714735399999995, 10.0527918], [38.721357399999995, 10.0514438], [38.727729499999995, 10.054345800000002], [38.7338522, 10.056328500000001], [38.7409822, 10.061087599999997], [38.751244, 10.0633305], [38.7579223, 10.068251699999998], [38.7649478, 10.070805], [38.7726837, 10.077237700000001], [38.777265, 10.082801600000002], [38.784483300000005, 10.0859141], [38.7919771, 10.0893599], [38.7995285, 10.0902741], [38.8052985, 10.093496600000002], [38.8109432, 10.094408699999999], [38.8152352, 10.098705800000001], [38.816128899999995, 10.0996004], [38.816642699999996, 10.1001149], [38.8175243, 10.1020623], [38.8188344, 10.1049565], [38.8212036, 10.107297599999999], [38.823616099999995, 10.109681499999997], [38.829000199999996, 10.1096635], [38.833963700000005, 10.112943999999999], [38.839087899999996, 10.114398099999999], [38.8426096, 10.1099248], [38.84739289999999, 10.1130864], [38.852601199999995, 10.118053], [38.8508162, 10.1206506], [38.8506973, 10.120823699999997], [38.8506731, 10.120858899999998], [38.8485898, 10.123890499999998], [38.8474161, 10.1310511], [38.8472186, 10.1387352], [38.844322700000006, 10.1443078], [38.8392068, 10.1489525], [38.835833, 10.1556405], [38.8337443, 10.161852699999999], [38.8349158, 10.1716624], [38.834399, 10.1792448], [38.836486900000004, 10.1908929], [38.838099199999995, 10.1980642], [38.833672299999996, 10.2039548], [38.8326834, 10.2121134], [38.8352735, 10.225733900000002], [38.84043449999999, 10.233930899999999], [38.8407201, 10.2343846], [38.8446393, 10.2381618], [38.8476286, 10.244327], [38.844449, 10.2506528], [38.8445106, 10.253180799999999], [38.844580900000004, 10.2560671], [38.8478935, 10.261018199999997], [38.8480816, 10.261299299999997], [38.85058529999999, 10.263773800000001], [38.852241299999996, 10.2654106], [38.8525059, 10.2657479], [38.855654200000004, 10.269760800000002], [38.8608437, 10.2779809], [38.86046340000001, 10.2802068], [38.8594687, 10.2860277], [38.8556783, 10.2947378], [38.8556088, 10.300152299999999], [38.8554208, 10.308058299999999], [38.8553468, 10.3142648], [38.854569899999994, 10.3254013], [38.8532339, 10.3337773], [38.8518599, 10.339074799999999], [38.84843190000001, 10.345013299999998], [38.845066599999996, 10.3547619], [38.8457287, 10.3610236], [38.839744499999995, 10.3610286], [38.8343187, 10.3618253], [38.8284545, 10.363031300000001], [38.822902299999996, 10.363763299999999], [38.8156453, 10.3643205], [38.8064685, 10.368835599999999], [38.7984479, 10.368072699999999], [38.790692299999996, 10.366524399999998], [38.7846304, 10.366721799999999], [38.777440899999995, 10.365620800000002], [38.772146, 10.366160699999998], [38.767598, 10.370544500000001], [38.7612339, 10.375587000000001], [38.752930299999996, 10.379552499999997], [38.7461221, 10.3837465], [38.74048150000001, 10.3850926], [38.7382438, 10.3856266], [38.7295707, 10.3859274], [38.7207146, 10.386199300000001], [38.712635299999995, 10.3868693], [38.707473, 10.3843391], [38.702551199999995, 10.381224000000001], [38.6974, 10.3793918], [38.6901586, 10.378713699999999], [38.682304499999994, 10.379041], [38.6760157, 10.377419999999999], [38.671344, 10.374095100000002], [38.668110899999995, 10.373492599999999], [38.6641564, 10.372755600000001], [38.663772099999996, 10.372798399999999], [38.65648499999999, 10.373610800000002], [38.6501533, 10.376493799999999], [38.6444386, 10.376975300000002], [38.635947699999996, 10.3803464], [38.6302766, 10.382174800000001], [38.623847399999995, 10.37835], [38.6134336, 10.377061200000002], [38.604663900000006, 10.374600299999999], [38.599114, 10.3741086], [38.5921125, 10.374386099999997], [38.5848687, 10.3751143], [38.5779684, 10.377172800000002], [38.5717348, 10.375125], [38.5683174, 10.3746447], [38.5659617, 10.374313599999999], [38.5602093, 10.375922899999999], [38.5569819, 10.3750097], [38.550879099999996, 10.3732829], [38.5411545, 10.370294000000001], [38.534393, 10.3665047], [38.5237829, 10.3678099], [38.5152984, 10.3669313], [38.50284260000001, 10.3632642], [38.4961931, 10.3635732], [38.490379499999996, 10.3640074], [38.4834912, 10.365448899999999], [38.4794197, 10.364141], [38.4766766, 10.3632599], [38.4760896, 10.3562256], [38.479540199999995, 10.351125999999999], [38.48117260000001, 10.344483799999999], [38.481201399999996, 10.344366599999999], [38.4779795, 10.3388024], [38.477845599999995, 10.3384284], [38.4750654, 10.3306668], [38.4753089, 10.3223955], [38.4743469, 10.3176764], [38.473721499999996, 10.3146084], [38.469438499999995, 10.312009399999997], [38.46792399999999, 10.311090299999998], [38.466090799999996, 10.305224899999999], [38.4698426, 10.2985257], [38.4710748, 10.2954429], [38.472529099999996, 10.2918047], [38.46590200000001, 10.290885299999998], [38.4612537, 10.2901564], [38.4600673, 10.289970300000002], [38.4578687, 10.2820093], [38.4608795, 10.2759637], [38.4623304, 10.2692523], [38.4626719, 10.2676725], [38.458274599999996, 10.263753699999999], [38.4553365, 10.261135399999999], [38.4557503, 10.253892100000002], [38.4544257, 10.2477728], [38.4541912, 10.2466894], [38.448073, 10.240251899999999], [38.4416065, 10.2378349], [38.4368139, 10.2354632], [38.4307182, 10.231622400000001], [38.429414699999995, 10.2298401], [38.4290133, 10.229291199999997], [38.427212, 10.226828099999999], [38.4241743, 10.222707499999999], [38.4227363, 10.221848600000001], [38.419384799999996, 10.219846999999998], [38.419391399999995, 10.2132296], [38.42358290000001, 10.2070055], [38.426645799999996, 10.2000367], [38.4300435, 10.193133], [38.42895540000001, 10.1912712], [38.4262638, 10.1866663], [38.4261877, 10.186579900000002], [38.421050199999996, 10.180752499999999], [38.425894, 10.1778307], [38.4258401, 10.175898], [38.425724599999995, 10.171756099999998], [38.418228400000004, 10.167175], [38.4118761, 10.1645265], [38.4063103, 10.160372299999997], [38.405518799999996, 10.159318200000001], [38.4020552, 10.1547054], [38.4012027, 10.1500837], [38.4009367, 10.148641900000001], [38.3975, 10.144277899999997], [38.3898946, 10.1432069], [38.3756312, 10.1403546], [38.3663022, 10.140485499999997], [38.358061000000006, 10.144311], [38.35701379999999, 10.1508427], [38.35407549999999, 10.1550743], [38.3482788, 10.158841], [38.3468653, 10.158391199999999], [38.3400496, 10.1562219], [38.3376093, 10.15446], [38.3333197, 10.1513627], [38.330938599999996, 10.143092300000001], [38.325961899999996, 10.1331194], [38.3237132, 10.123433799999999], [38.32626529999999, 10.1153468], [38.3265175, 10.114547699999997], [38.3218095, 10.107186800000001], [38.314481, 10.107150299999999], [38.3086009, 10.1079528], [38.307273099999996, 10.1070081], [38.3022667, 10.103446199999999], [38.3007719, 10.097164200000002], [38.3003534, 10.0954054], [38.295275, 10.0892479], [38.2861258, 10.0885379], [38.2807733, 10.090926899999998], [38.2717607, 10.0918004], [38.2641852, 10.089274899999998], [38.2581098, 10.087652999999998], [38.2523756, 10.088428], [38.251519699999996, 10.096479], [38.2477886, 10.1019495], [38.24042669999999, 10.1026339], [38.23356, 10.098893300000002], [38.2273784, 10.095060199999999], [38.2219744, 10.0922525], [38.216389899999996, 10.0863643], [38.209462599999995, 10.0844506], [38.203744799999996, 10.081783099999999], [38.2001178, 10.078076099999999], [38.194239100000004, 10.0738608], [38.1880957, 10.070476099999997], [38.18430089999999, 10.066836899999998], [38.1766283, 10.0631054], [38.1721291, 10.059102799999998], [38.17061139999999, 10.057752599999999], [38.1702058, 10.053670900000002], [38.1699066, 10.050658699999998], [38.1673395, 10.046083699999999], [38.160354, 10.0441022], [38.155440600000006, 10.039856499999999], [38.15056519999999, 10.0351217], [38.145129, 10.036686900000001], [38.1421582, 10.043251800000002], [38.136950899999995, 10.047414], [38.1309397, 10.0474496], [38.1253027, 10.0431571], [38.1233699, 10.0394081], [38.1233254, 10.039321800000002], [38.12097879999999, 10.0347701], [38.1201471, 10.032957800000002], [38.11832689999999, 10.0289917], [38.1170896, 10.0236173], [38.1171238, 10.023448199999999], [38.1182772, 10.017750500000002], [38.11312890000001, 10.0159915], [38.106268199999995, 10.019406], [38.1007207, 10.0222572], [38.09408109999999, 10.0202174], [38.08756330000001, 10.0202508], [38.0821784, 10.016533899999999], [38.0802797, 10.0152233], [38.0820565, 10.009583599999997], [38.082708499999995, 10.007513899999998], [38.081208000000004, 10.002175399999997], [38.0749263, 10.0022112], [38.0697969, 10.001524], [38.0643159, 9.997895499999998], [38.0635005, 9.993913100000002], [38.062986099999996, 9.9914008], [38.06239329999999, 9.988505499999999], [38.0623218, 9.988156], [38.059931999999996, 9.9818035], [38.053216, 9.9818899], [38.0481137, 9.9815322], [38.0456387, 9.974776899999998], [38.0435859, 9.969779799999998], [38.0338756, 9.967522400000002], [38.025582199999995, 9.9683122], [38.0160124, 9.9667785], [38.0084547, 9.9641348], [38.0025612, 9.959635600000002], [37.9992336, 9.9535818], [37.993421399999995, 9.949085900000002], [37.986034999999994, 9.949739700000002], [37.980142099999995, 9.9492306], [37.978418399999995, 9.949081699999999], [37.9703815, 9.9453805], [37.9641417, 9.942966400000001], [37.9570672, 9.9386378], [37.95193570000001, 9.9383966], [37.944246299999996, 9.9411335], [37.9387447, 9.944079799999999], [37.932837899999996, 9.941279299999998], [37.9322821, 9.935779000000002], [37.93147559999999, 9.9329393], [37.930787699999996, 9.930517199999999], [37.934715, 9.926572499999999], [37.935321699999996, 9.925963099999999], [37.935078499999996, 9.918986300000002], [37.93352219999999, 9.9176182], [37.9300743, 9.9145872], [37.9234049, 9.914747799999999], [37.91878090000001, 9.918727200000001], [37.9144009, 9.923578899999999], [37.9093259, 9.930448499999997], [37.90139130000001, 9.930374300000002], [37.8930291, 9.927258900000002], [37.880154999999995, 9.921508199999998], [37.877217599999994, 9.917892499999999], [37.875928699999996, 9.916306], [37.87497640000001, 9.912970500000002], [37.87446070000001, 9.911164], [37.869932299999995, 9.907534], [37.86446259999999, 9.912861599999998], [37.8623938, 9.9128246], [37.8603909, 9.912788699999998], [37.858761099999995, 9.9058282], [37.8592216, 9.900221299999998], [37.8588398, 9.899723899999998], [37.85593639999999, 9.8959412], [37.8523579, 9.896720100000001], [37.8484163, 9.897578], [37.842680699999995, 9.8967032], [37.8364141, 9.8878918], [37.830822399999995, 9.8846376], [37.827247799999995, 9.880760700000002], [37.8246593, 9.876308100000001], [37.8246004, 9.8762067], [37.8237458, 9.874736599999999], [37.823254, 9.873890699999999], [37.8232116, 9.873851199999999], [37.82267559999999, 9.873351699999997], [37.816021500000005, 9.8671504], [37.8069919, 9.865290800000002], [37.800583499999995, 9.8618241], [37.794054100000004, 9.8603742], [37.7880868, 9.859627499999998], [37.7818917, 9.857252499999998], [37.774592000000005, 9.8565022], [37.7690887, 9.851441699999999], [37.7609687, 9.851929199999997], [37.753955600000005, 9.8570771], [37.7495188, 9.8561467], [37.7485299, 9.855939299999998], [37.748247600000006, 9.8472609], [37.7482282, 9.846664299999999], [37.742891799999995, 9.840662299999998], [37.7360048, 9.840794299999997], [37.73069639999999, 9.844859300000001], [37.7243464, 9.8445443], [37.7170057, 9.8425563], [37.7106571, 9.842614399999999], [37.7053029, 9.839311], [37.7006521, 9.8367144], [37.694565399999995, 9.8427027], [37.689714599999995, 9.8506919], [37.6851162, 9.8575144], [37.6803929, 9.8623177], [37.67449459999999, 9.8619155], [37.6691212, 9.860175], [37.666927400000006, 9.8594644], [37.6618528, 9.8604845], [37.6564127, 9.8648245], [37.6515844, 9.869109500000002], [37.6475644, 9.873499499999998], [37.6448994, 9.877861200000002], [37.6413814, 9.882482499999998], [37.6366243, 9.885549500000002], [37.63073430000001, 9.887009499999998], [37.6235668, 9.8890395], [37.618226799999995, 9.8938895], [37.617453600000005, 9.9016909], [37.6128276, 9.9094104], [37.6057959, 9.9131179], [37.5993172, 9.9177906], [37.592396699999995, 9.918764599999998], [37.589669199999996, 9.9268496], [37.5906332, 9.932982599999999], [37.5869342, 9.9393979], [37.579884199999995, 9.940859599999998], [37.5743225, 9.941947899999999], [37.5699725, 9.9451646], [37.563344099999995, 9.9498996], [37.55723239999999, 9.953861299999998], [37.55292910000001, 9.958554699999999], [37.5516824, 9.966844700000001], [37.551362399999995, 9.973428], [37.5461616, 9.9774397], [37.5410424, 9.9834047], [37.5367728, 9.9889534], [37.52923690000001, 9.996176799999997], [37.5197315, 9.9999139], [37.5108339, 9.999436399999997], [37.5016039, 9.9979481], [37.4933255, 10.000911399999998], [37.4885455, 10.003044800000001], [37.4831348, 10.003508799999999], [37.4780738, 10.0091831], [37.47696039999999, 10.01194], [37.4757493, 10.014939000000002], [37.472059900000005, 10.0141726], [37.467269699999996, 10.013177599999999], [37.4613302, 10.0121133], [37.4532161, 10.0123303], [37.4444696, 10.0145593], [37.439846599999996, 10.017787499999997], [37.4342478, 10.0250373], [37.4292875, 10.0294782], [37.42435400000001, 10.0337864], [37.418368, 10.037203900000002], [37.4122068, 10.0398456], [37.40514729999999, 10.0425879], [37.398275399999996, 10.0461505], [37.392445599999995, 10.0463596], [37.3873033, 10.0465441], [37.387293299999996, 10.0465391], [37.38241999999999, 10.044107100000002], [37.3803999, 10.043098999999998], [37.3735751, 10.042199299999998], [37.3675409, 10.0435614], [37.36219469999999, 10.0431785], [37.3616098, 10.042847799999999], [37.356983199999995, 10.0402317], [37.3552075, 10.033957700000002], [37.353591, 10.0271548], [37.35192779999999, 10.0195514], [37.349302099999996, 10.0119486], [37.3474976, 10.0095178], [37.3465668, 10.008263999999999], [37.34588170000001, 10.0073411], [37.34504080000001, 10.006208299999999], [37.3447512, 10.005818200000002], [37.339302499999995, 10.0045185], [37.32953959999999, 10.005848499999997], [37.3232546, 10.0081018], [37.3204029, 10.0123835], [37.317822899999996, 10.018050099999998], [37.3128707, 10.021700899999999], [37.3056099, 10.0266532], [37.3021712, 10.034036799999999], [37.300361699999996, 10.0375412], [37.2997245, 10.0387752], [37.298747899999995, 10.044792700000002], [37.2965393, 10.052849499999999], [37.292595899999995, 10.057935200000001], [37.28771179999999, 10.0628792], [37.2825078, 10.0648912], [37.2773778, 10.0683932], [37.271640399999995, 10.073638899999999], [37.2618827, 10.0766719], [37.2536957, 10.076693299999999], [37.2471626, 10.076117799999999], [37.2407459, 10.0756103], [37.2358543, 10.077101999999998], [37.2301816, 10.0796833], [37.225092499999995, 10.081647799999999], [37.220499499999995, 10.083913299999999], [37.2133158, 10.087907800000002], [37.20650679999999, 10.0950372], [37.206099300000005, 10.095403899999999], [37.201031199999996, 10.0999647], [37.195505, 10.104525899999999], [37.1907375, 10.111555899999999], [37.1883949, 10.116688399999997], [37.1862874, 10.1239971], [37.184139099999996, 10.130360899999998], [37.1821024, 10.137344200000001], [37.1797764, 10.144378900000001], [37.1759824, 10.1513175], [37.171830299999996, 10.155312900000002], [37.167702299999995, 10.1632733], [37.168307299999995, 10.168500799999999], [37.1709557, 10.173960800000001], [37.1728842, 10.175994300000001], [37.175182299999996, 10.1784175], [37.179142299999995, 10.183880799999999], [37.182522399999996, 10.1880058], [37.18363540000001, 10.189902499999999], [37.18582910000001, 10.1936408], [37.18940740000001, 10.199765799999998], [37.1934274, 10.2060108], [37.1974874, 10.213875799999999], [37.199896700000004, 10.2232965], [37.195997399999996, 10.2309108], [37.190367699999996, 10.236270800000002], [37.18181109999999, 10.2412645], [37.1745323, 10.243307399999999], [37.1662235, 10.2441333], [37.157550199999996, 10.244256799999999], [37.149174699999996, 10.2446433], [37.1410172, 10.2450758], [37.1348355, 10.2459808], [37.1277754, 10.2476741], [37.120501999999995, 10.2492608], [37.114605399999995, 10.250697399999998], [37.1077995, 10.2532332], [37.1008486, 10.2558741], [37.0941719, 10.2582257], [37.0871019, 10.259494100000001], [37.078103299999995, 10.263374599999997], [37.0743461, 10.270729600000001], [37.069705299999995, 10.2760841], [37.0618395, 10.2817344], [37.0558909, 10.2827432], [37.050771000000005, 10.2836041], [37.045871999999996, 10.2883993], [37.040093999999996, 10.2853589], [37.0308, 10.2861034], [37.021696, 10.284823399999997], [37.01326530000001, 10.2849387], [37.0072049, 10.288850199999997], [37.0016056, 10.2953349], [36.9971045, 10.302968800000002], [36.989609099999996, 10.3087808], [36.979920799999995, 10.314026499999997], [36.971651200000004, 10.315093300000001], [36.9647472, 10.3118824], [36.9536752, 10.3125032], [36.94185799999999, 10.3117272], [36.93076999999999, 10.310939999999999], [36.92463539999999, 10.313794299999998], [36.919172800000005, 10.314188399999999], [36.912032499999995, 10.313664], [36.8979612, 10.312848200000001], [36.88873619999999, 10.315516899999997], [36.8831084, 10.320654699999999], [36.878780899999995, 10.327615799999998], [36.8758213, 10.3337691], [36.869241499999994, 10.340692899999999], [36.8593921, 10.34113], [36.85059599999999, 10.341027], [36.84531059999999, 10.340772], [36.83961039999999, 10.340800999999999], [36.8335809, 10.3424706], [36.8247365, 10.3424642], [36.8187065, 10.3419004], [36.8170078, 10.341741599999999], [36.8157614, 10.3406694], [36.8153485, 10.3403142], [36.8118154, 10.337275099999998], [36.8065984, 10.335371299999998], [36.7987355, 10.3378411], [36.791959299999995, 10.343385799999998], [36.7833037, 10.3441327], [36.77660039999999, 10.345968599999999], [36.77300139999999, 10.3525529], [36.7693809, 10.3577956], [36.7666119, 10.3623408], [36.76175990000001, 10.3673095], [36.75241739999999, 10.365984200000002], [36.745717000000006, 10.3599699], [36.738796199999996, 10.3614758], [36.7313966, 10.3613518], [36.7235176, 10.3608], [36.7180156, 10.3579221], [36.7098988, 10.357736899999999], [36.6999582, 10.357509799999999], [36.6916535, 10.357319900000002], [36.6914517, 10.3568739], [36.689176200000006, 10.351846699999998], [36.688889, 10.349935799999999], [36.6881468, 10.3449987], [36.6839798, 10.3398934], [36.6834996, 10.339305099999997], [36.681763499999995, 10.3361696], [36.68090249999999, 10.334614799999999], [36.6822685, 10.329482299999999], [36.685412299999996, 10.324010699999999], [36.685918199999996, 10.3231301], [36.6853993, 10.317594999999999], [36.685029199999995, 10.317491300000002], [36.68495070000001, 10.317469299999999], [36.680260499999996, 10.316154500000001], [36.676339999999996, 10.3150555], [36.66832539999999, 10.313818899999998], [36.661809700000006, 10.3165386], [36.6554383, 10.321977000000002], [36.6525807, 10.3264807]]]}}, {"type": "Feature", "properties": {"region": "Benishangul-Gumuz", "source_region": "Benishangul-Gumuz", "source_reg_pcode": "ET06", "analytical_region": true, "source_polygon_n": 26}, "geometry": {"type": "Polygon", "coordinates": [[[34.09498999999999, 9.453890000000001], [34.09416, 9.45472], [34.08583, 9.553049999999999], [34.121508899999995, 9.6880727], [34.1247429, 9.7003113], [34.1288279, 9.715770399999998], [34.130697, 9.722843899999997], [34.14, 9.758049999999999], [34.20722, 9.905], [34.219719999999995, 9.973609999999999], [34.222374699999996, 9.986854100000002], [34.23055, 10.02764], [34.2991493, 10.0940738], [34.32305, 10.11722], [34.3399478, 10.198266799999999], [34.34833, 10.23847], [34.34194, 10.28083], [34.339198100000004, 10.294484499999998], [34.33652860000001, 10.3077779], [34.32805, 10.349999999999998], [34.310178, 10.436999100000001], [34.295142, 10.5101931], [34.28611000000001, 10.55416], [34.31472, 10.58639], [34.352779999999996, 10.631670000000002], [34.3637325, 10.650915699999999], [34.43972, 10.784440000000002], [34.4448244, 10.787849299999998], [34.502425699999996, 10.8263222], [34.520528999999996, 10.838413599999999], [34.594440000000006, 10.887780000000001], [34.673880000000004, 10.83472], [34.71083, 10.80222], [34.7561549, 10.761694], [34.7622085, 10.756281399999999], [34.76986, 10.749439999999998], [34.7887747, 10.733348], [34.80055, 10.72333], [34.8070953, 10.724275799999997], [34.86062, 10.732009999999999], [34.97527, 10.86444], [34.9775444, 10.8990598], [34.9781347, 10.900837999999998], [34.9784515, 10.904767999999999], [34.978475, 10.9059653], [34.97818300000001, 10.907940499999999], [34.978144799999995, 10.908198900000002], [34.978609999999996, 10.91528], [34.9635944, 10.929002299999999], [34.93333, 10.95666], [34.9806829, 11.1013656], [34.983599999999996, 11.110280000000001], [35.00555, 11.174439999999999], [35.0075, 11.19833], [34.9882862, 11.215489500000002], [34.978880000000004, 11.223889999999999], [34.9747845, 11.227695599999999], [34.971109999999996, 11.231110000000001], [34.96416, 11.25042], [34.967079999999996, 11.27486], [34.9757857, 11.2944681], [34.98638, 11.31833], [34.9934532, 11.330298799999998], [35.004439999999995, 11.34889], [35.0065657, 11.353406899999998], [35.013329999999996, 11.36778], [35.0552218, 11.4627087], [35.087489999999995, 11.535829999999997], [35.0952, 11.576459999999999], [35.0938893, 11.5847651], [35.092626800000005, 11.5927643], [35.09166, 11.598889999999997], [35.078190000000006, 11.623470000000001], [35.0668, 11.64653], [35.05833, 11.730279999999999], [35.06319, 11.759579999999998], [35.08361, 11.805550000000002], [35.0839129, 11.8060167], [35.10236, 11.834439999999997], [35.11625, 11.850829999999998], [35.13444, 11.863890000000003], [35.1417725, 11.867014199999998], [35.16833, 11.878329999999997], [35.201660000000004, 11.88639], [35.23138000000001, 11.89819], [35.25361, 11.917499999999997], [35.2610844, 11.927687299999999], [35.2753028, 11.904263999999998], [35.2802612, 11.894086199999998], [35.282827299999994, 11.889693300000001], [35.2843496, 11.884517400000002], [35.28734889999999, 11.8701115], [35.287655199999996, 11.855898], [35.28469749999999, 11.8465032], [35.2863465, 11.838427999999999], [35.2880901, 11.829888299999999], [35.2913087, 11.8255388], [35.2966934, 11.819467], [35.2975041, 11.807175500000001], [35.2959325, 11.7991514], [35.3032702, 11.8028087], [35.308614899999995, 11.798557699999998], [35.3136644, 11.7922338], [35.3257131, 11.7944836], [35.3349775, 11.781957199999997], [35.3374441, 11.773028799999997], [35.3637726, 11.7529836], [35.3946784, 11.746205999999999], [35.41528220000001, 11.7326509], [35.4217887, 11.729397599999999], [35.4410371, 11.7299398], [35.461641, 11.735090699999999], [35.4732984, 11.736175099999999], [35.5169461, 11.7180112], [35.5345679, 11.7296685], [35.57658899999999, 11.7673516], [35.5898731, 11.773044699999998], [35.6023439, 11.774400199999999], [35.62349, 11.7757557], [35.6449072, 11.7814488], [35.6617156, 11.7933772], [35.6665956, 11.825909399999999], [35.68324439999999, 11.8253798], [35.69439439999999, 11.8313265], [35.7055444, 11.8224065], [35.7196678, 11.8290964], [35.7367645, 11.832813], [35.7494012, 11.832069700000002], [35.75609120000001, 11.8313263], [35.7627813, 11.837273], [35.7739313, 11.8335563], [35.781364599999996, 11.834299600000001], [35.793258, 11.8372729], [35.8036647, 11.8380162], [35.8148147, 11.828352899999999], [35.8229914, 11.826866200000001], [35.8371147, 11.8350428], [35.848264799999995, 11.840246099999998], [35.86015810000001, 11.8499094], [35.86833480000001, 11.8595726], [35.8705649, 11.8647759], [35.874424, 11.8859368], [35.8876616, 11.890792399999999], [35.895785, 11.896909799999998], [35.9112937, 11.9055419], [35.9177313, 11.9049567], [35.92475410000001, 11.912564699999999], [35.9364589, 11.9207579], [35.9428965, 11.9365591], [35.9399703, 11.954408599999999], [35.9332401, 11.959968300000002], [35.9352885, 11.966113199999999], [35.939385099999996, 11.9702098], [35.940509, 11.970820999999997], [35.9563957, 11.9794611], [35.9658162, 11.984583899999999], [35.97226889999999, 11.970485900000002], [35.9723384, 11.970334099999999], [35.9723143, 11.970247700000002], [35.9690242, 11.958415900000002], [35.977339199999996, 11.9603363], [35.9780334, 11.960496599999999], [35.97835260000001, 11.9599451], [35.98169809999999, 11.9541655], [35.982177699999994, 11.9533369], [35.9824821, 11.9527536], [35.987810599999996, 11.942540099999997], [35.990314100000006, 11.937740999999999], [35.9904325, 11.9375141], [35.9912305, 11.9359843], [35.9959798, 11.926879399999999], [36.0063058, 11.921545199999999], [36.0126926, 11.9182457], [36.0212109, 11.9138445], [36.029107499999995, 11.906925800000002], [36.0348372, 11.901905399999999], [36.0426424, 11.895065599999999], [36.0338241, 11.891769600000002], [36.0381171, 11.8854881], [36.0506094, 11.8830201], [36.04507499999999, 11.876433800000001], [36.056373799999996, 11.8743038], [36.049140099999995, 11.866], [36.05096520000001, 11.856863700000002], [36.054495599999996, 11.8493176], [36.0662646, 11.8516005], [36.0725417, 11.845849], [36.0756927, 11.8429619], [36.079976699999996, 11.839036199999999], [36.084290100000004, 11.835083399999998], [36.0839375, 11.8337491], [36.0814586, 11.8243703], [36.08986910000001, 11.816951300000001], [36.0950706, 11.812859299999998], [36.102225, 11.814993999999999], [36.105230399999996, 11.815890699999999], [36.1069792, 11.8098216], [36.108866899999995, 11.803270399999999], [36.1134495, 11.787364099999998], [36.1144779, 11.7837938], [36.1169644, 11.7751619], [36.1172415, 11.7741998], [36.1184041, 11.7664808], [36.1191883, 11.761274], [36.1196003, 11.7585381], [36.12025099999999, 11.754217599999999], [36.1212212, 11.7477746], [36.122300300000006, 11.740607199999998], [36.1232294, 11.734435999999999], [36.121149100000004, 11.731005], [36.1166056, 11.723511799999999], [36.1213067, 11.721222], [36.12552809999999, 11.7191659], [36.12464800000001, 11.717526699999999], [36.1237177, 11.715794], [36.118357599999996, 11.7058108], [36.1286039, 11.697361299999999], [36.144827, 11.6856174], [36.15020940000001, 11.685379399999999], [36.157139300000004, 11.6858972], [36.1610261, 11.682051099999999], [36.1649954, 11.678176700000002], [36.176215899999995, 11.684244699999999], [36.1856699, 11.690032199999997], [36.189659999999996, 11.693624699999997], [36.197478999999994, 11.701984600000001], [36.200828699999995, 11.705839400000002], [36.2031036, 11.711520700000001], [36.2070734, 11.7214347], [36.214655199999996, 11.7216445], [36.2215596, 11.721835299999999], [36.2315785, 11.722112], [36.2358717, 11.736957499999997], [36.2406729, 11.740304499999999], [36.2450727, 11.7432954], [36.2508669, 11.7469016], [36.256717900000005, 11.7503778], [36.26098030000001, 11.753480000000001], [36.274867199999996, 11.7661769], [36.2829067, 11.772664399999998], [36.291699699999995, 11.783762099999997], [36.2958541, 11.789282400000001], [36.3008179, 11.794237299999999], [36.308797999999996, 11.803229300000002], [36.3290661, 11.7966873], [36.3412746, 11.780808499999997], [36.337592099999995, 11.7729779], [36.341201399999996, 11.767746599999999], [36.3387418, 11.7610433], [36.33974579999999, 11.7539793], [36.34035639999999, 11.7486376], [36.3388182, 11.743467700000002], [36.339599199999995, 11.7374975], [36.336793, 11.730001999999997], [36.3338225, 11.723183500000001], [36.3345468, 11.717170200000002], [36.33206419999999, 11.7040523], [36.332421499999995, 11.7038804], [36.3387172, 11.700851], [36.3462931, 11.697205100000001], [36.347556399999995, 11.6965972], [36.346469, 11.694402499999999], [36.3437021, 11.688818300000001], [36.3409209, 11.683204799999999], [36.3375483, 11.6763974], [36.3324181, 11.666042], [36.3357868, 11.657434400000001], [36.338348200000006, 11.6508895], [36.3396731, 11.644901899999999], [36.3412364, 11.637837300000001], [36.3416007, 11.636191], [36.342823599999996, 11.630663999999998], [36.3444755, 11.6231976], [36.3460324, 11.616159600000001], [36.3479501, 11.6074904], [36.3484214, 11.605359599999998], [36.35199499999999, 11.604294499999998], [36.3584971, 11.6023564], [36.3652765, 11.6003355], [36.3751549, 11.6076793], [36.3786227, 11.598157900000002], [36.379358800000006, 11.5961369], [36.3869188, 11.5880876], [36.391413299999996, 11.5833018], [36.390329799999996, 11.571339600000002], [36.395030999999996, 11.5625318], [36.3994265, 11.5541118], [36.403409, 11.5459856], [36.40567409999999, 11.5458104], [36.4145344, 11.5451252], [36.4136743, 11.537141799999999], [36.4131159, 11.5319598], [36.424016, 11.5221849], [36.4287736, 11.5157773], [36.4340268, 11.5107845], [36.43879210000001, 11.5043242], [36.4443037, 11.492808199999999], [36.4383741, 11.491818700000001], [36.435648300000004, 11.486685500000002], [36.430448, 11.482361599999999], [36.42510509999999, 11.476710299999999], [36.4196579, 11.467311299999999], [36.4103729, 11.4590401], [36.4095444, 11.458301999999998], [36.409571899999996, 11.4552799], [36.4095802, 11.454363599999999], [36.409603499999996, 11.451802599999999], [36.4096505, 11.4466365], [36.409762199999996, 11.4343445], [36.4097723, 11.433234599999999], [36.4098476, 11.4249411], [36.409947599999995, 11.4139117], [36.423766, 11.4182398], [36.44068970000001, 11.424640600000002], [36.4480543, 11.4268655], [36.4601221, 11.427376200000003], [36.4671551, 11.428645200000002], [36.469701199999996, 11.433136300000001], [36.471480799999995, 11.436275199999999], [36.4768338, 11.4374352], [36.477693599999995, 11.437621499999999], [36.48781520000001, 11.439814499999999], [36.4889282, 11.4400557], [36.4907509, 11.4408007], [36.497830199999996, 11.443694399999998], [36.4995835, 11.448154899999999], [36.5035084, 11.458140099999998], [36.507385299999996, 11.4582011], [36.5122224, 11.4582771], [36.5210906, 11.4444556], [36.529910199999996, 11.434547099999998], [36.531101199999995, 11.415035099999997], [36.53312340000001, 11.402256099999999], [36.5330949, 11.3940589], [36.5410527, 11.394125599999999], [36.55135449999999, 11.386644100000002], [36.5566475, 11.378965099999999], [36.563889800000005, 11.3713491], [36.56362649999999, 11.358029], [36.55883939999999, 11.3543472], [36.5534368, 11.352009299999999], [36.5387347, 11.3456464], [36.5345431, 11.3352932], [36.54748250000001, 11.337270700000001], [36.5489745, 11.335971], [36.55641839999999, 11.3294871], [36.5614941, 11.320057999999998], [36.5624199, 11.318338100000002], [36.5622562, 11.3151005], [36.5620879, 11.311772600000001], [36.55687909999999, 11.302116399999997], [36.5454456, 11.3048036], [36.537335399999996, 11.3047363], [36.52964839999999, 11.302497400000002], [36.521035999999995, 11.294458400000002], [36.5147711, 11.289631199999999], [36.504957999999995, 11.284988199999999], [36.4949659, 11.288952199999999], [36.49288229999999, 11.284518799999999], [36.4903399, 11.279109199999999], [36.490266399999996, 11.2790337], [36.4832089, 11.271785299999998], [36.4738568, 11.267831399999999], [36.46714240000001, 11.264992699999997], [36.4719597, 11.2530843], [36.4758308, 11.244666299999999], [36.4750505, 11.242899800000002], [36.47080869999999, 11.233296300000001], [36.460192, 11.2264327], [36.467564599999996, 11.2153394], [36.46848209999999, 11.204476399999997], [36.468549100000004, 11.1972309], [36.4659562, 11.186385099999999], [36.468184099999995, 11.178277399999999], [36.4685535, 11.169775399999999], [36.468094, 11.1617474], [36.4678265, 11.158258900000002], [36.467607799999996, 11.155408699999999], [36.4756473, 11.156975400000002], [36.48329929999999, 11.152809999999999], [36.4892081, 11.1462011], [36.4957226, 11.142071000000001], [36.502904699999995, 11.137538999999999], [36.5113643, 11.137435], [36.5214527, 11.140062499999999], [36.5304214, 11.141600799999999], [36.5401514, 11.1400542], [36.5404035, 11.1400142], [36.5493395, 11.1378152], [36.5527836, 11.1322479], [36.5527759, 11.127067900000002], [36.555907999999995, 11.119715999999999], [36.557387299999995, 11.1174867], [36.560198, 11.1132512], [36.5665778, 11.111386699999999], [36.573349500000006, 11.112413699999998], [36.5780175, 11.110522300000001], [36.5771204, 11.105522899999999], [36.574988399999995, 11.100708899999999], [36.5672595, 11.1016957], [36.5594489, 11.0997987], [36.55490839999999, 11.093216999999997], [36.5464188, 11.094625299999999], [36.5405535, 11.0966939], [36.534049800000005, 11.097955299999999], [36.5332765, 11.1048008], [36.53259499999999, 11.1132174], [36.5250839, 11.112711599999999], [36.5188644, 11.108555299999999], [36.5149794, 11.104808799999999], [36.511987000000005, 11.100221], [36.507497099999995, 11.093724800000002], [36.5033233, 11.090317299999999], [36.500654499999996, 11.085318800000001], [36.49497350000001, 11.080346299999999], [36.4913245, 11.0759287], [36.4896712, 11.068734800000001], [36.48490239999999, 11.0662977], [36.478324799999996, 11.067138], [36.4736793, 11.0605977], [36.46985379999999, 11.0552117], [36.464355899999994, 11.055259099999999], [36.463012, 11.055038699999997], [36.458939699999995, 11.054371], [36.4512467, 11.0534687], [36.444243500000006, 11.0504024], [36.4404829, 11.0461981], [36.43617259999999, 11.039045999999999], [36.42725910000001, 11.035513100000001], [36.422564799999996, 11.0313673], [36.42013300000001, 11.021008299999998], [36.41995240000001, 11.0150156], [36.41853330000001, 11.0061336], [36.417669599999996, 11.000727699999999], [36.4139027, 10.995773300000002], [36.4096403, 10.9912847], [36.4047803, 10.986166599999999], [36.399685000000005, 10.980800399999998], [36.3950858, 10.975956499999999], [36.387629600000004, 10.968103299999997], [36.3816045, 10.961756999999999], [36.375774799999995, 10.955696099999997], [36.3712376, 10.9511338], [36.36993759999999, 10.9498267], [36.3657972, 10.945663399999999], [36.36400630000001, 10.9440692], [36.3606963, 10.9411229], [36.35403259999999, 10.937043000000001], [36.35062669999999, 10.929970899999999], [36.35311659999999, 10.9212154], [36.3471131, 10.9172396], [36.345524, 10.910673], [36.340413899999994, 10.9055504], [36.3355068, 10.9012431], [36.3334062, 10.8993237], [36.3316112, 10.897683499999998], [36.329979099999996, 10.8921628], [36.332104400000006, 10.8874404], [36.3276384, 10.881797499999998], [36.32264190000001, 10.8786676], [36.318152, 10.873527800000002], [36.3151052, 10.868684799999997], [36.3091423, 10.8625469], [36.3093017, 10.854570899999999], [36.3137569, 10.850808899999999], [36.31249309999999, 10.8434435], [36.309658, 10.8358326], [36.3101281, 10.8271502], [36.3047503, 10.8199299], [36.2948848, 10.815010999999998], [36.29952840000001, 10.8099952], [36.29213540000001, 10.805691699999999], [36.2822539, 10.8038672], [36.282752800000004, 10.7960244], [36.28566469999999, 10.7876032], [36.2862661, 10.784437099999998], [36.286776599999996, 10.781749099999999], [36.2880785, 10.774509499999999], [36.288461899999994, 10.7723772], [36.2871403, 10.763449399999997], [36.2861279, 10.756954299999999], [36.2850877, 10.7512577], [36.2852422, 10.744582899999997], [36.2937566, 10.743353799999998], [36.2993266, 10.7449174], [36.304885999999996, 10.746653600000002], [36.31078430000001, 10.7472587], [36.3134687, 10.7529382], [36.3189083, 10.7576021], [36.3246702, 10.763195900000001], [36.3252554, 10.768722799999999], [36.3313437, 10.770283599999997], [36.3348653, 10.7767853], [36.3351756, 10.777326600000002], [36.3376099, 10.7815728], [36.3416032, 10.7888372], [36.349533799999996, 10.790156699999997], [36.357610400000006, 10.7896425], [36.3636694, 10.7889328], [36.371756899999994, 10.787695000000001], [36.3772169, 10.7857564], [36.3750593, 10.780089799999999], [36.374886499999995, 10.779635899999997], [36.3727613, 10.7727541], [36.3759861, 10.765286099999999], [36.3756635, 10.764191799999997], [36.37496060000001, 10.761808099999998], [36.37456100000001, 10.760452599999999], [36.3739588, 10.7584105], [36.368839900000005, 10.753776], [36.368122299999996, 10.753126199999999], [36.36268159999999, 10.7482002], [36.3603009, 10.743521999999999], [36.3593469, 10.7416475], [36.3556874, 10.740759199999998], [36.3525959, 10.7400088], [36.3476978, 10.7368358], [36.345216799999996, 10.7352285], [36.3428262, 10.733679799999999], [36.33694599999999, 10.7298703], [36.3358141, 10.7291369], [36.3313382, 10.726237], [36.3288697, 10.7204991], [36.3265582, 10.7137561], [36.321571299999995, 10.707724899999997], [36.317596699999996, 10.7036049], [36.3165747, 10.697235700000002], [36.3189987, 10.6904346], [36.321730599999995, 10.6852891], [36.31921809999999, 10.6813219], [36.317959099999996, 10.6793339], [36.31484090000001, 10.679088000000002], [36.3112693, 10.678806299999998], [36.3124882, 10.673829499999998], [36.32051, 10.667366799999998], [36.3241951, 10.661657100000001], [36.319100600000006, 10.6533076], [36.3182968, 10.651990399999999], [36.312774, 10.6497166], [36.31091980000001, 10.648953299999997], [36.30623099999999, 10.6443817], [36.3030153, 10.6378626], [36.3054072, 10.629731300000001], [36.30745770000001, 10.624600499999998], [36.3076164, 10.6242033], [36.3064834, 10.6239549], [36.301117, 10.6227786], [36.2986584, 10.621177399999999], [36.29730910000001, 10.6202987], [36.2920697, 10.619988299999997], [36.291572800000004, 10.619958800000001], [36.2863083, 10.615092899999997], [36.284178499999996, 10.6095408], [36.281647500000005, 10.604558999999998], [36.283714499999995, 10.5986934], [36.2934927, 10.5970849], [36.29769660000001, 10.590914499999998], [36.3012126, 10.584030499999999], [36.305875799999995, 10.577947699999998], [36.301975999999996, 10.5712152], [36.301777, 10.563761199999998], [36.302023999999996, 10.5539598], [36.3082111, 10.552397100000002], [36.3112134, 10.548022999999999], [36.3109433, 10.542107699999999], [36.3144093, 10.5355613], [36.3182183, 10.5280035], [36.3261117, 10.523311599999998], [36.331939399999996, 10.5226223], [36.3380369, 10.521721099999999], [36.3436135, 10.5208976], [36.3485195, 10.5243218], [36.3551921, 10.526584899999998], [36.359132599999995, 10.5303159], [36.3606477, 10.524510999999999], [36.36365819999999, 10.518120599999998], [36.364388100000006, 10.511265899999998], [36.3646757, 10.506177899999997], [36.3715275, 10.504753599999999], [36.374497399999996, 10.4999937], [36.3783366, 10.494824200000002], [36.382222999999996, 10.489591099999998], [36.385142, 10.4834021], [36.388170200000005, 10.4756822], [36.3908553, 10.4679862], [36.396714100000004, 10.4634021], [36.401945399999995, 10.4591661], [36.408995899999994, 10.4553037], [36.4169043, 10.453804300000002], [36.4218919, 10.4563232], [36.4237574, 10.4557858], [36.4278345, 10.454611199999999], [36.435302199999995, 10.452525099999999], [36.4405729, 10.4542918], [36.4456509, 10.4556822], [36.4495035, 10.459458799999998], [36.4525517, 10.466510200000002], [36.45566249999999, 10.474645899999999], [36.46271159999999, 10.4791812], [36.47003470000001, 10.480506499999999], [36.4771992, 10.4819727], [36.4854108, 10.482805299999999], [36.4924247, 10.482103799999999], [36.5021444, 10.4803476], [36.51089580000001, 10.478805], [36.5186224, 10.478874599999997], [36.5267774, 10.482896199999999], [36.532762399999996, 10.4783732], [36.5372267, 10.4730616], [36.5398875, 10.4681416], [36.541290100000005, 10.465297000000001], [36.5426715, 10.462495599999999], [36.546228500000005, 10.456896899999998], [36.5432492, 10.448703499999999], [36.5400634, 10.4434262], [36.53670909999999, 10.4372466], [36.5326308, 10.4311198], [36.5294289, 10.4233898], [36.5260685, 10.415664999999997], [36.523653800000005, 10.409994099999997], [36.52263189999999, 10.408702700000001], [36.5204458, 10.405939700000001], [36.5204962, 10.3995596], [36.522908099999995, 10.394191000000001], [36.52669559999999, 10.3886604], [36.5311818, 10.3821092], [36.532539, 10.3759539], [36.535941099999995, 10.371863899999997], [36.5392449, 10.3649794], [36.54853670000001, 10.3608809], [36.55675269999999, 10.3626724], [36.56460399999999, 10.3621234], [36.572865799999995, 10.3628762], [36.580135000000006, 10.366292900000001], [36.589488300000006, 10.368858300000001], [36.597661599999995, 10.365841399999999], [36.6054715, 10.364719999999998], [36.612133199999995, 10.3603045], [36.6175723, 10.3549683], [36.6246487, 10.3515196], [36.629858, 10.349268900000002], [36.6370076, 10.3466355], [36.6417876, 10.3390523], [36.6472656, 10.3331697], [36.6525807, 10.3264807], [36.6554383, 10.321977000000002], [36.661809700000006, 10.3165386], [36.66832539999999, 10.313818899999998], [36.676339999999996, 10.3150555], [36.680260499999996, 10.316154500000001], [36.68495070000001, 10.317469299999999], [36.685029199999995, 10.317491300000002], [36.6853993, 10.317594999999999], [36.6857268, 10.316984900000001], [36.686054199999994, 10.316374699999999], [36.6887154, 10.3114156], [36.6891076, 10.3097092], [36.689570499999995, 10.307694399999997], [36.6921915, 10.296289099999997], [36.684947799999996, 10.291999299999999], [36.6714666, 10.2840156], [36.6596907, 10.2770408], [36.643405300000005, 10.2711331], [36.6105705, 10.259221799999997], [36.588025, 10.2618671], [36.5753509, 10.2640584], [36.574685599999995, 10.2641734], [36.5749973, 10.266877800000001], [36.5754758, 10.271030999999999], [36.5758478, 10.279235600000002], [36.5723836, 10.28047], [36.569275399999995, 10.2815775], [36.5620045, 10.2836988], [36.55448090000001, 10.285072], [36.553067199999994, 10.2833535], [36.5524352, 10.2825853], [36.5513846, 10.281308100000002], [36.55093720000001, 10.2807643], [36.5493434, 10.2788269], [36.54884249999999, 10.277703899999997], [36.5451159, 10.2693493], [36.5450753, 10.269258199999998], [36.5392967, 10.264339600000001], [36.5379143, 10.2631629], [36.52244129999999, 10.250435699999999], [36.5188595, 10.2450244], [36.515488500000004, 10.239931499999999], [36.5097784, 10.239369499999999], [36.5007247, 10.236921599999999], [36.5003489, 10.23682], [36.49505289999999, 10.2353881], [36.49091289999999, 10.2342687], [36.47350479999999, 10.238691399999999], [36.4541979, 10.243596499999999], [36.44805999999999, 10.2451559], [36.4453509, 10.245844199999999], [36.4358126, 10.2363316], [36.4161932, 10.216764800000002], [36.409633899999996, 10.207462699999999], [36.3952739, 10.1870979], [36.375259299999996, 10.1673983], [36.369421900000006, 10.161652799999997], [36.3342019, 10.139576199999999], [36.3327163, 10.1386449], [36.3323171, 10.1383947], [36.3275975, 10.1364812], [36.30668730000001, 10.128003299999998], [36.2899022, 10.1211978], [36.271892199999996, 10.113087700000001], [36.269470999999996, 10.103651300000001], [36.269461299999996, 10.1036134], [36.2678828, 10.0884887], [36.26684830000001, 10.087330399999999], [36.258919600000006, 10.078452000000002], [36.257002199999995, 10.077242099999998], [36.2481158, 10.0716342], [36.2189242, 10.053212499999999], [36.184567099999995, 10.0496613], [36.1673264, 10.033847999999999], [36.13989840000001, 10.0097051], [36.1206487, 9.9715732], [36.1197987, 9.9613332], [36.134029500000004, 9.915889300000002], [36.145854299999996, 9.8836482], [36.147666099999995, 9.878708500000002], [36.15219390000001, 9.8663631], [36.15222519999999, 9.862709200000001], [36.1522605, 9.858592500000002], [36.15234340000001, 9.848931499999999], [36.12823619999999, 9.8522097], [36.1282071, 9.852213599999999], [36.1282444, 9.8520152], [36.1286019, 9.850115299999997], [36.13184, 9.832908200000002], [36.132418099999995, 9.829836000000002], [36.1364711, 9.8074473], [36.1052866, 9.773323599999998], [36.108174399999996, 9.772185], [36.13228600000001, 9.762678], [36.13249330000001, 9.7625963], [36.14341689999999, 9.757751799999998], [36.15905720000001, 9.7469365], [36.1610936, 9.7350884], [36.1614284, 9.7331407], [36.161888, 9.730466700000001], [36.177496100000006, 9.701314400000001], [36.1830583, 9.6961133], [36.191865899999996, 9.6878775], [36.1925642, 9.660365], [36.19261170000001, 9.6584955], [36.2007774, 9.614928799999998], [36.223875, 9.5863377], [36.22559059999999, 9.584214099999999], [36.226163899999996, 9.5835045], [36.2281496, 9.581046499999998], [36.2291196, 9.579845800000001], [36.2291361, 9.579825399999999], [36.2291399, 9.579811699999999], [36.22977, 9.577544499999998], [36.23073970000001, 9.5740555], [36.231777, 9.570323000000002], [36.26626549999999, 9.568695299999998], [36.2962876, 9.557311799999999], [36.3010252, 9.555515499999998], [36.3092081, 9.546289800000002], [36.314175999999996, 9.5406889], [36.3155649, 9.538858999999999], [36.3175226, 9.5362796], [36.328235299999996, 9.5221652], [36.3332623, 9.5155419], [36.33595510000001, 9.511994], [36.3551365, 9.494722699999999], [36.380308, 9.480480499999999], [36.38034890000001, 9.4805419], [36.3898375, 9.494786699999999], [36.3901287, 9.495224], [36.4006295, 9.5109883], [36.41900989999999, 9.515854299999997], [36.419751999999995, 9.5160691], [36.4207493, 9.516357799999998], [36.4247278, 9.5175095], [36.461168199999996, 9.528057700000002], [36.4628529, 9.5271109], [36.485155, 9.514577899999999], [36.4944299, 9.5093657], [36.495371899999995, 9.501248300000002], [36.4953728, 9.5012403], [36.496482799999995, 9.491676], [36.4986636, 9.4728846], [36.51491109999999, 9.444134], [36.511272999999996, 9.4323382], [36.5072656, 9.419345299999998], [36.4991287, 9.4147365], [36.48364389999999, 9.4051602], [36.47519090000001, 9.3946372], [36.4757179, 9.3930555], [36.476497099999996, 9.3907165], [36.4797199, 9.3810433], [36.480483899999996, 9.378750099999998], [36.4841096, 9.3678672], [36.467327299999994, 9.3599485], [36.465765999999995, 9.3592118], [36.464994, 9.3588475], [36.4614111, 9.3571569], [36.4363502, 9.3579721], [36.408237199999995, 9.357784599999999], [36.3747165, 9.3580192], [36.3492615, 9.344891499999997], [36.3337679, 9.3397993], [36.330431100000006, 9.335830699999999], [36.328877999999996, 9.3339835], [36.3261787, 9.330773100000002], [36.3189962, 9.30585], [36.2954825, 9.3016916], [36.2896368, 9.3215299], [36.2791674, 9.337611899999999], [36.2751174, 9.343833], [36.274982699999995, 9.343407], [36.2702276, 9.3283699], [36.25317940000001, 9.3018233], [36.218373, 9.2971183], [36.21741900000001, 9.3018092], [36.2170959, 9.303397399999998], [36.214762300000004, 9.314871299999998], [36.214587, 9.332417], [36.2342687, 9.3470069], [36.20589249999999, 9.3547397], [36.2009981, 9.340271499999998], [36.1945972, 9.326289], [36.1948947, 9.288973499999999], [36.204382300000006, 9.2837696], [36.2240944, 9.272957700000001], [36.226335999999996, 9.271728099999997], [36.22708969999999, 9.259298599999997], [36.2271776, 9.2578494], [36.2289252, 9.229030999999999], [36.2258856, 9.2203074], [36.224117899999996, 9.215234299999999], [36.215785999999994, 9.1913218], [36.2104917, 9.176127300000001], [36.2069543, 9.165975], [36.2040757, 9.1577136], [36.203947899999996, 9.157346799999997], [36.198755999999996, 9.149397500000001], [36.1979305, 9.1481335], [36.1866742, 9.130899099999999], [36.171912299999995, 9.108297199999999], [36.1614734, 9.1053519], [36.1845859, 9.0719517], [36.1895226, 9.0709245], [36.2014844, 9.0684357], [36.2076505, 9.067152799999999], [36.221004799999996, 9.059466300000002], [36.228837799999994, 9.054957900000002], [36.2358079, 9.050946], [36.24647780000001, 9.040962099999998], [36.2380634, 9.036865599999997], [36.2346626, 9.0352099], [36.225949199999995, 9.0309679], [36.1767906, 9.044525199999997], [36.1670879, 9.027992300000001], [36.15963299999999, 9.0206599], [36.1568822, 9.020672499999998], [36.131429, 9.020788199999998], [36.1310759, 9.0246934], [36.130966300000004, 9.0259054], [36.1286864, 9.051117399999999], [36.128129799999996, 9.051916700000001], [36.1085535, 9.0800316], [36.094643399999995, 9.0649789], [36.084173500000006, 9.0584207], [36.0755373, 9.0626376], [36.082476, 9.0528553], [36.0863392, 9.047408899999999], [36.0876164, 9.0456082], [36.096974599999996, 9.0324149], [36.0939516, 9.026676], [36.0932704, 9.025382700000002], [36.086545799999996, 9.0126168], [36.0639416, 9.019907999999997], [36.0510923, 9.0170415], [36.0421554, 9.0150478], [36.0424491, 9.032177599999999], [36.028074499999995, 9.055977300000002], [36.030671999999996, 9.078439799999998], [36.033942, 9.1067172], [36.034022799999995, 9.1074167], [36.034875500000005, 9.1079399], [36.0536107, 9.119437099999999], [36.0533457, 9.1215142], [36.0527186, 9.126431199999999], [36.0439651, 9.195062900000002], [36.0315772, 9.233426099999999], [35.9754132, 9.242907299999999], [35.949321, 9.2491536], [35.9307267, 9.267231899999997], [35.9267712, 9.272895899999998], [35.924895899999996, 9.275581200000001], [35.917871999999996, 9.285639099999997], [35.91319610000001, 9.306538999999999], [35.9123604, 9.310274300000001], [35.9110888, 9.315958], [35.859870300000004, 9.3249716], [35.8084529, 9.3088759], [35.7971917, 9.3086175], [35.7768558, 9.322363100000002], [35.7739546, 9.324323999999999], [35.756747999999995, 9.3236381], [35.750558000000005, 9.3311281], [35.74919800000001, 9.348613100000001], [35.755178, 9.3647881], [35.755148999999996, 9.3650082], [35.750121299999996, 9.403083299999999], [35.75400270000001, 9.416548200000001], [35.7659212, 9.427600199999999], [35.77022540000001, 9.428667699999998], [35.7767725, 9.430291500000001], [35.7784154, 9.430699], [35.7773258, 9.440139400000001], [35.770132499999995, 9.459471399999998], [35.764993000000004, 9.4733507], [35.7528911, 9.4816942], [35.7318517, 9.481498499999997], [35.7107607, 9.486771899999999], [35.6864869, 9.5104154], [35.6713911, 9.5172346], [35.6650369, 9.5270972], [35.661439099999996, 9.5324726], [35.647492, 9.553310399999999], [35.645249, 9.577657499999999], [35.6435797, 9.5945503], [35.6505478, 9.6130283], [35.6534379, 9.6349283], [35.6347278, 9.651488299999999], [35.624757800000005, 9.6511684], [35.594427599999996, 9.6560384], [35.5785175, 9.665518400000002], [35.569227500000004, 9.6780784], [35.5610875, 9.692018500000001], [35.5537274, 9.696118499999999], [35.539392299999996, 9.6976385], [35.533972299999995, 9.6964185], [35.5332773, 9.6904185], [35.5051062, 9.688702300000001], [35.4848815, 9.678003600000002], [35.4684236, 9.670376199999998], [35.4681498, 9.6704151], [35.46757499999999, 9.670496800000002], [35.4621971, 9.671261099999999], [35.455375000000004, 9.672230700000002], [35.4412091, 9.685011900000001], [35.4245051, 9.700748899999999], [35.4107663, 9.713677599999999], [35.40027659999999, 9.7161387], [35.3893865, 9.7200487], [35.368397, 9.7192894], [35.365080999999996, 9.7274664], [35.3659413, 9.7293474], [35.3663954, 9.7303403], [35.3753647, 9.749950699999998], [35.3830312, 9.758996400000001], [35.3824017, 9.7599571], [35.3788311, 9.7654064], [35.3942105, 9.772847299999999], [35.4196285, 9.785144999999998], [35.4080373, 9.7945202], [35.4054297, 9.795429499999997], [35.3868916, 9.8018936], [35.363789, 9.813043199999997], [35.356574099999996, 9.840396300000002], [35.3508412, 9.862130799999997], [35.3498006, 9.8660758], [35.3452612, 9.869460399999998], [35.3266963, 9.883302500000001], [35.3250986, 9.884493799999998], [35.32469289999999, 9.8847963], [35.32432019999999, 9.8855153], [35.3109894, 9.911236700000002], [35.3071051, 9.9144641], [35.297836499999995, 9.9221655], [35.297454, 9.9224833], [35.2959271, 9.9212441], [35.2784719, 9.907079], [35.2738267, 9.905733300000001], [35.2583458, 9.901248499999998], [35.2563897, 9.900681800000001], [35.2557037, 9.900483099999997], [35.230743600000004, 9.8932522], [35.222887799999995, 9.9102562], [35.22079840000001, 9.9254257], [35.205109799999995, 9.931314300000002], [35.171749299999995, 9.9438358], [35.1595837, 9.948402100000001], [35.0918263, 9.9503868], [35.0883415, 9.9504889], [35.0876908, 9.949496], [35.0808171, 9.9390077], [35.0810206, 9.9219206], [35.0485135, 9.9177412], [35.0196544, 9.9287919], [35.017302199999996, 9.9648392], [35.0150175, 9.995190899999999], [34.9915814, 9.996567299999999], [34.9900955, 9.9966546], [34.988182200000004, 9.996766899999999], [34.987778899999995, 9.996202900000002], [34.9661164, 9.9659072], [34.942996, 9.9335673], [34.9276555, 9.935279500000002], [34.90763429999999, 9.9530291], [34.904420099999996, 9.9558787], [34.89742049999999, 9.935827100000001], [34.8946985, 9.9280292], [34.8927194, 9.922359600000002], [34.887781499999996, 9.908214000000001], [34.875182599999995, 9.9046402], [34.8667951, 9.9022609], [34.89768350000001, 9.8817572], [34.892152900000006, 9.864603899999999], [34.8829926, 9.852957800000002], [34.8787768, 9.8475979], [34.8770761, 9.845435799999999], [34.8716576, 9.827174], [34.869727, 9.820667100000001], [34.867409599999995, 9.8200623], [34.859594400000006, 9.8180227], [34.8544639, 9.816683699999999], [34.8316655, 9.8031156], [34.8247801, 9.791223200000001], [34.823147, 9.7884026], [34.8107866, 9.7670537], [34.8073129, 9.761054000000001], [34.799158999999996, 9.742940299999999], [34.7968975, 9.7379167], [34.7961425, 9.7362395], [34.808448399999996, 9.7059614], [34.8099604, 9.702241199999998], [34.8103943, 9.667288899999999], [34.8104552, 9.662384099999999], [34.8105557, 9.6542532], [34.8107135, 9.641487799999998], [34.81085410000001, 9.630118699999999], [34.806169, 9.623437899999999], [34.79461029999999, 9.6069552], [34.7920574, 9.603314899999999], [34.7853931, 9.5665915], [34.7853778, 9.566507099999999], [34.782986699999995, 9.553331100000001], [34.7351375, 9.545301799999999], [34.6859184, 9.5636864], [34.661475, 9.5749861], [34.64207809999999, 9.583568699999999], [34.6320147, 9.5880214], [34.585394199999996, 9.6303597], [34.5675088, 9.630022300000002], [34.5484667, 9.6296629], [34.546341399999996, 9.624572599999999], [34.53214500000001, 9.590570099999999], [34.532142699999994, 9.590564399999998], [34.5232309, 9.5411125], [34.5231104, 9.5409803], [34.5229881, 9.5408461], [34.52241, 9.540211700000002], [34.52147000000001, 9.539180300000002], [34.516096399999995, 9.5332841], [34.5046896, 9.520767800000002], [34.49873230000001, 9.5142311], [34.500122399999995, 9.507766799999999], [34.500856899999995, 9.5043511], [34.5095149, 9.464089699999997], [34.5108178, 9.458031199999999], [34.5129748, 9.4480006], [34.50668379999999, 9.4481148], [34.4583304, 9.448992200000001], [34.451806399999995, 9.4491106], [34.4640534, 9.3785791], [34.4662705, 9.365810899999998], [34.4635805, 9.3552471], [34.45454660000001, 9.319770799999999], [34.4517281, 9.308702300000002], [34.452389499999995, 9.2574809], [34.43956, 9.2155755], [34.410070899999994, 9.193008299999999], [34.40174220000001, 9.186634600000001], [34.343760599999996, 9.169624999999998], [34.340877, 9.168778999999999], [34.3512676, 9.1583773], [34.3595913, 9.150044699999999], [34.3749275, 9.134692], [34.3774249, 9.1321919], [34.379004699999996, 9.1306105], [34.38492529999999, 9.1246836], [34.39327000000001, 9.1163299], [34.418610799999996, 9.0827075], [34.426835, 9.0717955], [34.4297764, 9.0719251], [34.434809699999995, 9.072146799999999], [34.437093, 9.072247400000002], [34.44835259999999, 9.0727435], [34.4546851, 9.0730226], [34.45833, 9.073183199999999], [34.4836667, 9.0471456], [34.503707999999996, 9.004133999999999], [34.430651, 8.9674366], [34.375954, 8.9663828], [34.305389299999995, 8.9650112], [34.26724230000001, 8.964264199999999], [34.2214819, 8.963362900000002], [34.1532665, 8.9623639], [34.1447129, 8.9622386], [34.1344069, 8.9625608], [34.1333574, 8.975664399999998], [34.129906, 9.018755700000002], [34.10055, 9.385280000000002], [34.09777, 9.41972], [34.09498999999999, 9.453890000000001]]]}}, {"type": "Feature", "properties": {"region": "Central Ethiopia", "source_region": "Central Ethiopia", "source_reg_pcode": "ET07", "analytical_region": true, "source_polygon_n": 69}, "geometry": {"type": "Polygon", "coordinates": [[[37.8153806, 7.0947603], [37.814003, 7.093669999999999], [37.8098904, 7.0944522999999995], [37.8074373, 7.0948766999999995], [37.8060463, 7.095117300000001], [37.803439000000004, 7.0967616], [37.8007239, 7.0968504], [37.7969333, 7.096274800000001], [37.7968544, 7.096262899999999], [37.7959016, 7.0973617], [37.7951608, 7.098216099999999], [37.794503299999995, 7.0989745], [37.79428829999999, 7.0992223999999995], [37.7935722, 7.1000483], [37.793570599999995, 7.1000584], [37.791973, 7.100837799999999], [37.7908951, 7.100835], [37.7898954, 7.100276], [37.7864813, 7.1020297999999995], [37.7841987, 7.1032198], [37.7841065, 7.1032679000000005], [37.781847799999994, 7.105918099999999], [37.7801893, 7.1080147], [37.7782513, 7.1116515], [37.775408999999996, 7.113031899999999], [37.77463480000001, 7.1137042], [37.77455510000001, 7.1137733999999995], [37.7740346, 7.1142255], [37.7737744, 7.1144514], [37.7737268, 7.1144927], [37.7727979, 7.1152994], [37.774560400000006, 7.1161962], [37.77457700000001, 7.1162363000000015], [37.774502999999996, 7.1170257], [37.77349629999999, 7.1172384], [37.772130700000005, 7.1173066], [37.77047569999999, 7.118091799999999], [37.7689636, 7.1191645999999995], [37.7687057, 7.119104399999999], [37.7687457, 7.119215400000001], [37.7679546, 7.119428600000002], [37.766948899999996, 7.1192823999999995], [37.7662289, 7.119782900000001], [37.7653665, 7.1197805999999995], [37.764718699999996, 7.120137799999999], [37.7632092, 7.120277400000001], [37.7625633, 7.119916699999999], [37.7614859, 7.1196985], [37.7604064, 7.120269899999999], [37.75975819999999, 7.120770599999999], [37.7588236, 7.120911700000001], [37.7515715, 7.1185233000000006], [37.7502086, 7.1175863999999995], [37.7492136, 7.1171484], [37.7485971, 7.1170539999999995], [37.74733589999999, 7.1168608], [37.745970299999996, 7.116928899999999], [37.745106500000006, 7.117429], [37.74352429999999, 7.117855400000001], [37.742518600000004, 7.117709100000001], [37.7418889, 7.118428499999999], [37.741076799999995, 7.1193563], [37.7397822, 7.1197117], [37.7382719, 7.1201383], [37.7367609, 7.1207802], [37.7382152, 7.1222989], [37.739221199999996, 7.1233493999999995], [37.740655600000004, 7.124430099999999], [37.741513499999996, 7.1260835], [37.741919, 7.1269264], [37.7424061, 7.127939], [37.7425854, 7.1283118], [37.7432291, 7.129462099999999], [37.7438722, 7.130827699999999], [37.744946299999995, 7.132266399999999], [37.745519099999996, 7.1330576], [37.745442700000005, 7.1347084], [37.745991599999996, 7.135543900000001], [37.74323069999999, 7.1366695], [37.7413094, 7.1374445], [37.739607899999996, 7.1381309], [37.739812900000004, 7.1383046000000006], [37.7386037, 7.1389251], [37.7349394, 7.1385562], [37.72983969999999, 7.1374654], [37.72832909999999, 7.1379636999999985], [37.7281574, 7.138122], [37.727320299999995, 7.1388941], [37.72653, 7.1388202], [37.7258828, 7.138962], [37.725449600000005, 7.1396786], [37.7248026, 7.139748600000002], [37.7245938, 7.1403171], [37.7245915, 7.140330499999999], [37.7218317, 7.140645], [37.7204055, 7.1415392], [37.7187604, 7.142570600000002], [37.7203328, 7.146858300000001], [37.7200792, 7.147879599999999], [37.7192893, 7.1510606], [37.717843699999996, 7.153918699999999], [37.7183855, 7.1567685999999995], [37.7155516, 7.1566427], [37.714560999999996, 7.157216200000001], [37.7129743, 7.157728], [37.7119129, 7.1582219999999985], [37.7096114, 7.1590766], [37.7090893, 7.1594537], [37.7090835, 7.1594579], [37.7070801, 7.159493899999999], [37.7063644, 7.159622000000001], [37.7065646, 7.1611892], [37.706425800000005, 7.1612265], [37.7057734, 7.1614023], [37.70519619999999, 7.1621903], [37.7036134, 7.162760100000002], [37.7034491, 7.1628324999999995], [37.7029657, 7.163045399999999], [37.7016706, 7.163544299999999], [37.7009154, 7.163542100000001], [37.7005926, 7.163541199999999], [37.699513499999995, 7.1638971], [37.6988674, 7.163608099999999], [37.6982208, 7.163534499999998], [37.6975031, 7.1631736], [37.6969992, 7.1634593], [37.696709299999995, 7.164319900000002], [37.6961322, 7.1650361], [37.695269599999996, 7.165105400000001], [37.694621500000004, 7.165534300000003], [37.6935412, 7.1663207999999985], [37.693385500000005, 7.1666775], [37.692966, 7.166391000000001], [37.6921738, 7.166963000000003], [37.691526499999995, 7.167104699999999], [37.690520299999996, 7.167101799999999], [37.690163, 7.166383000000001], [37.689372399999996, 7.1663806999999995], [37.6886546, 7.166091600000002], [37.6878652, 7.1656585999999995], [37.6865723, 7.165367799999998], [37.6867148, 7.1657988999999995], [37.686713399999995, 7.166301399999998], [37.6862809, 7.166730800000001], [37.685129599999996, 7.167230000000002], [37.68420729999999, 7.166797], [37.6840615, 7.167514400000002], [37.6835568, 7.1680871999999995], [37.6830512, 7.1689472], [37.68240289999999, 7.1694477999999995], [37.6818285, 7.1692307999999985], [37.6808946, 7.1690844999999985], [37.6803899, 7.169657399999999], [37.6796699, 7.170085999999999], [37.680096999999996, 7.171522899999999], [37.679878099999996, 7.172670800000001], [37.67952019999999, 7.173061699999998], [37.6785589, 7.1727973], [37.679157100000005, 7.173458300000001], [37.6777172, 7.1743156], [37.677142, 7.174385699999999], [37.6754877, 7.1748117], [37.674409, 7.175023899999999], [37.67340359999999, 7.1747339000000006], [37.67232549999999, 7.1747307], [37.6719647, 7.175232200000001], [37.6713897, 7.175230499999999], [37.670671000000006, 7.1752284], [37.6701666, 7.1756576999999995], [37.6695916, 7.175655999999999], [37.66901670000001, 7.1756544], [37.6683692, 7.175867800000001], [37.667792299999995, 7.1765122], [37.6667838, 7.177298899999999], [37.665704, 7.17787], [37.6644803, 7.178512499999999], [37.663331, 7.1782938000000005], [37.66317099999999, 7.17832], [37.663058299999996, 7.1783383999999995], [37.6622623, 7.178468499999999], [37.660742299999995, 7.178717000000001], [37.660023599999995, 7.178714899999999], [37.65887299999999, 7.1789268999999996], [37.6583701, 7.1788536], [37.657580599999996, 7.1784924000000006], [37.6563594, 7.1782734999999995], [37.655494999999995, 7.178916999999999], [37.654487499999995, 7.1793447], [37.6539128, 7.1792712], [37.6538417, 7.178983899999999], [37.6536293, 7.177906499999998], [37.653341999999995, 7.1778339], [37.6532499, 7.177894899999999], [37.652909900000004, 7.178119799999999], [37.6522614, 7.178692099999999], [37.6526888, 7.179985500000002], [37.65160949999999, 7.180413], [37.651392400000006, 7.180914799999998], [37.651033, 7.180913800000001], [37.65016859999999, 7.181557299999999], [37.6494505, 7.181339800000001], [37.6494516, 7.1809809], [37.6490922, 7.1809799000000005], [37.64830119999999, 7.181121100000001], [37.6478714, 7.180617400000001], [37.6470808, 7.180615], [37.6465069, 7.180254400000001], [37.646508, 7.179895500000001], [37.64607910000001, 7.1791046000000005], [37.645361199999996, 7.1788153999999995], [37.64421060000001, 7.1790273], [37.6430605, 7.1790956999999995], [37.6421967, 7.1795239], [37.6417661, 7.179307199999999], [37.6417065, 7.1793344999999995], [37.6416496, 7.1790947], [37.640785699999995, 7.1791901], [37.637361899999995, 7.1810532999999985], [37.6369034, 7.1805743999999985], [37.636637799999995, 7.1802969999999995], [37.6365883, 7.180296800000001], [37.6357986, 7.1800074], [37.6355126, 7.179504000000001], [37.6355138, 7.179123], [37.63533359999999, 7.1789347999999995], [37.635010799999996, 7.179071900000002], [37.634793300000005, 7.179717300000001], [37.634146199999996, 7.1797871], [37.63386039999999, 7.179212], [37.632782299999995, 7.1792088000000005], [37.6314917, 7.1781999999999995], [37.630836099999996, 7.17768], [37.6305289, 7.177628400000001], [37.6298265, 7.178604499999999], [37.629177899999995, 7.1791768], [37.62853080000001, 7.179246600000002], [37.6282442, 7.178958699999998], [37.6274532, 7.1790999], [37.6268776, 7.179313499999999], [37.6262316, 7.1790244], [37.62623440000001, 7.178091299999999], [37.625804200000005, 7.177731100000001], [37.62515629999999, 7.178088000000001], [37.624578799999995, 7.178947699999999], [37.62348279999999, 7.1792943], [37.6228121, 7.1776634999999995], [37.62118230000001, 7.1776702000000006], [37.6212259, 7.178353900000001], [37.621130699999995, 7.178363099999999], [37.62048430000001, 7.1782176], [37.6196943, 7.1779999], [37.6194055, 7.1784297], [37.617967, 7.178784299999999], [37.6172507, 7.177992499999999], [37.6168909, 7.178135], [37.616098199999996, 7.178850400000001], [37.6151623, 7.1793501], [37.614371899999995, 7.179275899999999], [37.61358289999999, 7.1787711000000005], [37.613584599999996, 7.1781968], [37.6130833, 7.177621000000002], [37.6124377, 7.1771884], [37.6115757, 7.1770422], [37.6114307, 7.1774724999999995], [37.611069799999996, 7.1779739000000005], [37.609989299999995, 7.178760199999999], [37.6090543, 7.178972699999999], [37.6088403, 7.178469599999999], [37.608411, 7.177822199999999], [37.60812349999999, 7.1778214], [37.607690999999996, 7.178250800000001], [37.6068283, 7.178319900000001], [37.605822800000006, 7.1781014999999995], [37.604889799999995, 7.177668], [37.604602299999996, 7.177667099999999], [37.603954099999996, 7.1780957999999995], [37.603523599999995, 7.1778792], [37.6029486, 7.177877400000001], [37.6028752, 7.178379700000001], [37.6024685, 7.178716], [37.6018283, 7.177613999999999], [37.59746, 7.1774633], [37.5975349, 7.1777663999999985], [37.597558299999996, 7.177861], [37.5971264, 7.178075], [37.596335599999996, 7.1781444], [37.59439509999999, 7.178138499999999], [37.593604500000005, 7.178135999999999], [37.5931015, 7.1781345], [37.5925278, 7.177702000000001], [37.5916658, 7.1775558], [37.59094710000001, 7.1775535999999995], [37.5900858, 7.177192100000002], [37.5895132, 7.176400699999999], [37.5882191, 7.1765403], [37.5864452, 7.176851099999999], [37.5862057, 7.176893], [37.585128999999995, 7.176459], [37.5839797, 7.1762402], [37.58318999999999, 7.175950599999999], [37.582687199999995, 7.175877300000002], [37.575435, 7.173701400000001], [37.5742668, 7.1736249], [37.5731357, 7.173550700000001], [37.5721292, 7.1736553], [37.57133879999999, 7.173581], [37.5709076, 7.1735796999999994], [37.569972199999995, 7.1739356999999995], [37.567673299999996, 7.1736414], [37.5668832, 7.1734954], [37.5658786, 7.172989800000001], [37.564517599999995, 7.171549900000001], [37.562361100000004, 7.1716867], [37.5619294, 7.1718288999999995], [37.560347199999995, 7.172182900000001], [37.55890960000001, 7.172250200000001], [37.557760099999996, 7.172103000000001], [37.5565402, 7.1715249], [37.55459750000001, 7.1722366], [37.552299999999995, 7.1715116000000005], [37.5492829, 7.1710714], [37.54755919999999, 7.170706999999999], [37.546769499999996, 7.170417400000002], [37.545330799999995, 7.1708435999999995], [37.5441056, 7.1719164], [37.543887299999994, 7.172777], [37.54323749999999, 7.1737081], [37.542871999999996, 7.175645], [37.5423628, 7.1775813999999984], [37.54207159999999, 7.178729], [37.5409904, 7.179730399999998], [37.5401953, 7.1811635], [37.5399771, 7.181952399999998], [37.5396153, 7.1827408], [37.5394692, 7.1834580999999975], [37.5396089, 7.1847506], [37.5392468, 7.1856108], [37.538598799999995, 7.185967600000001], [37.5376632, 7.186359399999999], [37.536654, 7.187289300000001], [37.5357179, 7.1878606], [37.53521159999999, 7.188863899999999], [37.534718100000006, 7.189986800000002], [37.5344267, 7.189912700000001], [37.5328707, 7.189591200000001], [37.53057689999999, 7.1895457], [37.5304214, 7.1899433], [37.5300936, 7.190780999999999], [37.5297665, 7.1931038], [37.5309416, 7.196083000000001], [37.5308905, 7.1983351], [37.5299859, 7.2004205], [37.52729109999999, 7.2043364999999975], [37.5262949, 7.205442199999999], [37.524074, 7.206694199999999], [37.5238374, 7.2078944000000025], [37.5223489, 7.208846599999999], [37.5209572, 7.209512099999997], [37.520286899999995, 7.209366300000001], [37.518416599999995, 7.209838800000001], [37.516734899999996, 7.211268899999999], [37.5151474, 7.2131779], [37.513180299999995, 7.213984899999999], [37.5112148, 7.2142656999999994], [37.5099674, 7.214740100000002], [37.5086229, 7.2155971], [37.507905099999995, 7.215307600000002], [37.5068295, 7.214562399999999], [37.506786, 7.214531800000001], [37.5053953, 7.2135527999999995], [37.50314609999999, 7.2126841], [37.5018051, 7.2124883], [37.5002256, 7.2119567], [37.4993178, 7.211188099999999], [37.498267899999995, 7.209892700000002], [37.4967411, 7.2079257000000005], [37.4956411, 7.2073], [37.4934402, 7.2063358], [37.49138129999999, 7.205898300000001], [37.490136799999995, 7.205511400000001], [37.4881513, 7.2046196], [37.487477399999996, 7.204379499999999], [37.4873377, 7.204329800000002], [37.4861413, 7.2038952], [37.4846558, 7.2039381], [37.4839653, 7.2038074], [37.482596799999996, 7.203548499999998], [37.4812206, 7.203372000000001], [37.480681000000004, 7.2033027999999995], [37.478622, 7.202913199999999], [37.4764697, 7.201757600000001], [37.4757344, 7.2013307000000015], [37.475226299999996, 7.2010356999999985], [37.473454999999994, 7.200599100000001], [37.472208599999995, 7.2007864], [37.47086799999999, 7.2004947999999995], [37.469599300000006, 7.200179499999999], [37.467540500000005, 7.1997419], [37.4654339, 7.1992564], [37.4651985, 7.199214699999998], [37.464332600000006, 7.199061299999999], [37.4596302, 7.201103100000001], [37.4587672, 7.2014986], [37.4574552, 7.202099800000001], [37.4567826, 7.2027559000000005], [37.4558818, 7.2043922], [37.4547289, 7.205249599999998], [37.4541512, 7.206061099999999], [37.453044999999996, 7.207301499999999], [37.4527533, 7.2085446], [37.4511429, 7.2100943], [37.450087599999996, 7.210425699999999], [37.44917300000001, 7.211666699999999], [37.4482964, 7.212023699999999], [37.447541699999995, 7.212331099999999], [37.44658099999999, 7.213045599999998], [37.4461813, 7.2131549999999995], [37.445918, 7.213497099999999], [37.44471599999999, 7.21492], [37.444417, 7.215335100000001], [37.4436921, 7.217150900000001], [37.442729299999996, 7.218439600000001], [37.4416247, 7.219201399999999], [37.4400877, 7.220296799999998], [37.4382164, 7.221056], [37.43744770000001, 7.2216275], [37.4352654, 7.222265999999999], [37.4339715, 7.2223095], [37.4321024, 7.222446599999999], [37.4302314, 7.2231100999999995], [37.4276909, 7.2233884], [37.4267298, 7.2241986], [37.42600639999999, 7.225535899999999], [37.4249019, 7.2262498], [37.422311, 7.2272457], [37.4208724, 7.227575699999999], [37.418571199999995, 7.2279504999999995], [37.418230799999996, 7.2281564], [37.416722500000006, 7.229068599999998], [37.416359199999995, 7.2292871000000005], [37.4153781, 7.229877300000001], [37.414800899999996, 7.230497400000001], [37.41374429999999, 7.231211499999999], [37.412151699999995, 7.2344597], [37.410896699999995, 7.237087099999998], [37.409788600000006, 7.2388058], [37.408848, 7.239738500000001], [37.40877879999999, 7.239807099999999], [37.407024299999996, 7.241403999999999], [37.405100499999996, 7.243128199999999], [37.404524699999996, 7.2436442], [37.403707, 7.244550399999999], [37.402842400000004, 7.245121600000001], [37.4026469, 7.2462215], [37.4013027, 7.246934500000001], [37.398716199999996, 7.246638300000001], [37.397376799999996, 7.246011499999999], [37.395892499999995, 7.2456713], [37.39464520000001, 7.2460976], [37.394022899999996, 7.245904], [37.39248930000001, 7.2459943], [37.3915291, 7.2465171999999995], [37.3907125, 7.247088499999999], [37.3891299, 7.2474657], [37.3881959, 7.2473428], [37.38666310000001, 7.247193800000001], [37.3854192, 7.246663000000001], [37.384123699999996, 7.246370700000001], [37.383695599999996, 7.2462741], [37.3820656, 7.246507599999999], [37.3793764, 7.2481249], [37.3771678, 7.249361100000001], [37.3742853, 7.2514561], [37.3716877, 7.254269899999999], [37.3696424, 7.2567268], [37.36814989999999, 7.2586832999999995], [37.3670881, 7.260784800000001], [37.3659801, 7.262407700000001], [37.3645071, 7.264025900000001], [37.364200100000005, 7.2643631], [37.363090199999995, 7.266512199999999], [37.3618114, 7.268971799999999], [37.36113700000001, 7.2699742], [37.3595506, 7.271356099999999], [37.359164500000006, 7.272120299999999], [37.358536699999995, 7.2734578], [37.357860599999995, 7.2748908000000005], [37.3567994, 7.2768009], [37.3564595, 7.278043700000001], [37.355945999999996, 7.2808888000000005], [37.35574919999999, 7.2822757000000005], [37.355311, 7.2841881], [37.3545345, 7.2868648], [37.3545321, 7.287534600000001], [37.355217499999995, 7.291070500000001], [37.3550624, 7.2932066], [37.3550949, 7.293456600000001], [37.3551557, 7.2939247], [37.35500700000001, 7.295263899999999], [37.3543307, 7.2967448], [37.3533142, 7.2995163], [37.35326089999999, 7.300999400000001], [37.3529656, 7.303103600000003], [37.353076099999996, 7.305663899999999], [37.35355210000001, 7.30716], [37.35407180000001, 7.308586299999999], [37.35425800000001, 7.3100703000000005], [37.354012999999995, 7.311552700000001], [37.353571499999994, 7.3143263], [37.3536115, 7.3164796], [37.35454, 7.3181338], [37.3551581, 7.319475799999999], [37.3554382, 7.3214865], [37.3546146, 7.323923699999999], [37.353742499999996, 7.324921], [37.35341749999999, 7.325292600000001], [37.3533633, 7.325354599999999], [37.3523934, 7.3284612000000005], [37.35169020000001, 7.3307313999999995], [37.3516828, 7.332741], [37.3526827, 7.3345151], [37.35296059999999, 7.337147800000001], [37.353187, 7.338831600000001], [37.35325939999999, 7.339370499999999], [37.3535651, 7.3421741], [37.34947989999999, 7.3577354999999995], [37.356589299999996, 7.3609318], [37.3797336, 7.3800007999999995], [37.39028489999999, 7.4024224], [37.39496329999999, 7.424973799999999], [37.3952823, 7.4265117], [37.3967248, 7.4334652], [37.3989766, 7.4491311], [37.4006247, 7.460597600000001], [37.4072196, 7.492180400000001], [37.4252743, 7.5238233], [37.4386541, 7.546135199999998], [37.445104, 7.564316899999999], [37.4354041, 7.5840586000000005], [37.4350847, 7.5851996999999995], [37.42800419999999, 7.610491000000001], [37.427023, 7.613293399999999], [37.4198416, 7.633803200000001], [37.4182195, 7.6368037], [37.4069746, 7.657605199999998], [37.4011947, 7.682667400000001], [37.4016447, 7.709559799999998], [37.400024699999996, 7.7410526], [37.40209459999999, 7.7704753], [37.4037046, 7.800137899999999], [37.40484459999999, 7.8272603], [37.4117745, 7.8539227], [37.4201957, 7.8699159], [37.4219054, 7.8731629], [37.4242442, 7.877604799999999], [37.4344041, 7.8980667], [37.436713999999995, 7.918528499999999], [37.4330625, 7.924187599999999], [37.432024299999995, 7.925796499999998], [37.428854099999995, 7.930709599999999], [37.416614300000006, 7.9435807], [37.4038114, 7.9511577], [37.39897359999999, 7.9540207999999994], [37.389814799999996, 7.961972399999999], [37.3877348, 7.974383499999999], [37.389814799999996, 7.9847244], [37.3917903, 7.992900499999998], [37.3981609, 7.993256699999999], [37.4041245, 7.9935901000000005], [37.4094478, 7.998311900000001], [37.4103804, 7.9986788], [37.416689399999996, 8.001160500000001], [37.42453940000001, 8.0028205], [37.4326193, 8.003340499999998], [37.446019199999995, 8.0052606], [37.454891599999996, 8.0068164], [37.459649199999994, 8.0076507], [37.47439180000001, 8.0130268], [37.4771783, 8.014043], [37.4776391, 8.014211], [37.490798999999996, 8.0170611], [37.497048899999996, 8.014561], [37.4996468, 8.013026800000002], [37.501688900000005, 8.0118209], [37.5067989, 8.007470699999997], [37.513998799999996, 7.999670300000001], [37.518428799999995, 7.99186], [37.520338800000005, 7.983509599999999], [37.5217288, 7.977069299999999], [37.5249587, 7.9720191], [37.5269219, 7.968625899999999], [37.528418699999996, 7.966038799999998], [37.529191600000004, 7.9649068], [37.532808700000004, 7.959608500000001], [37.539278599999996, 7.953858299999999], [37.549438599999995, 7.949257999999999], [37.5575185, 7.948338], [37.5727684, 7.9522382], [37.5804319, 7.9557672], [37.58870829999999, 7.959578499999999], [37.5935998, 7.961407099999998], [37.602829799999995, 7.964857699999999], [37.6010762, 7.974108500000001], [37.6015399, 7.985992299999999], [37.601891200000004, 7.9949952999999985], [37.6014966, 8.000267599999999], [37.601391199999995, 8.0016759], [37.601466099999996, 8.0052215], [37.6015812, 8.0106667], [37.5999212, 8.0198776], [37.5972913, 8.035999], [37.59659039999999, 8.041120900000001], [37.596518100000004, 8.041649099999999], [37.594471899999995, 8.056601], [37.5944213, 8.0569709], [37.5918014, 8.074012399999999], [37.591963799999995, 8.0832585], [37.5921373, 8.0931341], [37.5954313, 8.1117257], [37.59917120000001, 8.1270771], [37.59954580000001, 8.128403000000002], [37.6048239, 8.1470825], [37.605761099999995, 8.150399199999997], [37.60800460000001, 8.1557633], [37.6169709, 8.177201600000002], [37.62388680000001, 8.200043599999999], [37.6216808, 8.2090344], [37.615296900000004, 8.2114645], [37.615368999999994, 8.212131800000002], [37.6154536, 8.2126776], [37.61550149999999, 8.2134158], [37.6157903, 8.2149276], [37.6159245, 8.2162559], [37.6162444, 8.2173316], [37.6163853, 8.218250799999998], [37.6166568, 8.218897799999999], [37.6171436, 8.219818199999999], [37.617227899999996, 8.220421399999998], [37.617234499999995, 8.220650599999999], [37.617686799999994, 8.222064099999999], [37.6178518, 8.222844], [37.6179704, 8.2234049], [37.617682699999996, 8.223973299999997], [37.617244899999996, 8.224838], [37.6162056, 8.2267485], [37.6151461, 8.2275583], [37.6150531, 8.2276164], [37.6142315, 8.2281294], [37.6134144, 8.228270199999999], [37.6119735, 8.228265200000001], [37.6096212, 8.2278742], [37.6079394, 8.2280598], [37.6066886, 8.228629699999999], [37.6062027, 8.2289584], [37.6057738, 8.2292486], [37.60548180000001, 8.230348199999998], [37.6052866, 8.231208900000002], [37.6043708, 8.2321149], [37.6038892, 8.232496], [37.603262099999995, 8.233259399999998], [37.6029725, 8.2336413], [37.6021531, 8.2344519], [37.601768199999995, 8.234642000000001], [37.600808, 8.2344951], [37.5990132, 8.2326704], [37.5975279, 8.231612499999999], [37.596714899999995, 8.230604800000002], [37.5958043, 8.230027399999999], [37.594650699999995, 8.2302626], [37.593976500000004, 8.2307388], [37.5936875, 8.230977], [37.5933474, 8.2320764], [37.5915694, 8.232309399999998], [37.5908964, 8.2324506], [37.590461399999995, 8.233214700000001], [37.590379999999996, 8.2332428], [37.589499599999996, 8.233546299999999], [37.58892060000001, 8.234262000000001], [37.587908899999995, 8.2351198], [37.5855584, 8.2342502], [37.5833997, 8.233476999999999], [37.5823688, 8.232946999999998], [37.5804021, 8.2322223], [37.57881750000001, 8.2320731], [37.5775687, 8.2320687], [37.5760778, 8.232589800000001], [37.5743437, 8.233971300000002], [37.573428400000005, 8.2347337], [37.5733189, 8.234784099999997], [37.572308099999994, 8.2352496], [37.571985, 8.2353985], [37.57068249999999, 8.2369729], [37.569380800000005, 8.238308100000001], [37.5685126, 8.2393099], [37.5680542, 8.239722], [37.56798249999999, 8.2397865], [37.5669244, 8.2401655], [37.565867999999995, 8.2400661], [37.5647398, 8.2399185], [37.56370859999999, 8.239722000000002], [37.562435799999996, 8.2394796], [37.5612345, 8.239618799999997], [37.5611099, 8.239722], [37.559451900000006, 8.2410958], [37.5578131, 8.242669], [37.5567042, 8.2438134], [37.55569289999999, 8.244527600000001], [37.5542978, 8.2450967], [37.55309679999999, 8.2451403], [37.552136999999995, 8.244897500000002], [37.5515617, 8.244608399999999], [37.55117739999999, 8.244607000000002], [37.55026530000001, 8.244460100000001], [37.5496117, 8.244921699999999], [37.5495911, 8.244936199999998], [37.548867699999995, 8.245746999999998], [37.548864800000004, 8.2457616], [37.548378299999996, 8.2482335], [37.547700899999995, 8.2495709], [37.5462815, 8.250235600000002], [37.54440819999999, 8.2502288], [37.5427761, 8.2499358], [37.54162240000001, 8.2501709], [37.5409033, 8.2497854], [37.5402315, 8.2495916], [37.5391245, 8.250209599999998], [37.5379675, 8.2513538], [37.5378003, 8.251666700000001], [37.5370485, 8.253073100000002], [37.5365127, 8.2550808], [37.53617330000001, 8.2559409], [37.5357352, 8.2575184], [37.5355397, 8.258426799999999], [37.53505729999999, 8.2589993], [37.5342405, 8.259044099999999], [37.533274299999995, 8.260523899999999], [37.532957499999995, 8.2617669], [37.5324149, 8.2631652], [37.532327099999996, 8.263391499999997], [37.5317483, 8.2640114], [37.5308816, 8.2645824], [37.530157900000006, 8.2654411], [37.529147699999996, 8.2658202], [37.527706699999996, 8.265814899999999], [37.5272256, 8.266004499999998], [37.5263151, 8.265426999999999], [37.5256447, 8.264850299999997], [37.5245935, 8.263363100000001], [37.5233024, 8.261779199999998], [37.5209525, 8.2607657], [37.5199874, 8.260531199999999], [37.518552899999996, 8.2601826], [37.516538700000005, 8.2593139], [37.5149812, 8.2583511], [37.5121031, 8.2572877], [37.5101857, 8.256227899999997], [37.50750049999999, 8.2549738], [37.5063019, 8.2543951], [37.5057592, 8.2544762], [37.5044275, 8.2546752], [37.50154349999999, 8.2551908], [37.4998604, 8.2557108], [37.4990431, 8.2558992], [37.49632830000001, 8.2561282], [37.49365729999999, 8.256329299999999], [37.493561799999995, 8.256152099999998], [37.493276, 8.255604], [37.4901057, 8.255592], [37.489525900000004, 8.2564989], [37.48918419999999, 8.257933], [37.487884199999996, 8.2587414], [37.48553210000001, 8.2583019], [37.48370799999999, 8.258008], [37.482891200000005, 8.2580527], [37.480860899999996, 8.258579300000001], [37.4720233, 8.266089400000002], [37.4640834, 8.2824209], [37.4625735, 8.305933000000001], [37.4633877, 8.311693199999999], [37.46418010000001, 8.3173151], [37.4648203, 8.3218569], [37.465461499999996, 8.326406599999999], [37.465516, 8.326793], [37.466153399999996, 8.331315199999999], [37.4713833, 8.350706899999999], [37.4739171, 8.355818899999997], [37.481625199999996, 8.371370299999999], [37.4858231, 8.3798395], [37.485980999999995, 8.3801341], [37.498569599999996, 8.4036189], [37.5122092, 8.4169689], [37.516837599999995, 8.418317799999999], [37.52482309999999, 8.4206452], [37.5349335, 8.423591799999999], [37.557978899999995, 8.4255092], [37.57518410000001, 8.414634199999998], [37.576078800000005, 8.4140687], [37.5824979, 8.4001132], [37.58728869999999, 8.389697600000002], [37.598038599999995, 8.3653165], [37.603023, 8.361298000000001], [37.6068493, 8.3582132], [37.611968499999996, 8.354085999999999], [37.6306584, 8.364556499999999], [37.666063199999996, 8.3835373], [37.6762832, 8.3788251], [37.6787081, 8.377707], [37.6836476, 8.3693127], [37.689174699999995, 8.3591575], [37.692218, 8.3535659], [37.704548, 8.337035199999999], [37.7170479, 8.334095099999999], [37.7308878, 8.3431555], [37.74258770000001, 8.3490557], [37.74373130000001, 8.349631699999998], [37.747291600000004, 8.351425200000001], [37.7479677, 8.351765799999997], [37.7568792, 8.3493961], [37.765452499999995, 8.3471163], [37.766498, 8.346543400000002], [37.778997499999996, 8.3396953], [37.7965874, 8.334714999999997], [37.816257300000004, 8.3318049], [37.8391471, 8.3321449], [37.862947, 8.335704999999999], [37.8876269, 8.349875599999999], [37.9099868, 8.370486500000002], [37.9279867, 8.3781668], [37.9450737, 8.369157699999999], [37.9483765, 8.367416300000002], [37.9733564, 8.362916099999998], [37.974252799999995, 8.3627109], [37.988166299999996, 8.359526], [38.0082362, 8.3725065], [38.0167697, 8.3801657], [38.0221004, 8.384950300000002], [38.02804109999999, 8.390282299999999], [38.038926, 8.3892172], [38.0525251, 8.382430600000001], [38.059012800000005, 8.379473299999999], [38.0631778, 8.377574800000001], [38.0667058, 8.375966599999998], [38.077095799999995, 8.3806168], [38.0813249, 8.384821399999998], [38.0865357, 8.3900972], [38.1029556, 8.3890072], [38.11, 8.390368200000001], [38.11846059999999, 8.401952699999999], [38.12254550000001, 8.4065879], [38.1300714, 8.407885900000002], [38.1389554, 8.409418], [38.1567553, 8.409248], [38.164180900000005, 8.4080506], [38.1800302, 8.392867299999999], [38.19837510000001, 8.4013376], [38.21754500000001, 8.4087779], [38.2383348, 8.4093079], [38.266314699999995, 8.4066378], [38.2820446, 8.399557499999998], [38.2892545, 8.3806966], [38.2993731, 8.376900899999999], [38.300824399999996, 8.376356399999999], [38.3114644, 8.3699461], [38.3122043, 8.3524453], [38.30787430000001, 8.3298644], [38.3077866, 8.3267127], [38.3070343, 8.299693], [38.32188420000001, 8.272341800000001], [38.326219599999995, 8.2670464], [38.3331751, 8.258550699999999], [38.347344, 8.254241], [38.3665665, 8.2626518], [38.3669539, 8.262821299999999], [38.375495, 8.2659368], [38.3824038, 8.273471800000001], [38.400863699999995, 8.279512], [38.42163359999999, 8.2890224], [38.4302087, 8.298750799999999], [38.4322999, 8.3112168], [38.4324672, 8.3122137], [38.432607399999995, 8.3126052], [38.44015709999999, 8.3336752], [38.440726999999995, 8.3352658], [38.4478045, 8.365366099999997], [38.4517068, 8.3850302], [38.4517633, 8.385114300000001], [38.4525746, 8.386324000000002], [38.4616067, 8.3997915], [38.46275380000001, 8.4049166], [38.462801899999995, 8.405131299999999], [38.4652666, 8.416142899999999], [38.4673978, 8.4294469], [38.46778039999999, 8.431834799999997], [38.468288199999996, 8.4350051], [38.4774939, 8.446857800000002], [38.477883399999996, 8.4473594], [38.483501, 8.4465514], [38.5014525, 8.443969399999999], [38.5132225, 8.4495195], [38.5268425, 8.4576196], [38.5481023, 8.4530696], [38.5656722, 8.4482793], [38.57578420000001, 8.4448916], [38.584172099999996, 8.4326786], [38.5908821, 8.426018599999999], [38.604272, 8.4315684], [38.6167517, 8.431138399999998], [38.6321873, 8.4182986], [38.63723139999999, 8.414102699999999], [38.6396416, 8.4120977], [38.6544516, 8.394637099999999], [38.6616415, 8.376016], [38.6672318, 8.3504852], [38.6670244, 8.346435999999999], [38.6663789, 8.3338544], [38.6660252, 8.3269602], [38.657612199999996, 8.304432899999998], [38.6513721, 8.286302], [38.6509522, 8.285082], [38.6620621, 8.2708414], [38.667797799999995, 8.267220400000001], [38.6744281, 8.2630347], [38.68240199999999, 8.258000799999998], [38.69287089999999, 8.2507921], [38.7020519, 8.244470200000002], [38.7159218, 8.2311596], [38.716018399999996, 8.2194478], [38.69315280000001, 8.2033841], [38.682187299999995, 8.1904279], [38.678641899999995, 8.171226899999997], [38.6814519, 8.148455900000002], [38.6827037, 8.137819499999999], [38.6845119, 8.122454800000002], [38.6822734, 8.111101799999998], [38.6792587, 8.0958118], [38.6728431, 8.089864], [38.666593199999994, 8.0956045], [38.6540934, 8.1137461], [38.6513055, 8.1166977], [38.643683599999996, 8.124767100000001], [38.63513379999999, 8.132337699999999], [38.63002379999999, 8.144058800000002], [38.623754, 8.162910499999997], [38.612844100000004, 8.194653299999999], [38.603544299999996, 8.222935800000002], [38.600724299999996, 8.2496282], [38.5935445, 8.2601991], [38.589906, 8.2610656], [38.5792247, 8.263609399999998], [38.560745, 8.266089599999999], [38.5492587, 8.2626834], [38.54338, 8.249163], [38.5420528, 8.2461104], [38.542338699999995, 8.234525399999999], [38.542552799999996, 8.2258495], [38.54952959999999, 8.2159241], [38.5515928, 8.212988900000001], [38.5522169, 8.2122648], [38.5574559, 8.2061869], [38.56501, 8.1974232], [38.567557099999995, 8.194468099999998], [38.5680226, 8.193928099999997], [38.5814625, 8.1718771], [38.5872625, 8.1562364], [38.5879925, 8.142425799999998], [38.5884824, 8.1272351], [38.5839449, 8.108104500000001], [38.5934124, 8.0908835], [38.5969079, 8.087889700000002], [38.5980378, 8.086921999999998], [38.607062299999996, 8.079192899999999], [38.6218522, 8.0684124], [38.6161122, 8.056661899999998], [38.6142593, 8.049444500000002], [38.612682199999995, 8.0433013], [38.6277018, 8.0335953], [38.6245453, 8.0261558], [38.6134195, 8.015033299999999], [38.609965599999995, 8.0115803], [38.612198899999996, 8.006840799999999], [38.5973677, 7.9905889000000005], [38.592846099999996, 7.977286699999999], [38.591932299999996, 7.974598299999998], [38.5886723, 7.961067700000002], [38.58793709999999, 7.953322199999999], [38.587918200000004, 7.953123100000001], [38.5877458, 7.9513077999999995], [38.5865073, 7.9382600000000005], [38.579872900000005, 7.929632500000002], [38.57575729999999, 7.924280400000001], [38.5757155, 7.924194], [38.5666024, 7.905365199999998], [38.5630872, 7.8851961999999975], [38.5494852, 7.870874400000002], [38.5387111, 7.8648279], [38.5323955, 7.861283599999999], [38.5281556, 7.858433300000001], [38.5170684, 7.8515087999999995], [38.51290809999999, 7.848910399999999], [38.50346269999999, 7.830952], [38.5001148, 7.8120783000000005], [38.499962700000005, 7.8112211], [38.4924429, 7.7953933000000015], [38.487232799999994, 7.791562], [38.4781088, 7.784852399999997], [38.4769662, 7.784012099999999], [38.46833660000001, 7.7776661], [38.4554829, 7.767743899999998], [38.4540935, 7.7666713], [38.4448474, 7.759533899999998], [38.444716899999996, 7.7583191], [38.4438398, 7.750154399999998], [38.4433981, 7.746043199999999], [38.443376199999996, 7.745838800000001], [38.442623, 7.7388278999999995], [38.438653, 7.718867], [38.4258205, 7.696760799999999], [38.41243329999999, 7.681553399999999], [38.4123016, 7.679911199999999], [38.411166, 7.6657597], [38.41088310000001, 7.6622345], [38.418223, 7.642483599999999], [38.4187872, 7.6374665], [38.4199753, 7.626901499999999], [38.420263000000006, 7.6243428], [38.419855999999996, 7.6236751], [38.41183379999999, 7.6105130999999995], [38.4085606, 7.605142799999999], [38.4008246, 7.595303200000001], [38.4008593, 7.5926662], [38.40104309999999, 7.578700800000001], [38.408464099999996, 7.574862800000001], [38.4131597, 7.572434400000002], [38.4184213, 7.5697132], [38.41891479999999, 7.569458000000001], [38.41904359999999, 7.5691605], [38.42102429999999, 7.564584999999999], [38.4214868, 7.5635164999999995], [38.421754899999996, 7.5628973], [38.4256629, 7.553869600000002], [38.4295429, 7.5338987], [38.429372300000004, 7.532728099999998], [38.4267487, 7.514721300000001], [38.4138576, 7.5041717], [38.40688529999999, 7.503460500000001], [38.401492399999995, 7.502912899999999], [38.3917279, 7.5019215], [38.3783582, 7.494820800000001], [38.3617584, 7.487730200000001], [38.341228799999996, 7.4785794], [38.33367499999999, 7.469451699999999], [38.3291138, 7.463939999999999], [38.327244900000004, 7.461681700000001], [38.3282178, 7.456383399999999], [38.32519779999999, 7.433893399999999], [38.3189119, 7.414167399999999], [38.3088693, 7.401492500000001], [38.292489599999996, 7.3914116000000005], [38.2801561, 7.381190500000001], [38.2794428, 7.380599399999999], [38.2772384, 7.3617059000000005], [38.2771774, 7.3611834], [38.281527399999995, 7.3386834], [38.27567419999999, 7.3189417], [38.2652101, 7.306724000000001], [38.25247160000001, 7.2998457000000005], [38.2465404, 7.296643100000001], [38.2451578, 7.295710199999998], [38.2336306, 7.287932299999999], [38.2200309, 7.2755412], [38.2074966, 7.266693799999999], [38.205776, 7.2654793], [38.198591199999996, 7.261549899999999], [38.18755869999999, 7.259250000000002], [38.1810815, 7.2578996], [38.1637918, 7.245048399999999], [38.1439722, 7.232207299999999], [38.1248425, 7.221886399999999], [38.1043328, 7.2108754], [38.101033699999995, 7.2078481], [38.100212899999995, 7.207095], [38.0869652, 7.194943399999999], [38.0780148, 7.1802630999999995], [38.076394799999996, 7.154082], [38.0729952, 7.1385136], [38.069474799999995, 7.122390500000001], [38.0665826, 7.0890663], [38.06646479999999, 7.087708999999999], [38.0634377, 7.0783943], [38.062799000000005, 7.0764289], [38.0604233, 7.076803699999999], [38.058341, 7.075938], [38.057277500000005, 7.0756087999999995], [38.056796, 7.0734234], [38.0567722, 7.073414499999999], [38.0564736, 7.0753599000000005], [38.0561462, 7.0749514], [38.0545142, 7.072915000000001], [38.0539882, 7.0724353], [38.05241540000001, 7.0735036], [38.0520211, 7.073771399999999], [38.0495758, 7.074675799999999], [38.047897299999995, 7.075486], [38.0460274, 7.076152200000001], [38.044110599999996, 7.0762919], [38.0441062, 7.076291099999999], [38.04044679999999, 7.0756143], [38.03891480000001, 7.075084699999999], [38.0372877, 7.0741719], [38.036523200000005, 7.073165299999999], [38.0367652, 7.071969199999999], [38.037726299999996, 7.0705832], [38.0392134, 7.069676899999999], [38.0402698, 7.068530399999999], [38.0401289, 7.067142100000001], [38.0393162, 7.0663268], [38.038033899999995, 7.0660038], [38.037965799999995, 7.064840299999999], [38.035039499999996, 7.064237399999999], [38.0320213, 7.0641913], [38.0312337, 7.065182600000001], [38.0299398, 7.0668114], [38.026080199999996, 7.0670044], [38.0248743, 7.066437400000001], [38.0248206, 7.066412199999999], [38.022567699999996, 7.065353199999999], [38.0206939, 7.065066700000001], [38.01796849999999, 7.0646501], [38.0151363, 7.062732099999999], [38.011388, 7.062657799999999], [38.0092001, 7.0605777], [38.0065582, 7.059313399999999], [38.0026106, 7.057803699999999], [37.9999572, 7.058954699999999], [37.9976232, 7.060098299999999], [37.9944543, 7.0603499], [37.993974099999996, 7.0619306], [37.9938155, 7.0624525], [37.9933509, 7.0639818000000005], [37.993212299999996, 7.065581000000001], [37.993088799999995, 7.0670045], [37.993175799999996, 7.0680333], [37.993294899999995, 7.069442200000001], [37.9934314, 7.0710574], [37.99401400000001, 7.0729597], [37.9941737, 7.0734812], [37.9944591, 7.0744131], [37.9946704, 7.0751029999999995], [37.994961700000005, 7.0760542], [37.9956791, 7.0782914], [37.996088, 7.0795664999999985], [37.9965411, 7.082351399999999], [37.99558030000001, 7.085420399999999], [37.995464299999995, 7.0886303], [37.9938638, 7.092093199999999], [37.991509199999996, 7.095805400000001], [37.9893339, 7.0972684], [37.9863254, 7.098218999999999], [37.9846811, 7.100065099999999], [37.9858841, 7.1010997], [37.985436899999996, 7.1015444], [37.983755499999994, 7.103598699999999], [37.9832773, 7.104223299999999], [37.98253019999999, 7.1051994], [37.981617899999996, 7.1060588], [37.9794092, 7.1082076999999995], [37.978794699999995, 7.108458000000001], [37.9775389, 7.1089693999999986], [37.9753338, 7.109443099999999], [37.9727454, 7.109915999999999], [37.9717387, 7.110924], [37.9705879, 7.1105334], [37.9694417, 7.1088556999999994], [37.9678415, 7.1066745000000004], [37.9670769, 7.105763500000001], [37.966599900000006, 7.1048052], [37.9663783, 7.1048860000000005], [37.9633392, 7.1059944], [37.96202199999999, 7.106266699999999], [37.961278, 7.1064205], [37.95926479999999, 7.1067988999999985], [37.9572517, 7.107129400000001], [37.954951, 7.1075071], [37.954720699999996, 7.107715799999999], [37.9543757, 7.1080283], [37.9538708, 7.1084858], [37.953201, 7.1085134], [37.9527687, 7.108531199999999], [37.9508046, 7.1083832000000005], [37.94965369999999, 7.108811299999998], [37.9487036, 7.1091647], [37.94850279999999, 7.109239400000002], [37.946775599999995, 7.110240599999999], [37.9452889, 7.1108594], [37.9448576, 7.1109063], [37.9427373, 7.1110169], [37.942222, 7.1110438], [37.94071219999999, 7.111303599999999], [37.938986299999996, 7.111730399999999], [37.9369514, 7.113247599999999], [37.9366825, 7.113448099999999], [37.934331799999995, 7.114734899999999], [37.932229, 7.116281799999999], [37.9319321, 7.1165002], [37.9296789, 7.1170215], [37.929152099999996, 7.1169245], [37.9275972, 7.1159398000000005], [37.92630619999999, 7.1147882], [37.9254524, 7.114179900000001], [37.9248233, 7.1137318], [37.9230535, 7.1124833], [37.9208048, 7.1110902], [37.919034599999996, 7.1099853], [37.917473, 7.108878700000001], [37.9136633, 7.105997400000001], [37.912044099999996, 7.102774600000001], [37.909264900000004, 7.0995455], [37.908617, 7.0996029], [37.9057147, 7.0998601999999975], [37.902326300000006, 7.0992779], [37.8981484, 7.099973899999999], [37.89573399999999, 7.1011646], [37.893167399999996, 7.102570399999999], [37.8931079, 7.102584299999999], [37.8904269, 7.1032098999999995], [37.887956900000006, 7.1038343], [37.8864726, 7.1042095000000005], [37.883235600000006, 7.1059506], [37.879523899999995, 7.1078021], [37.8761928, 7.108320500000001], [37.87550619999999, 7.108562599999999], [37.8746016, 7.108881599999999], [37.8735134, 7.109265199999999], [37.872600500000004, 7.1106887], [37.8718241, 7.111899299999998], [37.8709944, 7.115259], [37.8708263, 7.115235900000001], [37.8670659, 7.114719399999999], [37.864347200000005, 7.112965899999999], [37.8614907, 7.1120176000000015], [37.8578359, 7.111878700000001], [37.855317299999996, 7.109774499999999], [37.854205, 7.1058872], [37.85292760000001, 7.103981400000001], [37.852140399999996, 7.1028071], [37.850300499999996, 7.1025249], [37.850253699999996, 7.102517699999999], [37.8486231, 7.1022676], [37.84813030000001, 7.101508999999999], [37.8470453, 7.099839200000001], [37.8468078, 7.0998187], [37.8438552, 7.099563300000001], [37.8397547, 7.0993042], [37.8364288, 7.0983928999999995], [37.8353769, 7.0986158999999995], [37.8338311, 7.0989434000000005], [37.829476400000004, 7.0973864], [37.8269807, 7.0966056], [37.824936, 7.095966], [37.8213565, 7.097030799999999], [37.817707500000004, 7.095450199999998], [37.8153806, 7.0947603]]]}}, {"type": "Feature", "properties": {"region": "Contested", "source_region": "Contested", "source_reg_pcode": "ET99", "analytical_region": false, "source_polygon_n": 18}, "geometry": {"type": "MultiPolygon", "coordinates": [[[[37.4948844, 13.367785500000002], [37.490760200000004, 13.363855699999998], [37.490082, 13.363209399999999], [37.482843100000004, 13.3642556], [37.4765391, 13.367708299999999], [37.4736649, 13.3672704], [37.4714749, 13.3669368], [37.466276500000006, 13.362464799999998], [37.465543800000006, 13.361962000000002], [37.4619816, 13.3595174], [37.456469899999995, 13.357675299999999], [37.4501501, 13.3548686], [37.4405058, 13.3540943], [37.4376123, 13.3582559], [37.431337299999996, 13.359537300000001], [37.4248822, 13.3635444], [37.4195819, 13.368158399999999], [37.41581670000001, 13.373968399999999], [37.4095076, 13.370135999999999], [37.403037999999995, 13.361744499999999], [37.395817900000004, 13.357776999999999], [37.3886573, 13.356305299999999], [37.3818449, 13.357465099999999], [37.375428299999996, 13.3579607], [37.3683141, 13.3592808], [37.3652419, 13.3598509], [37.360073, 13.357897799999998], [37.358970899999996, 13.357481400000001], [37.355384199999996, 13.351342299999999], [37.3519053, 13.3426239], [37.3525055, 13.334353399999998], [37.3504097, 13.326731800000001], [37.3443263, 13.324428599999997], [37.3389801, 13.318552799999999], [37.335458599999995, 13.3104291], [37.3218272, 13.2971776], [37.3127439, 13.297532299999999], [37.304209, 13.2940521], [37.2948394, 13.2905661], [37.2892211, 13.288038199999999], [37.2806472, 13.284944], [37.2758591, 13.2883628], [37.26928099999999, 13.288734000000002], [37.263844299999995, 13.2900455], [37.2558769, 13.294970799999998], [37.2505172, 13.294993999999997], [37.2462217, 13.292189599999999], [37.24140620000001, 13.283385299999997], [37.2397524, 13.2769306], [37.231752799999995, 13.2765323], [37.224398799999996, 13.2747306], [37.2197313, 13.270756099999998], [37.214131699999996, 13.265841199999997], [37.2110479, 13.2593881], [37.204709099999995, 13.2557124], [37.200511, 13.260114400000003], [37.197614300000005, 13.264998799999999], [37.1943653, 13.271615], [37.1901458, 13.2777064], [37.185726599999995, 13.2825501], [37.1805867, 13.286041299999999], [37.17545440000001, 13.2884941], [37.1688664, 13.290210399999998], [37.1635261, 13.292557500000001], [37.157746200000005, 13.2978066], [37.1503136, 13.300761300000001], [37.143100499999996, 13.3022651], [37.1371913, 13.3038813], [37.1275172, 13.3051108], [37.122700699999996, 13.308443299999997], [37.1156833, 13.311607299999999], [37.1076257, 13.3142967], [37.098737899999996, 13.316356599999999], [37.091177099999996, 13.3155216], [37.08386469999999, 13.314706300000001], [37.078374, 13.3118156], [37.0763782, 13.3180008], [37.0692654, 13.3174403], [37.0678675, 13.323623099999997], [37.065553799999996, 13.3298597], [37.060289499999996, 13.3310024], [37.0525251, 13.3329519], [37.047944799999996, 13.338859900000001], [37.0430027, 13.344913799999997], [37.0396936, 13.3510334], [37.034955599999996, 13.353264], [37.0253023, 13.354635599999998], [37.018136299999995, 13.3577017], [37.013016799999995, 13.3605135], [37.00184709999999, 13.3566836], [36.9967697, 13.359003099999999], [36.988998599999995, 13.360221899999997], [36.982063499999995, 13.3613239], [36.9761866, 13.3647273], [36.970431, 13.365358299999999], [36.96448779999999, 13.3696352], [36.9598125, 13.3672518], [36.956890099999995, 13.362378000000001], [36.9515825, 13.364788499999998], [36.9460775, 13.3697954], [36.942592399999995, 13.3754997], [36.93858770000001, 13.379983399999997], [36.934598099999995, 13.3753318], [36.9296729, 13.372128], [36.9269433, 13.377601100000001], [36.919191999999995, 13.3768238], [36.9154389, 13.382758700000002], [36.9089895, 13.384465699999998], [36.9051361, 13.388151799999997], [36.90386559999999, 13.394565199999999], [36.8991044, 13.402654499999995], [36.89554019999999, 13.406913300000001], [36.8879902, 13.407890700000001], [36.881178, 13.4074834], [36.87381329999999, 13.4132058], [36.873306299999996, 13.414321099999999], [36.8711581, 13.4190476], [36.860751900000004, 13.425429000000001], [36.8541701, 13.431438400000001], [36.8446829, 13.435365800000003], [36.8436966, 13.440939600000002], [36.8394245, 13.443673599999999], [36.8379155, 13.4446392], [36.8328935, 13.4459251], [36.82478989999999, 13.448246099999997], [36.8171475, 13.446529199999999], [36.8148244, 13.4418377], [36.8125454, 13.4351556], [36.8107519, 13.428168699999997], [36.8086221, 13.418499799999998], [36.8025242, 13.413388500000002], [36.795631, 13.411283199999998], [36.7884373, 13.407629299999998], [36.7832198, 13.4028865], [36.777622, 13.394960999999999], [36.7724013, 13.388923999999998], [36.7704495, 13.3818884], [36.7669437, 13.378128099999998], [36.7621809, 13.374144399999999], [36.7561835, 13.3727702], [36.75391739999999, 13.3723184], [36.74942060000001, 13.371421999999999], [36.7447897, 13.366992999999999], [36.7398032, 13.3648642], [36.734659900000004, 13.3630725], [36.731380900000005, 13.3687293], [36.7219765, 13.366578399999998], [36.7147686, 13.367091900000002], [36.7053958, 13.372065599999999], [36.6971582, 13.372835199999999], [36.6904571, 13.373685000000002], [36.6851011, 13.3747852], [36.6782572, 13.371250499999997], [36.6724337, 13.368730799999998], [36.6645955, 13.3665652], [36.6561496, 13.3690504], [36.6512732, 13.375141199999998], [36.6491261, 13.3801912], [36.6438821, 13.378074199999997], [36.6357797, 13.3824516], [36.6280812, 13.3818753], [36.6205552, 13.379144099999998], [36.6149038, 13.376499], [36.609496400000005, 13.375212999999999], [36.6048077, 13.3776274], [36.602021300000004, 13.382080299999998], [36.5972125, 13.385007999999996], [36.59265189999999, 13.389015699999998], [36.5914437, 13.3949274], [36.5886777, 13.402782499999997], [36.5840296, 13.4080503], [36.57931189999999, 13.411602199999999], [36.5763039, 13.4175705], [36.569511, 13.425268499999998], [36.568719099999996, 13.430635], [36.567394, 13.4396145], [36.5664219, 13.446200699999999], [36.570951199999996, 13.4497314], [36.572880999999995, 13.4561757], [36.57187450000001, 13.4613922], [36.57095199999999, 13.4668654], [36.57193039999999, 13.4730435], [36.5743103, 13.477864199999999], [36.5787769, 13.482191], [36.5844872, 13.483615900000002], [36.5894109, 13.485634], [36.5964451, 13.4891286], [36.6011229, 13.498425500000003], [36.598102399999995, 13.504735399999998], [36.5924298, 13.5085017], [36.58692009999999, 13.513005499999997], [36.5796637, 13.520327199999997], [36.5724278, 13.522249899999998], [36.5647118, 13.533000999999999], [36.5665085, 13.5391341], [36.56402899999999, 13.547419099999999], [36.5585004, 13.551547599999997], [36.561728599999995, 13.555508999999999], [36.5602733, 13.563341099999997], [36.5546924, 13.571281399999998], [36.5474843, 13.574268400000003], [36.5399378, 13.575507600000002], [36.5378368, 13.581960399999998], [36.53154999999999, 13.5816725], [36.5260787, 13.584281200000001], [36.5195561, 13.585511799999997], [36.521189799999995, 13.5917018], [36.521445299999996, 13.592429399999997], [36.522847799999994, 13.5964232], [36.523138100000004, 13.597249599999998], [36.5234348, 13.598094600000001], [36.5259881, 13.606213200000001], [36.5260744, 13.606487299999998], [36.52603519999999, 13.606551500000002], [36.52174480000001, 13.613577099999999], [36.521171599999995, 13.6146719], [36.519311800000004, 13.618224099999999], [36.5176541, 13.622010999999999], [36.515947100000005, 13.625910199999998], [36.5159108, 13.625993099999999], [36.5151033, 13.627379000000001], [36.512816099999995, 13.6313046], [36.5121903, 13.634011], [36.5109018, 13.639583300000002], [36.510190800000004, 13.6492027], [36.510159400000006, 13.649627599999999], [36.5058128, 13.652457099999998], [36.5057104, 13.653371], [36.5043917, 13.665134400000001], [36.503390499999995, 13.665232499999998], [36.498441799999995, 13.665717599999997], [36.4959395, 13.668196799999997], [36.494205300000004, 13.6699151], [36.4897358, 13.6771941], [36.4895807, 13.677374799999999], [36.48890389999999, 13.678163399999999], [36.48601379999999, 13.681531099999999], [36.4849306, 13.68365], [36.4824153, 13.688570599999998], [36.48060119999999, 13.6904339], [36.4803493, 13.690692600000002], [36.4776643, 13.6934506], [36.476094599999996, 13.6993086], [36.4757964, 13.700421400000002], [36.4785907, 13.7047763], [36.4785027, 13.7053908], [36.4779296, 13.7093939], [36.477830299999994, 13.7101399], [36.477777599999996, 13.720823500000002], [36.4838362, 13.7271045], [36.4806741, 13.734733599999998], [36.4794459, 13.735410499999999], [36.473234100000006, 13.7388339], [36.4715134, 13.7401593], [36.4676324, 13.7431486], [36.462176899999996, 13.748497500000001], [36.462012099999995, 13.7486591], [36.4554496, 13.754358799999997], [36.454976599999995, 13.756986399999999], [36.4541957, 13.761324700000001], [36.4535245, 13.762965600000001], [36.45689610000001, 13.7708636], [36.471109999999996, 13.80416], [36.486940000000004, 13.839440000000002], [36.44639, 13.95694], [36.4520692, 13.974589300000002], [36.4549076, 13.983410099999997], [36.481158799999996, 14.064990500000002], [36.4927851, 14.101178200000001], [36.50683769999999, 14.1448469], [36.5164042, 14.174567799999998], [36.52711299999999, 14.2078303], [36.527121900000004, 14.2078291], [36.53944, 14.246109999999998], [36.54281999999999, 14.262049999999999], [36.55273739999999, 14.2789012], [36.55701990000001, 14.280029299999999], [36.5582736, 14.2803595], [36.563808900000005, 14.282815699999999], [36.564017199999995, 14.282881], [36.5701846, 14.2848156], [36.5702928, 14.2848454], [36.5780561, 14.286977600000002], [36.584223900000005, 14.2831367], [36.5900634, 14.2851986], [36.590080199999996, 14.285595800000001], [36.59032380000001, 14.286111000000002], [36.5903511, 14.2860842], [36.590939399999996, 14.285507899999999], [36.591965099999996, 14.2858701], [36.5996351, 14.289808400000002], [36.60415150000001, 14.2909557], [36.604506799999996, 14.2914336], [36.6048197, 14.291854599999997], [36.60588550000001, 14.2930605], [36.60690729999999, 14.293787999999997], [36.608622, 14.293900799999998], [36.61097559999999, 14.293876700000002], [36.6124492, 14.2936046], [36.6142756, 14.292427700000001], [36.61861150000001, 14.294143799999999], [36.62055599999999, 14.2998975], [36.62133809999999, 14.306191499999999], [36.6224245, 14.306394899999999], [36.6288069, 14.3075899], [36.6314983, 14.3075505], [36.6364064, 14.3074786], [36.6429864, 14.3061432], [36.651243699999995, 14.304478099999999], [36.6539846, 14.303801799999997], [36.658374099999996, 14.302718700000002], [36.6594965, 14.3024417], [36.668431700000006, 14.299600199999999], [36.678444999999996, 14.297374699999999], [36.68252460000001, 14.2965576], [36.6857786, 14.2959058], [36.69092990000001, 14.2963463], [36.6949405, 14.298695899999998], [36.69805589999999, 14.300521199999999], [36.70498339999999, 14.3041341], [36.71183010000001, 14.3066591], [36.713028300000005, 14.306765299999999], [36.7193693, 14.3073272], [36.728406199999995, 14.3098112], [36.7285034, 14.3098995], [36.734313199999995, 14.3151711], [36.7403239, 14.316612600000001], [36.7403634, 14.316619599999997], [36.7464838, 14.3177074], [36.752642200000004, 14.317892500000001], [36.75861119999999, 14.317309100000001], [36.765352, 14.3156192], [36.7667672, 14.315593499999997], [36.771349400000005, 14.315510300000001], [36.7735736, 14.315882799999999], [36.7782219, 14.316661299999998], [36.7812422, 14.3161593], [36.7867533, 14.3152434], [36.791513099999996, 14.3146203], [36.7931859, 14.314401300000002], [36.8005353, 14.314273300000002], [36.808194799999995, 14.3130844], [36.816669999999995, 14.3127019], [36.824891, 14.313709300000001], [36.82701069999999, 14.308943200000002], [36.8296575, 14.307885999999998], [36.8322089, 14.306866800000002], [36.8345521, 14.307387299999998], [36.837096499999994, 14.307952600000002], [36.838635, 14.3082944], [36.8392471, 14.308430399999999], [36.839438799999996, 14.308473000000001], [36.840663, 14.3087449], [36.84385009999999, 14.311801899999999], [36.845739699999996, 14.313614399999999], [36.8485702, 14.3163293], [36.8520061, 14.3166661], [36.857100700000004, 14.317165500000002], [36.8614627, 14.3176284], [36.863263599999996, 14.317819499999999], [36.8640614, 14.317527799999999], [36.8681045, 14.316049800000002], [36.8700987, 14.3147924], [36.8724352, 14.3133192], [36.87816089999999, 14.310939699999999], [36.886408900000006, 14.3114516], [36.88643580000001, 14.3114533], [36.89459449999999, 14.310835599999999], [36.900273199999994, 14.304748299999998], [36.90847469999999, 14.301328199999997], [36.9148113, 14.299494699999997], [36.9206072, 14.2983948], [36.9223553, 14.298032899999999], [36.9264734, 14.297180400000002], [36.932587700000006, 14.295662799999995], [36.9376515, 14.291153399999999], [36.94372559999999, 14.2890981], [36.9448692, 14.289273099999999], [36.950345999999996, 14.2901113], [36.950443500000006, 14.290116499999998], [36.9555837, 14.2903862], [36.956201500000006, 14.290418599999999], [36.9625852, 14.289884199999998], [36.96923400000001, 14.2870881], [36.974434699999996, 14.2801873], [36.9814347, 14.274491000000003], [36.982372000000005, 14.272011999999998], [36.9838349, 14.268142600000001], [36.986416299999995, 14.263108699999998], [36.9903316, 14.2597554], [36.99709929999999, 14.2578666], [37.0020106, 14.2530629], [37.0080975, 14.249484400000002], [37.017192099999995, 14.2505537], [37.0175167, 14.2505919], [37.024465, 14.2542966], [37.03275500000001, 14.2583001], [37.033228, 14.258833999999998], [37.0380243, 14.264247599999997], [37.0382925, 14.264352899999999], [37.0435576, 14.2664193], [37.04700879999999, 14.266248000000001], [37.0497722, 14.266110799999998], [37.0570305, 14.262442399999998], [37.0651429, 14.261925499999998], [37.0671176, 14.263375999999997], [37.0686098, 14.264472099999999], [37.0704973, 14.2658586], [37.0715359, 14.2666215], [37.0766916, 14.2676071], [37.0790641, 14.267412700000001], [37.081987, 14.2671733], [37.0892972, 14.2679994], [37.092027099999996, 14.270250299999999], [37.0922143, 14.270404599999997], [37.093755099999996, 14.2716751], [37.0953482, 14.276858800000001], [37.0960436, 14.282456499999997], [37.0974349, 14.283485899999999], [37.1007259, 14.285920999999998], [37.101218599999996, 14.286819299999998], [37.102246099999995, 14.2886925], [37.1033847, 14.290768100000001], [37.103230499999995, 14.292641900000001], [37.1026758, 14.2993835], [37.102722299999996, 14.303003999999998], [37.1027683, 14.306584299999999], [37.103793599999996, 14.313408700000002], [37.1046604, 14.320820500000002], [37.1004488, 14.326545699999999], [37.099554399999995, 14.333268000000002], [37.102527699999996, 14.343399399999997], [37.1083985, 14.356146799999998], [37.1102768, 14.358037199999998], [37.112932, 14.3607094], [37.1134687, 14.361249499999998], [37.1137608, 14.365835700000002], [37.113848499999996, 14.3672126], [37.11683209999999, 14.3720103], [37.1200973, 14.376666700000001], [37.1221031, 14.379527200000002], [37.12302820000001, 14.383513100000004], [37.1239172, 14.387343399999999], [37.12594219999999, 14.393353499999998], [37.12884489999999, 14.399031800000001], [37.131698899999996, 14.4026806], [37.132768399999996, 14.404047900000002], [37.133841499999996, 14.4054199], [37.13793940000001, 14.405871], [37.141480699999995, 14.4062609], [37.1445647, 14.408322999999998], [37.1450768, 14.408628700000003], [37.14559309999999, 14.408977300000002], [37.1457421, 14.409110199999999], [37.147860099999995, 14.410526400000002], [37.1521386, 14.4137293], [37.156938200000006, 14.415751299999998], [37.158760199999996, 14.416130599999999], [37.1641675, 14.417256199999995], [37.1711238, 14.4133911], [37.1796978, 14.4145145], [37.1846772, 14.416563499999999], [37.1879398, 14.417906000000002], [37.1934918, 14.4204129], [37.19420389999999, 14.4208973], [37.19992680000001, 14.424789800000001], [37.201173299999994, 14.4262917], [37.202989699999996, 14.4284803], [37.203335599999996, 14.428897], [37.2063061, 14.432476200000002], [37.2077551, 14.433611499999998], [37.2100563, 14.435414700000003], [37.2120016, 14.436938999999997], [37.2125695, 14.437101300000002], [37.2190152, 14.438943600000002], [37.2229253, 14.4396645], [37.2269116, 14.440399399999997], [37.231494999999995, 14.436849699999998], [37.2383312, 14.432197700000005], [37.2478511, 14.429494499999999], [37.253251399999996, 14.4301863], [37.255244100000006, 14.432075900000001], [37.255543599999996, 14.432359900000002], [37.2580689, 14.434754700000001], [37.2584169, 14.434801700000001], [37.2589623, 14.434875300000002], [37.2661251, 14.435842499999998], [37.2746546, 14.437201199999999], [37.2830081, 14.438726299999999], [37.2859449, 14.440387500000002], [37.2899007, 14.442625], [37.2992717, 14.444641600000004], [37.2994036, 14.444610800000001], [37.3079099, 14.442622799999999], [37.31253639999999, 14.4346782], [37.3142569, 14.428661999999997], [37.320256799999996, 14.4258464], [37.3275064, 14.422581600000003], [37.332892, 14.416548500000001], [37.336695899999995, 14.4111137], [37.344031, 14.409044700000003], [37.344547999999996, 14.4117479], [37.3453185, 14.415776800000002], [37.3466659, 14.4159197], [37.3473593, 14.414730599999999], [37.34953919999999, 14.4131608], [37.3481354, 14.4120905], [37.3470152, 14.411236299999999], [37.3485884, 14.410910099999999], [37.3468295, 14.404598000000002], [37.3470328, 14.403989399999999], [37.3472374, 14.4031615], [37.347475900000006, 14.402563299999999], [37.3478209, 14.4018742], [37.349027199999995, 14.400902000000002], [37.3500668, 14.400319499999998], [37.3515904, 14.3995099], [37.3523117, 14.398948899999999], [37.353751100000004, 14.398506999999999], [37.3546482, 14.398107699999997], [37.3556641, 14.39756], [37.35677369999999, 14.3970469], [37.357340799999996, 14.396727700000003], [37.35813269999999, 14.396224799999999], [37.3587364, 14.395605299999998], [37.3590459, 14.394928499999999], [37.35939140000001, 14.3941694], [37.3597715, 14.393549499999997], [37.3605552, 14.3922534], [37.3609954, 14.3913797], [37.36142340000001, 14.390576], [37.3617571, 14.389795400000004], [37.3622206, 14.3889456], [37.3625887, 14.388336899999999], [37.3633345, 14.3875806], [37.3638793, 14.386984399999998], [37.364341100000004, 14.386514199999999], [37.3649207, 14.386022299999997], [37.365606199999995, 14.385518599999996], [37.3669296, 14.384673600000001], [37.36805179999999, 14.3839989], [37.369163199999996, 14.383175], [37.370061, 14.382650199999997], [37.371489800000006, 14.38192], [37.3725342, 14.3803127], [37.3725728, 14.3796227], [37.3725071, 14.3786088], [37.37223049999999, 14.3773878], [37.371939499999996, 14.3766842], [37.371320999999995, 14.375462], [37.37098459999999, 14.3744237], [37.3711297, 14.3736767], [37.3715816, 14.3728155], [37.3718308, 14.372401500000002], [37.37290529999999, 14.371831499999999], [37.3736131, 14.3715923], [37.3749332, 14.371437600000002], [37.3757333, 14.3715787], [37.3761326, 14.371810699999997], [37.376978099999995, 14.372367899999999], [37.3802879, 14.372336300000002], [37.3807036, 14.3716127], [37.380897499999996, 14.3704853], [37.3809025, 14.369461800000002], [37.3809538, 14.3685752], [37.3811466, 14.367666999999999], [37.3812797, 14.3669302], [37.381530999999995, 14.366114999999997], [37.3821359, 14.365277399999998], [37.383120399999996, 14.363831200000002], [37.3834638, 14.363464100000003], [37.3848078, 14.363194199999999], [37.3867025, 14.3634896], [37.38736049999999, 14.3638149], [37.3890498, 14.365169799999999], [37.3914876, 14.3652609], [37.3917745, 14.3643183], [37.3917664, 14.363592899999995], [37.3915464, 14.362798300000001], [37.3912564, 14.361864200000001], [37.390872, 14.3609996], [37.3903824, 14.359937599999999], [37.389528, 14.3587952], [37.38883690000001, 14.358043699999998], [37.388074599999996, 14.3573606], [37.3847729, 14.355734899999998], [37.3821168, 14.3545836], [37.381023299999995, 14.354244000000001], [37.3799318, 14.3534919], [37.379185, 14.352026], [37.3797139, 14.349829799999998], [37.3798362, 14.348898600000002], [37.379945400000004, 14.348219199999999], [37.380398199999995, 14.347127500000001], [37.380577200000005, 14.3466451], [37.38045429999999, 14.3452863], [37.38021009999999, 14.344640599999996], [37.37969770000001, 14.343453], [37.379702599999995, 14.342450900000001], [37.38010980000001, 14.341060599999997], [37.380454099999994, 14.3404405], [37.38082079999999, 14.3401198], [37.3817752, 14.3399863], [37.3821636, 14.3400341], [37.383305299999996, 14.340200099999999], [37.3840818, 14.3403534], [37.38489380000001, 14.3404481], [37.3856351, 14.340567300000002], [37.3867528, 14.340813299999997], [37.38737619999999, 14.340942900000002], [37.3882592, 14.341027999999998], [37.3892358, 14.3411928], [37.390354099999996, 14.341302100000002], [37.39151959999999, 14.341352999999998], [37.3925445, 14.3413226], [37.39414689999999, 14.341110899999999], [37.3950578, 14.3402979], [37.3956991, 14.339126100000001], [37.3960584, 14.337897], [37.39765539999999, 14.3363611], [37.398303999999996, 14.3361678], [37.3995043, 14.336404099999996], [37.4002915, 14.336764200000005], [37.4026628, 14.335853700000001], [37.402904899999996, 14.3344735], [37.4028734, 14.333644], [37.40266690000001, 14.332538800000002], [37.401558900000005, 14.330231], [37.400872799999995, 14.328409599999999], [37.4004889, 14.3274297], [37.4001537, 14.326080699999999], [37.3997944, 14.3248705], [37.3992834, 14.323361], [37.3993939, 14.3224398], [37.399258499999995, 14.3211848], [37.399124799999996, 14.319583999999997], [37.3992352, 14.3186289], [37.3999488, 14.317181900000001], [37.4005864, 14.316781700000002], [37.402026500000005, 14.3160627], [37.4029252, 14.315226999999998], [37.40336739999999, 14.313893400000001], [37.4033726, 14.3127534], [37.403059, 14.3118316], [37.402320399999994, 14.311161199999999], [37.4007966, 14.309714900000001], [37.39929419999999, 14.308718499999998], [37.3982848, 14.308001], [37.3976044, 14.307467599999995], [37.396889, 14.30689], [37.3962784, 14.306518699999998], [37.3937395, 14.3031347], [37.3930972, 14.3020152], [37.3926204, 14.300746499999999], [37.392730799999995, 14.2998039], [37.3929337, 14.299251600000002], [37.39338370000001, 14.298701099999999], [37.3940476, 14.2977712], [37.3948305, 14.2965088], [37.395470399999994, 14.295671399999998], [37.3966649, 14.294537199999999], [37.39782299999999, 14.293667099999999], [37.3987085, 14.293129599999999], [37.399157699999996, 14.292764300000002], [37.4001142, 14.292181], [37.400563, 14.291872199999997], [37.401425599999996, 14.2912193], [37.4022183, 14.2903942], [37.4027617, 14.2896444], [37.4034152, 14.288742499999996], [37.4071691, 14.286662699999999], [37.40807669999999, 14.2864835], [37.40899279999999, 14.2866679], [37.4094763, 14.2867652], [37.4103105, 14.2871718], [37.4111329, 14.2875208], [37.411721, 14.287626399999999], [37.4127345, 14.287412799999998], [37.4142452, 14.286681699999997], [37.4151305, 14.286167899999997], [37.4162299, 14.285228399999998], [37.4171531, 14.284173599999999], [37.41765099999999, 14.2834618], [37.418007499999995, 14.2827614], [37.4185288, 14.282073400000002], [37.419499599999995, 14.280868600000002], [37.419937999999995, 14.2803066], [37.4206353, 14.279711299999999], [37.4214282, 14.278851099999999], [37.42234990000001, 14.278083299999999], [37.4241742, 14.275685399999997], [37.4248142, 14.274743899999999], [37.4258439, 14.2735972], [37.427779199999996, 14.272604399999997], [37.4286745, 14.2724589], [37.4297712, 14.272060499999998], [37.43082030000001, 14.2717996], [37.4323051, 14.2715179], [37.4335674, 14.2709602], [37.4351257, 14.2700111], [37.4361529, 14.269405499999998], [37.4371817, 14.2683389], [37.4377278, 14.2673968], [37.438027299999995, 14.2662587], [37.438820799999995, 14.2652143], [37.439815599999996, 14.2639068], [37.440359699999995, 14.263332999999998], [37.44100960000001, 14.2628288], [37.4415059, 14.2623824], [37.4432286, 14.2615722], [37.4441589, 14.261472099999999], [37.4452425, 14.2613617], [37.4459388, 14.260973], [37.4463521, 14.2607102], [37.4467968, 14.2587098], [37.446156200000004, 14.257187100000001], [37.4462313, 14.256197900000002], [37.4463625, 14.255818], [37.4467298, 14.255255400000001], [37.446954999999996, 14.254933800000002], [37.4472162, 14.254429299999998], [37.447501300000006, 14.253854899999999], [37.4473625, 14.2533241], [37.446936099999995, 14.253027200000002], [37.44636489999999, 14.252629499999998], [37.445685499999996, 14.251866999999999], [37.4456068, 14.251060899999997], [37.4458096, 14.2504973], [37.4460932, 14.250233599999998], [37.4473434, 14.2497209], [37.4481092, 14.2495744], [37.44887430000001, 14.249578300000001], [37.4497566, 14.2497196], [37.450415, 14.2499069], [37.4509915, 14.249966], [37.452145099999996, 14.249993799999999], [37.453581, 14.2500698], [37.454380199999996, 14.2503371], [37.4554596, 14.250789699999999], [37.4554614, 14.250790399999998], [37.4560842, 14.251057699999999], [37.456718599999995, 14.251337499999996], [37.4575414, 14.251628699999998], [37.458270299999995, 14.251837900000002], [37.4593169, 14.252107899999999], [37.4601049, 14.252237300000003], [37.4607284, 14.2523554], [37.4622112, 14.252488200000002], [37.463317100000005, 14.252629700000002], [37.46428089999999, 14.252968099999999], [37.4649633, 14.253040299999999], [37.4666826, 14.252920300000001], [37.4673312, 14.252692800000002], [37.467921499999996, 14.252280799999998], [37.469138400000006, 14.251295500000001], [37.469387499999996, 14.250905], [37.46979029999999, 14.250273799999997], [37.470193300000005, 14.2496425], [37.470396199999996, 14.249009899999999], [37.4702033, 14.2484144], [37.470538499999996, 14.248052700000002], [37.4705893, 14.247568299999998], [37.4705762, 14.246797700000004], [37.47047799999999, 14.245855899999997], [37.4703791, 14.2448903], [37.4703713, 14.244419100000002], [37.4702261, 14.243489399999998], [37.4701002, 14.2416266], [37.4701655, 14.240613499999998], [37.47015770000001, 14.240141199999997], [37.470067900000004, 14.239716900000001], [37.4699741, 14.239028200000002], [37.4698585, 14.238467100000001], [37.469710899999995, 14.2373871], [37.46989560000001, 14.233701499999999], [37.469753100000005, 14.2329221], [37.469595, 14.231934700000002], [37.4694828, 14.2315679], [37.469158300000004, 14.230481200000002], [37.468913199999996, 14.2292074], [37.4684561, 14.227937800000001], [37.467857499999994, 14.2266595], [37.4673429, 14.2254608], [37.4670979, 14.224899099999998], [37.4670978, 14.2248988], [37.4670489, 14.2247866], [37.4670084, 14.224676599999999], [37.4666786, 14.2237798], [37.4663955, 14.223048099999998], [37.4662344, 14.2227523], [37.465836599999996, 14.222021999999997], [37.4655277, 14.221153399999999], [37.4653169, 14.219822200000001], [37.4652251, 14.2185697], [37.4652702, 14.2177633], [37.46527599999999, 14.217639400000001], [37.4653048, 14.2170144], [37.4654094, 14.2155507], [37.46543589999999, 14.215484], [37.465782000000004, 14.214611900000001], [37.466150400000004, 14.2141228], [37.466664200000004, 14.2138295], [37.4670018, 14.2136368], [37.4677511, 14.213393000000002], [37.468926499999995, 14.213292099999999], [37.47006950000001, 14.2133536], [37.4708945, 14.213396199999998], [37.472022900000006, 14.2133085], [37.472761, 14.213088400000002], [37.47459009999999, 14.212653699999999], [37.475898099999995, 14.2120327], [37.476887999999995, 14.211393899999997], [37.4775797, 14.210541799999998], [37.4782481, 14.209000399999999], [37.47855359999999, 14.208270200000001], [37.4790676, 14.206649799999997], [37.47957050000001, 14.204362799999998], [37.4799753, 14.203238800000001], [37.4806075, 14.2023423], [37.48144169999999, 14.2015567], [37.48196299999999, 14.201063999999997], [37.4833266, 14.200258], [37.4849117, 14.2000127], [37.4862849, 14.1997694], [37.4871553, 14.199720699999999], [37.488166899999996, 14.1996796], [37.4889419, 14.199562499999999], [37.490159999999996, 14.1992075], [37.49088139999999, 14.198700199999998], [37.4921122, 14.1977012], [37.4931821, 14.1969453], [37.4942341, 14.195799399999997], [37.495673599999996, 14.194624399999999], [37.4961722, 14.1941778], [37.4965442, 14.1932163], [37.496655700000005, 14.1921561], [37.496293699999995, 14.1909426], [37.4957206, 14.189778599999999], [37.49537420000001, 14.1887945], [37.4950734, 14.187729399999998], [37.49489200000001, 14.186743], [37.4947527, 14.185480100000001], [37.494652099999996, 14.1844117], [37.4947189, 14.1835014], [37.494979400000005, 14.182898600000001], [37.49558869999999, 14.182035800000001], [37.4964369, 14.181387899999999], [37.496974, 14.1811259], [37.49766259999999, 14.1807912], [37.4987101, 14.180784199999998], [37.4993002, 14.180867], [37.4998418, 14.1808806], [37.500715199999995, 14.180324500000001], [37.5017923, 14.179994499999998], [37.50257510000001, 14.179646900000002], [37.5034633, 14.179263699999998], [37.5049074, 14.179042199999998], [37.506061200000005, 14.1790686], [37.5070511, 14.179143700000001], [37.5080569, 14.179448299999999], [37.508781899999995, 14.179849400000002], [37.509969299999995, 14.180449999999999], [37.5111129, 14.181248], [37.511627, 14.1817099], [37.512484, 14.1829502], [37.5147246, 14.1838771], [37.5168434, 14.183874399999997], [37.51831409999999, 14.183159199999999], [37.518988300000004, 14.1819736], [37.5194218, 14.181160499999999], [37.519452099999995, 14.1811071], [37.519936099999995, 14.180252999999997], [37.52060629999999, 14.1795396], [37.5214731, 14.179282899999999], [37.5229335, 14.180017299999998], [37.523873099999996, 14.1812659], [37.5240479, 14.181597300000002], [37.5244328, 14.182326999999997], [37.5251416, 14.1831663], [37.5254628, 14.1833672], [37.526516099999995, 14.1830042], [37.52681, 14.1822964], [37.5271419, 14.181058900000002], [37.52739259999999, 14.179892200000001], [37.527588699999995, 14.178980399999997], [37.5276621, 14.177080399999998], [37.5275569, 14.1757464], [37.527376200000006, 14.1748177], [37.5271262, 14.173982299999999], [37.52620629999999, 14.1711326], [37.5254144, 14.169582100000001], [37.5250054, 14.1690711], [37.5248308, 14.168855099999998], [37.524500499999995, 14.1684465], [37.5241861, 14.167957599999998], [37.523787500000005, 14.167366500000002], [37.5235352, 14.167071199999997], [37.5220218, 14.165981700000001], [37.521523200000004, 14.1657368], [37.5208969, 14.1656062], [37.520200200000005, 14.1654608], [37.51848700000001, 14.165088699999998], [37.517679699999995, 14.164677000000001], [37.5170637, 14.164446000000002], [37.5167147, 14.164014499999999], [37.51634250000001, 14.162893599999999], [37.5161514, 14.162045000000003], [37.51563910000001, 14.160304099999998], [37.516496, 14.1581151], [37.516761200000005, 14.1573746], [37.5167658, 14.157362], [37.5171586, 14.1562503], [37.51754139999999, 14.155242599999998], [37.51776499999999, 14.154559199999998], [37.5178742, 14.154062699999999], [37.5180401, 14.1534378], [37.5183898, 14.151867099999999], [37.518627099999996, 14.1512991], [37.518805199999996, 14.150698], [37.519202299999996, 14.149827], [37.5198518, 14.1485848], [37.5201293, 14.147613600000001], [37.52025039999999, 14.146436999999999], [37.5202251, 14.145655], [37.520185, 14.144689800000002], [37.520046199999996, 14.143460699999997], [37.5199886, 14.141481899999999], [37.5199681, 14.1382141], [37.5199673, 14.1374887], [37.5200177, 14.136992999999999], [37.5203675, 14.1354449], [37.5206499, 14.1347495], [37.5210253, 14.1339948], [37.52138209999999, 14.1335168], [37.52203660000001, 14.132573899999999], [37.5228438, 14.131603799999997], [37.524660399999995, 14.1298003], [37.5249381, 14.128840499999999], [37.5251411, 14.128329899999999], [37.5252388, 14.127856999999995], [37.5252594, 14.1269928], [37.5252502, 14.126452599999999], [37.5252546, 14.126038], [37.52526650000001, 14.125359], [37.525356200000004, 14.1244138], [37.52544759999999, 14.1235714], [37.5254984, 14.123099499999999], [37.5255335, 14.122408199999999], [37.525580399999996, 14.122149300000002], [37.525673399999995, 14.121635000000003], [37.5261158, 14.1199926], [37.526331299999995, 14.118838], [37.526727799999996, 14.117944399999997], [37.527302299999995, 14.1164621], [37.5286009, 14.114644100000001], [37.529429300000004, 14.113547499999997], [37.530134499999996, 14.1128095], [37.5310407, 14.112397599999998], [37.5317925, 14.112055799999997], [37.532581099999994, 14.1120764], [37.5338893, 14.112180399999998], [37.534811499999996, 14.112440300000001], [37.5358681, 14.112962], [37.537333, 14.113305299999999], [37.5383591, 14.113437], [37.5388476, 14.113369599999997], [37.540084799999995, 14.113198899999999], [37.5406738, 14.113234099999998], [37.5417792, 14.113192199999997], [37.542496, 14.1131219], [37.5435966, 14.112814500000002], [37.543971299999995, 14.112704899999999], [37.5448802, 14.1121827], [37.5451817, 14.1119235], [37.5460771, 14.1117165], [37.54642229999999, 14.111505099999999], [37.5469966, 14.110997800000002], [37.54769669999999, 14.1100439], [37.5480752, 14.1093649], [37.5482687, 14.109017899999998], [37.548372699999994, 14.108687499999998], [37.548769400000005, 14.107426600000002], [37.548895099999996, 14.1069924], [37.549706, 14.1057758], [37.5497735, 14.1057121], [37.5504484, 14.1050752], [37.5504915, 14.105023699999997], [37.5508938, 14.104542299999997], [37.5518347, 14.103903899999999], [37.55244, 14.104087399999997], [37.5546298, 14.104751199999999], [37.556348299999996, 14.104658200000001], [37.5566782, 14.104640300000002], [37.5568826, 14.104585799999997], [37.55724550000001, 14.1044889], [37.557646999999996, 14.103756799999998], [37.5577204, 14.103622899999998], [37.55782039999999, 14.102692399999999], [37.558084799999996, 14.1011437], [37.55814939999999, 14.1002119], [37.558189299999995, 14.0993376], [37.5581846, 14.098336499999997], [37.557948, 14.097169], [37.55747769999999, 14.0959165], [37.5574085, 14.095125800000002], [37.5573808, 14.094809699999999], [37.5574746, 14.092957199999999], [37.558779400000006, 14.091738999999999], [37.559598799999996, 14.091316799999998], [37.560412899999996, 14.091170299999998], [37.561883400000006, 14.091774499999998], [37.56614340000001, 14.094755800000001], [37.567284099999995, 14.0953863], [37.568286199999996, 14.0958781], [37.569441, 14.096383300000001], [37.5700741, 14.096498899999998], [37.571084000000006, 14.0965749], [37.57244449999999, 14.096772800000002], [37.5736275, 14.097024999999999], [37.5741622, 14.0967883], [37.574849, 14.096484199999997], [37.5756003, 14.0959339], [37.576063999999995, 14.095032699999999], [37.5768606, 14.092078099999998], [37.5771491, 14.091104699999997], [37.577280099999996, 14.0897597], [37.5776703, 14.088396999999999], [37.577870499999996, 14.0877564], [37.5781767, 14.086483699999999], [37.57872589999999, 14.086033799999997], [37.579482, 14.0857924], [37.5795425, 14.085773099999999], [37.579605, 14.084932799999999], [37.5798905, 14.083510700000001], [37.5801835, 14.0823079], [37.5808053, 14.0805116], [37.581276599999995, 14.0798297], [37.581591599999996, 14.079340000000002], [37.5843523, 14.076352799999999], [37.5850636, 14.075410100000001], [37.585498699999995, 14.0747731], [37.58572269999999, 14.0744516], [37.5861636, 14.0738188], [37.58711139999999, 14.072812], [37.5882947, 14.071774800000002], [37.590171, 14.0707971], [37.5906037, 14.070497900000001], [37.5911124, 14.070146099999999], [37.5918573, 14.069284900000001], [37.5919819, 14.068992199999997], [37.592127100000006, 14.0686507], [37.592251, 14.068359499999996], [37.592349600000006, 14.0676561], [37.5925358, 14.066327300000001], [37.592384599999995, 14.064977299999999], [37.5921034, 14.064293099999999], [37.5919015, 14.063771099999999], [37.5910083, 14.0618551], [37.5903316, 14.060322399999999], [37.5901297, 14.059788999999999], [37.5900821, 14.0592229], [37.5900142, 14.058416599999997], [37.5897323, 14.0571562], [37.589469799999996, 14.0557486], [37.5894437, 14.055608699999999], [37.5894836, 14.054723099999999], [37.5896569, 14.054254], [37.59031399999999, 14.0530317], [37.5907414, 14.0522366], [37.5910784, 14.051816], [37.5926681, 14.051685099999998], [37.594324, 14.052429199999999], [37.5954139, 14.0532559], [37.5955249, 14.0533352], [37.5959593, 14.0536455], [37.59670159999999, 14.05419], [37.597655499999995, 14.0547367], [37.5986255, 14.0550655], [37.59976539999999, 14.054811899999997], [37.5999124, 14.0547792], [37.600048799999996, 14.054704599999999], [37.6002894, 14.0545729], [37.6004826, 14.054467299999999], [37.600983, 14.054119900000002], [37.601231999999996, 14.0508546], [37.60110830000001, 14.0499195], [37.60078579999999, 14.047667899999999], [37.600503, 14.0464312], [37.600598399999996, 14.0438306], [37.6012901, 14.0426253], [37.602409200000004, 14.040675], [37.6030552, 14.040077599999998], [37.604850299999995, 14.039661899999999], [37.6062483, 14.039722], [37.6082173, 14.040057599999999], [37.6090627, 14.0401201], [37.6105335, 14.040066399999997], [37.6118521, 14.0399757], [37.6130187, 14.0398366], [37.6142798, 14.0396755], [37.6154223, 14.0395577], [37.615673199999996, 14.0395191], [37.6165544, 14.0393834], [37.617534299999996, 14.0391596], [37.6175601, 14.0391538], [37.6181483, 14.039021900000002], [37.6193673, 14.038594999999999], [37.6206075, 14.0382958], [37.62164690000001, 14.038038499999999], [37.622366, 14.0379363], [37.6224935, 14.0379259], [37.62304890000001, 14.037880299999998], [37.6237002, 14.0376388], [37.6240799, 14.0368173], [37.6239437, 14.035917], [37.623905, 14.0354671], [37.6233236, 14.0338446], [37.62304030000001, 14.033274599999999], [37.6225586, 14.032620999999999], [37.6218125, 14.0316405], [37.62112369999999, 14.030740499999997], [37.620198099999996, 14.029295599999998], [37.619721199999994, 14.028388999999999], [37.6193001, 14.027632899999997], [37.6183055, 14.026106299999999], [37.6172663, 14.0244642], [37.616234, 14.02243], [37.6155802, 14.0209212], [37.6150446, 14.0200017], [37.613324600000006, 14.0170111], [37.6127167, 14.016193999999997], [37.611775, 14.0149897], [37.611185, 14.013850699999999], [37.6105837, 14.012032600000001], [37.610106, 14.0111824], [37.6097141, 14.0102339], [37.6095884, 14.009929699999997], [37.609512800000005, 14.008938299999999], [37.6099508, 14.007495599999999], [37.610463, 14.006515499999999], [37.6108647, 14.005763], [37.6114549, 14.0050025], [37.61223929999999, 14.0045448], [37.613738100000006, 14.0035941], [37.615618, 14.002385599999998], [37.6166543, 14.0016672], [37.617475000000006, 14.0011419], [37.617974399999994, 14.0008397], [37.6184734, 14.000561200000002], [37.61946979999999, 13.9994403], [37.62192479999999, 13.998548800000002], [37.6221597, 13.9984635], [37.6221816, 13.997750600000002], [37.62222549999999, 13.9971418], [37.6222325, 13.995819799999998], [37.622312199999996, 13.994776799999997], [37.622319399999995, 13.9946824], [37.6227143, 13.993411199999999], [37.622912, 13.992769400000002], [37.6231612, 13.991818199999997], [37.6237909, 13.9906184], [37.62423690000001, 13.9899113], [37.624959200000006, 13.9888397], [37.625258599999995, 13.988498999999997], [37.62556310000001, 13.9878013], [37.6258292, 13.987321399999999], [37.625987099999996, 13.986990100000002], [37.626315, 13.986281199999999], [37.62648629999999, 13.9858347], [37.62686300000001, 13.985034599999999], [37.62715310000001, 13.984509699999998], [37.627429199999995, 13.9841451], [37.628029999999995, 13.983336099999999], [37.628909199999995, 13.9819896], [37.6294658, 13.9809622], [37.629887, 13.980335199999995], [37.630162999999996, 13.979981899999999], [37.630593399999995, 13.979550499999998], [37.6309888, 13.979072500000001], [37.63136599999999, 13.978238399999999], [37.63162279999999, 13.977768399999999], [37.6319465, 13.977176099999998], [37.6321054, 13.976763500000002], [37.6323621, 13.976111800000002], [37.632648599999996, 13.9750117], [37.6327151, 13.974471899999998], [37.6329931, 13.973152599999999], [37.6329445, 13.972428000000003], [37.632874, 13.971564299999997], [37.63290029999999, 13.970541800000001], [37.6329182, 13.970117], [37.6328339, 13.969391100000001], [37.6328215, 13.968597799999998], [37.632765, 13.967596400000001], [37.63248, 13.9660863], [37.6323965, 13.965326399999999], [37.63224259999999, 13.9645538], [37.631969700000006, 13.9638381], [37.631324299999996, 13.9628175], [37.6309316, 13.962261599999998], [37.6303657, 13.961449400000001], [37.6299417, 13.960616499999999], [37.629587699999995, 13.9598179], [37.62924619999999, 13.9589628], [37.6289574, 13.957967400000001], [37.6289316, 13.9578785], [37.62877460000001, 13.957324000000002], [37.6287022, 13.9565992], [37.628947499999995, 13.9550842], [37.62963659999999, 13.953839499999999], [37.6299706, 13.953556599999999], [37.63063640000001, 13.9531276], [37.631514, 13.9527246], [37.6324408, 13.952172700000002], [37.6335436, 13.951658], [37.634240999999996, 13.951505999999998], [37.6356207, 13.951407499999998], [37.63616030000001, 13.9515755], [37.6370955, 13.952105099999999], [37.63805409999999, 13.9526336], [37.638757000000005, 13.9529189], [37.6394139, 13.9531113], [37.639999100000004, 13.9533937], [37.640900699999996, 13.953785199999999], [37.64206130000001, 13.954213099999999], [37.642894999999996, 13.954396299999999], [37.6436223, 13.9546241], [37.6446096, 13.954808199999999], [37.646354699999996, 13.9546924], [37.6470153, 13.954642999999997], [37.648271799999996, 13.954095200000001], [37.65038899999999, 13.952672999999999], [37.651215, 13.951739700000001], [37.652163699999996, 13.950452299999998], [37.65248839999999, 13.949973799999999], [37.6534378, 13.948663799999997], [37.6552779, 13.945121299999998], [37.6556763, 13.9436082], [37.6559458, 13.942865], [37.6563795, 13.941340799999999], [37.6565016, 13.940192300000001], [37.656574899999995, 13.938319199999999], [37.656752399999995, 13.9374241], [37.656805299999995, 13.937130900000001], [37.6568289, 13.936999700000001], [37.656990199999996, 13.9364152], [37.6572467, 13.935774799999999], [37.6574672, 13.9351681], [37.657616499999996, 13.934606200000001], [37.65768980000001, 13.9335727], [37.657576299999995, 13.9315935], [37.657587299999996, 13.930788999999999], [37.6577598, 13.9294226], [37.6578665, 13.928527200000001], [37.6580346, 13.9274591], [37.658440999999996, 13.9253483], [37.65884479999999, 13.9234329], [37.659129199999995, 13.9224593], [37.659966, 13.9199728], [37.66003870000001, 13.9197569], [37.660381, 13.918876299999999], [37.6611701, 13.9171958], [37.661861300000005, 13.915778099999999], [37.66278539999999, 13.914559400000002], [37.66361119999999, 13.913627099999998], [37.664707899999996, 13.912708799999997], [37.6658504, 13.9118721], [37.6672973, 13.9111546], [37.669737, 13.91023], [37.67133630000001, 13.9095709], [37.67279250000001, 13.9090375], [37.674011, 13.908672399999999], [37.675325199999996, 13.9081948], [37.6765337, 13.907691699999999], [37.6775559, 13.907037299999999], [37.678295899999995, 13.906345299999998], [37.6790354, 13.905664499999997], [37.679816900000006, 13.904535399999999], [37.6801439, 13.903884], [37.68036459999999, 13.903254599999997], [37.68055150000001, 13.902521199999999], [37.681055, 13.901043599999998], [37.6812911, 13.9001499], [37.68183210000001, 13.8985234], [37.6825322, 13.897302300000003], [37.6831951, 13.896217599999998], [37.6841184, 13.895032699999998], [37.6852527, 13.8939428], [37.686644199999996, 13.892971699999999], [37.6877126, 13.892363799999998], [37.6919456, 13.890345799999999], [37.693365899999996, 13.889857300000001], [37.69542450000001, 13.8891813], [37.696655299999996, 13.8887596], [37.697802499999995, 13.8884278], [37.70115849999999, 13.8876298], [37.7030985, 13.887895499999999], [37.7053624, 13.888566299999999], [37.7073764, 13.889430100000002], [37.708369100000006, 13.8900523], [37.708952, 13.890484800000001], [37.709566699999996, 13.8911819], [37.7109112, 13.8927733], [37.7116949, 13.8940249], [37.712111799999995, 13.8946846], [37.7123176, 13.895010200000002], [37.713104099999995, 13.8960777], [37.7138256, 13.896707499999996], [37.7150969, 13.8976306], [37.7154703, 13.897889099999999], [37.717347600000004, 13.8984289], [37.71840590000001, 13.8985452], [37.7188984, 13.898711699999998], [37.71964989999999, 13.898882899999998], [37.7215797, 13.899020700000001], [37.7225837, 13.8988259], [37.7234258, 13.898547299999999], [37.7243588, 13.898238500000001], [37.7254475, 13.897871299999997], [37.7264997, 13.8975966], [37.727636200000006, 13.8971618], [37.7290102, 13.896615199999996], [37.72985289999999, 13.8961428], [37.731398, 13.895127], [37.7324945, 13.8941857], [37.733067, 13.8936746], [37.7345698, 13.892301499999999], [37.7346838, 13.8921168], [37.7349432, 13.891696600000001], [37.7352315, 13.890423399999998], [37.7353941, 13.889724800000002], [37.7356537, 13.887979099999999], [37.735508700000004, 13.886506], [37.735326, 13.885215700000002], [37.7353076, 13.884943799999997], [37.735228, 13.883765400000001], [37.7354182, 13.8819165], [37.7362223, 13.880811], [37.7368804, 13.880072], [37.7375482, 13.8794471], [37.7396403, 13.878057799999997], [37.74133399999999, 13.8773547], [37.742554, 13.876862599999999], [37.7437122, 13.876578100000001], [37.745197999999995, 13.8764468], [37.7461406, 13.8764121], [37.74705970000001, 13.8763885], [37.7480736, 13.876307800000001], [37.7491347, 13.876229599999998], [37.7512325, 13.8761782], [37.7519919, 13.875847600000002], [37.7523992, 13.8755559], [37.7533867, 13.874682900000002], [37.75399759999999, 13.8737673], [37.7547357, 13.872667000000002], [37.75563509999999, 13.8713359], [37.756290899999996, 13.870247599999997], [37.7569357, 13.8692181], [37.75776299999999, 13.8677487], [37.75837069999999, 13.8665698], [37.7589897, 13.8653796], [37.7597405, 13.864370899999997], [37.7607697, 13.8630947], [37.76209860000001, 13.8622867], [37.76383589999999, 13.8612784], [37.7646529, 13.860660699999997], [37.764764899999996, 13.860576], [37.765965, 13.8596687], [37.7664415, 13.859283500000002], [37.76688219999999, 13.8588303], [37.767476599999995, 13.858467200000002], [37.7679264, 13.8578299], [37.7679413, 13.8571406], [37.7678879, 13.8567743], [37.7678643, 13.856612499999997], [37.773952699999995, 13.858198], [37.77714939999999, 13.8588706], [37.7797587, 13.8595842], [37.78265419999999, 13.8617457], [37.7844088, 13.862892299999997], [37.7875903, 13.8640144], [37.79047430000001, 13.863952999999997], [37.7925421, 13.8658922], [37.7937866, 13.867638399999997], [37.793904, 13.867802999999999], [37.7953458, 13.8692882], [37.796502000000004, 13.8700064], [37.7998014, 13.8720561], [37.8021856, 13.872771799999997], [37.80406240000001, 13.871959499999999], [37.805805799999995, 13.870870700000001], [37.807724799999995, 13.8694359], [37.8098191, 13.868091199999999], [37.81202, 13.866802300000002], [37.813675599999996, 13.8654633], [37.8158311, 13.864244300000001], [37.817974799999995, 13.864189099999999], [37.8202561, 13.8649629], [37.8225413, 13.8652982], [37.824349399999996, 13.866743200000002], [37.825089399999996, 13.8687989], [37.8255654, 13.8707315], [37.8256272, 13.8709825], [37.82688230000001, 13.872848600000001], [37.8272567, 13.8732094], [37.829014699999995, 13.874904199999998], [37.8316204, 13.875831999999999], [37.833974, 13.8760512], [37.8365414, 13.8766578], [37.8394901, 13.8786291], [37.8415806, 13.8774581], [37.8447239, 13.8776922], [37.8469901, 13.8777492], [37.849748, 13.8761575], [37.8497683, 13.876126699999999], [37.8509763, 13.8742942], [37.851720199999995, 13.8722625], [37.8509496, 13.870384099999999], [37.851608899999995, 13.8684566], [37.851746999999996, 13.868053099999997], [37.8542075, 13.8658655], [37.85701890000001, 13.8649972], [37.8596359, 13.8647179], [37.86254639999999, 13.865287400000001], [37.864263199999996, 13.8666504], [37.86431519999999, 13.866953299999999], [37.8647401, 13.8694291], [37.865205399999994, 13.8726316], [37.8662393, 13.874692], [37.86773449999999, 13.8761963], [37.8677767, 13.8762148], [37.87027150000001, 13.877308699999997], [37.873017899999994, 13.8779474], [37.8755167, 13.8786121], [37.8775651, 13.879052100000003], [37.879899800000004, 13.879545300000002], [37.8826389, 13.880829199999999], [37.884355600000006, 13.881881199999999], [37.8868467, 13.8831436], [37.889223099999995, 13.884545500000003], [37.8912182, 13.885457500000001], [37.89330479999999, 13.8858613], [37.8959867, 13.8859266], [37.898141900000006, 13.885189899999999], [37.899076699999995, 13.884870399999999], [37.901316, 13.883065499999999], [37.902628199999995, 13.8813029], [37.9033721, 13.879305999999998], [37.903952, 13.8764596], [37.903658199999995, 13.873012699999997], [37.903780399999995, 13.870951999999999], [37.9042226, 13.867232600000001], [37.9052261, 13.865301299999995], [37.9063398, 13.862863100000002], [37.9067709, 13.8591674], [37.9072135, 13.856529499999999], [37.90809479999999, 13.8530008], [37.9091018, 13.8503575], [37.91060110000001, 13.8473514], [37.9124015, 13.845320700000002], [37.914324300000004, 13.843759499999999], [37.9160027, 13.842579299999999], [37.917742399999995, 13.841217299999999], [37.9177822, 13.8411865], [37.9202027, 13.839316], [37.9221291, 13.838134499999999], [37.92416610000001, 13.837423600000001], [37.92642850000001, 13.8366877], [37.928204099999995, 13.835625199999999], [37.9288545, 13.8352359], [37.930163799999995, 13.833970899999999], [37.93205510000001, 13.832143300000002], [37.934050299999996, 13.830822999999999], [37.9361294, 13.8294793], [37.9383076, 13.828720299999999], [37.940337099999994, 13.828503], [37.943640699999996, 13.828400900000002], [37.94627270000001, 13.8282461], [37.94950379999999, 13.828201199999999], [37.9530402, 13.8281067], [37.9564849, 13.8282084], [37.959902899999996, 13.8283223], [37.9608194, 13.8283198], [37.9627944, 13.8283142], [37.964358399999995, 13.827045], [37.9675249, 13.824147199999999], [37.9697067, 13.8228025], [37.9714694, 13.821759999999998], [37.97342619999999, 13.8199453], [37.9748415, 13.818272999999996], [37.975829399999995, 13.816158199999999], [37.9751123, 13.813934600000001], [37.974562999999996, 13.8107081], [37.975181, 13.8082064], [37.9770008, 13.805909699999999], [37.9789921, 13.804521900000001], [37.979158999999996, 13.804405599999999], [37.9793124, 13.8042987], [37.9817919, 13.803386799999998], [37.9842487, 13.802303], [37.986361900000006, 13.801095799999995], [37.9880559, 13.799847199999997], [37.989769800000005, 13.799337999999999], [37.990348399999995, 13.7991661], [37.9926181, 13.799269200000001], [37.99478119999999, 13.798153599999997], [37.9963988, 13.796709199999997], [37.9974858, 13.793984399999998], [37.9970243, 13.7915742], [37.9973866, 13.789200199999998], [37.997794999999996, 13.786493], [37.998225999999995, 13.7838548], [37.9991261, 13.781222999999999], [37.9998092, 13.778970099999999], [38.0001448, 13.7769339], [38.0002935, 13.774651599999999], [38.000178999999996, 13.7715286], [38.0003126, 13.769154799999997], [38.0010833, 13.7665395], [38.0022543, 13.7647371], [38.004462999999994, 13.762185200000001], [38.006248400000004, 13.759934500000002], [38.0089417, 13.757466899999999], [38.0115853, 13.7555179], [38.01305779999999, 13.753693], [38.0127145, 13.7507737], [38.011795000000006, 13.7482543], [38.011673, 13.745557400000001], [38.0120551, 13.7441553], [38.0124169, 13.742827700000001], [38.013946499999996, 13.7407137], [38.0162009, 13.7396536], [38.0188026, 13.739120400000001], [38.02163339999999, 13.7396368], [38.023655, 13.7407704], [38.0254937, 13.743082], [38.0269092, 13.7450653], [38.028282499999996, 13.747211199999997], [38.0300678, 13.749594900000002], [38.0337104, 13.7521475], [38.0372738, 13.753583099999998], [38.0394214, 13.7537113], [38.04229409999999, 13.7532139], [38.04486130000001, 13.7523491], [38.047184599999994, 13.7521954], [38.0504576, 13.7525674], [38.05268529999999, 13.7529693], [38.056423900000006, 13.7538425], [38.058521899999995, 13.754017800000002], [38.0606467, 13.753571599999999], [38.0628287, 13.7527549], [38.065659399999994, 13.7520638], [38.0684366, 13.7514437], [38.0698639, 13.7511658], [38.0707026, 13.751002500000002], [38.0732545, 13.750114700000001], [38.07519630000001, 13.748561299999999], [38.076135, 13.7479078], [38.078828, 13.7460332], [38.0810404, 13.7454696], [38.0838368, 13.7447104], [38.0863848, 13.7439717], [38.0906155, 13.743251599999999], [38.0938314, 13.742442899999999], [38.096306999999996, 13.741672200000002], [38.098573099999996, 13.7419212], [38.1009725, 13.743096300000001], [38.1034141, 13.743949399999998], [38.1053938, 13.7446121], [38.10834639999999, 13.745248899999998], [38.1116616, 13.7454597], [38.1153542, 13.745471899999998], [38.1182458, 13.745122799999999], [38.1222016, 13.7439401], [38.126104299999994, 13.7432555], [38.128850799999995, 13.7431183], [38.13112429999999, 13.7432755], [38.1339208, 13.743101099999999], [38.135950099999995, 13.743312800000002], [38.1389369, 13.7445133], [38.141050299999996, 13.7450552], [38.142589, 13.7479965], [38.142625900000006, 13.7480669], [38.142785800000006, 13.748032599999998], [38.1470576, 13.7471157], [38.1478178, 13.7469525], [38.1501944, 13.747002499999999], [38.153501899999995, 13.745775299999998], [38.1549743, 13.7442941], [38.1563454, 13.741789899999997], [38.156400999999995, 13.7416883], [38.158949199999995, 13.7400402], [38.16121999999999, 13.739768699999999], [38.1624511, 13.7396215], [38.1638176, 13.7392925], [38.1654457, 13.7389005], [38.167616300000006, 13.738072599999999], [38.1701548, 13.7372401], [38.1710649, 13.736941599999998], [38.1739716, 13.7372599], [38.17671070000001, 13.7365932], [38.177603500000004, 13.734777699999999], [38.1787594, 13.7321577], [38.179022499999995, 13.731561500000002], [38.1809717, 13.730212899999998], [38.1834895, 13.7296471], [38.1857859, 13.730354199999997], [38.1883306, 13.731064499999999], [38.190649799999996, 13.7317016], [38.193140899999996, 13.7328614], [38.1942593, 13.733356599999999], [38.195342000000004, 13.733836000000002], [38.197314399999996, 13.733118000000001], [38.1993741, 13.732225], [38.201281699999996, 13.731095400000001], [38.203055500000005, 13.730108800000002], [38.2035893, 13.729872], [38.20645450000001, 13.728600799999999], [38.208644099999994, 13.7282665], [38.2110702, 13.728392999999997], [38.2137788, 13.7287746], [38.216239099999996, 13.728797099999998], [38.2184405, 13.728288699999997], [38.221469400000004, 13.7274958], [38.2242502, 13.7273452], [38.22707319999999, 13.728883199999999], [38.2287669, 13.730372399999998], [38.23095670000001, 13.732877], [38.23241389999999, 13.7349271], [38.233790899999995, 13.7367838], [38.235438900000005, 13.738411800000002], [38.2381399, 13.7394724], [38.24029900000001, 13.7396203], [38.242954, 13.740473900000001], [38.2448424, 13.7415884], [38.24641789999999, 13.7430466], [38.24800090000001, 13.744503700000003], [38.2500725, 13.746312699999999], [38.252681300000006, 13.7484216], [38.25473769999999, 13.750746999999999], [38.255939500000004, 13.7526911], [38.257163999999996, 13.754507700000001], [38.259327000000006, 13.75512], [38.2612533, 13.7560299], [38.2631569, 13.756984899999999], [38.26495759999999, 13.7593332], [38.2663881, 13.7609152], [38.2682763, 13.762480499999999], [38.2699205, 13.7636811], [38.272026200000006, 13.764840099999999], [38.2746049, 13.7662706], [38.2771648, 13.767034299999999], [38.2796139, 13.767489], [38.2822575, 13.7683884], [38.284698899999995, 13.769291800000001], [38.287247199999996, 13.7690539], [38.2903562, 13.7696043], [38.29322479999999, 13.7725499], [38.295490699999995, 13.7746043], [38.2975545, 13.7762365], [38.2993398, 13.7781019], [38.3007741, 13.779879300000001], [38.302239, 13.7816104], [38.3037651, 13.7833631], [38.30576010000001, 13.7852268], [38.3072173, 13.7870256], [38.308354300000005, 13.788703799999997], [38.309803699999996, 13.790708299999999], [38.312836399999995, 13.7942396], [38.3140877, 13.796513700000002], [38.3148546, 13.7987016], [38.3148927, 13.8009101], [38.315983599999996, 13.803645999999999], [38.3154075, 13.8057929], [38.3199879, 13.805351299999998], [38.320935299999995, 13.8052601], [38.32297620000001, 13.804852099999996], [38.325169700000004, 13.8043292], [38.3284314, 13.803487100000002], [38.3311244, 13.8035227], [38.333104299999995, 13.8039903], [38.335046, 13.804526800000001], [38.3377851, 13.8046212], [38.338967499999995, 13.8066011], [38.34227500000001, 13.8055623], [38.3442778, 13.806145100000002], [38.346356799999995, 13.805967599999999], [38.3488058, 13.8049807], [38.3514954, 13.804903], [38.3545699, 13.805625399999998], [38.3583122, 13.805964099999999], [38.361547099999996, 13.8063986], [38.36415639999999, 13.806192899999997], [38.3670288, 13.805329999999998], [38.36855859999999, 13.803914399999998], [38.370275299999996, 13.801254899999998], [38.370736799999996, 13.799088399999999], [38.3714807, 13.796481799999999], [38.3719882, 13.794256599999999], [38.3730373, 13.7917061], [38.3758067, 13.788417500000001], [38.3788738, 13.786850800000002], [38.38091079999999, 13.786086300000001], [38.3838863, 13.7861424], [38.3863393, 13.785789099999999], [38.39083309999999, 13.784647399999999], [38.3931906, 13.784007900000002], [38.39477749999999, 13.7824996], [38.3962079, 13.7809344], [38.397646300000005, 13.778633399999999], [38.3983442, 13.776579199999997], [38.39938559999999, 13.773360699999998], [38.401186300000006, 13.770632199999996], [38.40251, 13.768802200000001], [38.403952000000004, 13.7658118], [38.4048295, 13.763687899999999], [38.40593940000001, 13.7616879], [38.4073165, 13.7592499], [38.409056099999994, 13.757773499999999], [38.4108148, 13.756136600000001], [38.4125389, 13.7541098], [38.4148317, 13.7517666], [38.417505899999995, 13.7498572], [38.421034299999995, 13.748688999999999], [38.423483399999995, 13.747876399999997], [38.425459599999996, 13.746731599999999], [38.4273897, 13.745611499999999], [38.4292819, 13.744272099999998], [38.4322154, 13.7424886], [38.4322546, 13.742468100000002], [38.434965899999995, 13.7410504], [38.437068, 13.739524899999997], [38.43959340000001, 13.739389399999999], [38.441328899999995, 13.7378562], [38.443812400000006, 13.737847100000002], [38.44600189999999, 13.736977300000001], [38.447997199999996, 13.735349699999997], [38.449461899999996, 13.7339108], [38.4512243, 13.7322273], [38.4532385, 13.7300018], [38.4570418, 13.7258747], [38.4595176, 13.723977999999999], [38.4603215, 13.723139999999997], [38.4617875, 13.721611699999997], [38.4639887, 13.7207191], [38.4664988, 13.7202261], [38.46968009999999, 13.7195661], [38.4723124, 13.719463200000002], [38.4743648, 13.7193195], [38.47621109999999, 13.7179581], [38.478209899999996, 13.715363899999998], [38.47910650000001, 13.713112200000001], [38.4796368, 13.710899099999999], [38.47989990000001, 13.708883400000003], [38.480956600000006, 13.704894699999997], [38.4828068, 13.702772600000001], [38.4845883, 13.7009747], [38.48471669999999, 13.700900599999999], [38.4871975, 13.699467900000002], [38.489734299999995, 13.698272800000002], [38.4917714, 13.697460999999997], [38.493560599999995, 13.696353599999997], [38.495986800000004, 13.6959065], [38.498740999999995, 13.696124599999997], [38.5007629, 13.696451900000001], [38.50314339999999, 13.6971224], [38.5051766, 13.696886900000003], [38.5066528, 13.695228399999998], [38.50803, 13.6932023], [38.509517699999996, 13.6911302], [38.5107843, 13.689577499999999], [38.5128252, 13.6879957], [38.51466, 13.6866917], [38.516495, 13.685582], [38.519867, 13.6843215], [38.52237710000001, 13.6840359], [38.5246471, 13.684417799999999], [38.5271341, 13.684960499999999], [38.52913329999999, 13.6854029], [38.52992270000001, 13.686527499999999], [38.52999419999999, 13.686629499999999], [38.5304456, 13.687272499999999], [38.5326031, 13.685609000000001], [38.5339053, 13.6846049], [38.536136899999995, 13.683798699999999], [38.538284700000006, 13.682868000000001], [38.540444, 13.6816265], [38.54215670000001, 13.679706], [38.54444549999999, 13.6776938], [38.5459905, 13.6762692], [38.548104099999996, 13.6747167], [38.5498892, 13.673680099999999], [38.5520218, 13.672473499999999], [38.5527936, 13.672079100000001], [38.5538909, 13.6715184], [38.5558364, 13.670298899999999], [38.5574577, 13.669103800000002], [38.5592964, 13.6675394], [38.5617265, 13.665689], [38.5643777, 13.664239000000002], [38.5662088, 13.662824899999997], [38.56782630000001, 13.6607899], [38.56959630000001, 13.659123600000001], [38.570381399999995, 13.6583429], [38.571366399999995, 13.6573634], [38.5717048, 13.656338199999999], [38.57204529999999, 13.655306399999999], [38.573006299999996, 13.6532281], [38.5730066, 13.6532287], [38.57304979999999, 13.653201399999999], [38.573065299999996, 13.653228799999999], [38.5750683, 13.651962999999999], [38.5771474, 13.651226199999998], [38.5780373, 13.651075100000002], [38.57951999999999, 13.650822199999999], [38.581995899999995, 13.650659199999998], [38.5847769, 13.650392600000002], [38.58731160000001, 13.650256299999999], [38.5873321, 13.6502552], [38.589355999999995, 13.650318900000002], [38.59026359999999, 13.6503774], [38.593705899999996, 13.6505993], [38.59373499999999, 13.650595099999999], [38.593775900000004, 13.650597699999997], [38.5937937, 13.650595199999998], [38.593853200000005, 13.650599000000001], [38.5938609, 13.6505995], [38.593871, 13.6506002], [38.5939019, 13.650602199999998], [38.5962544, 13.6502647], [38.59667460000001, 13.650204299999999], [38.598886900000004, 13.649251699999999], [38.600434899999996, 13.6478222], [38.601305399999994, 13.645798099999999], [38.6023442, 13.644193699999999], [38.6037009, 13.6423796], [38.604037999999996, 13.641757299999998], [38.6044061, 13.6410775], [38.6047602, 13.640423600000002], [38.6064116, 13.638785100000002], [38.608348500000005, 13.637431899999997], [38.608949599999995, 13.636994300000001], [38.610144899999995, 13.6361259], [38.610512799999995, 13.635864199999999], [38.6118483, 13.6349135], [38.61355950000001, 13.633366599999999], [38.6149038, 13.631649500000002], [38.6151179, 13.6313017], [38.6153592, 13.6309088], [38.616185400000006, 13.629565099999999], [38.6162083, 13.629530799999998], [38.6169262, 13.628458499999999], [38.6171327, 13.6281503], [38.6173644, 13.627803699999998], [38.61823549999999, 13.6263277], [38.618437199999995, 13.625986699999999], [38.619357300000004, 13.624204599999999], [38.619496999999996, 13.623734599999999], [38.6199685, 13.622148399999999], [38.620416, 13.620186899999998], [38.620671699999995, 13.6196086], [38.6213212, 13.618140300000002], [38.621257799999995, 13.6176847], [38.6211801, 13.6171285], [38.6209973, 13.615818199999998], [38.621916899999995, 13.613791899999999], [38.6236204, 13.612602099999998], [38.625336999999995, 13.611538799999998], [38.626062999999995, 13.6109669], [38.626614599999996, 13.6105325], [38.6273765, 13.6099313], [38.6293131, 13.608577799999999], [38.6307541, 13.607079], [38.630889700000004, 13.606872399999999], [38.6314913, 13.6059555], [38.631909500000006, 13.605318599999997], [38.633374100000005, 13.603831099999999], [38.633872600000004, 13.6035645], [38.633874999999996, 13.603563299999998], [38.633918, 13.603540299999999], [38.6351673, 13.602870699999999], [38.6358862, 13.601191199999999], [38.6360811, 13.600735900000002], [38.636435500000005, 13.599788799999999], [38.6367379, 13.598980999999998], [38.636901699999996, 13.598543199999998], [38.637022, 13.597103], [38.6370747, 13.596471699999999], [38.6371765, 13.595381999999999], [38.6373112, 13.593940199999999], [38.63731999999999, 13.593703099999999], [38.6373907, 13.5917984], [38.6373756, 13.589759400000002], [38.6374189, 13.587743099999999], [38.6378291, 13.585443500000002], [38.63811369999999, 13.5842493], [38.6382972, 13.583478800000002], [38.6383192, 13.583385999999999], [38.6385183, 13.5826324], [38.638582199999995, 13.5823903], [38.6387053, 13.5819242], [38.638869, 13.581304399999999], [38.63890269999999, 13.5811765], [38.6389093, 13.581151499999999], [38.6389089, 13.5811514], [38.6389085, 13.5811513], [38.6389029, 13.5811502], [38.638905199999996, 13.5811417], [38.6389056, 13.5811404], [38.638935499999995, 13.5810286], [38.63894069999999, 13.5810294], [38.6389417, 13.581029599999999], [38.63894529999999, 13.581015999999998], [38.6389457, 13.581016000000002], [38.6391567, 13.580224300000001], [38.639718699999996, 13.578115299999999], [38.6397633, 13.5779483], [38.640987599999995, 13.576184799999998], [38.640989499999996, 13.576183499999999], [38.6410115, 13.576168000000001], [38.6410394, 13.5761484], [38.6419661, 13.5754973], [38.64228609999999, 13.5752724], [38.642332599999996, 13.575239799999999], [38.6423367, 13.5752369], [38.6424112, 13.5751887], [38.642750199999995, 13.574969499999998], [38.6427651, 13.574959199999999], [38.6427793, 13.574950699999999], [38.642900299999994, 13.574872399999999], [38.642910799999996, 13.574867], [38.643077500000004, 13.574771100000001], [38.643176499999996, 13.5747115], [38.6435335, 13.5744966], [38.6448129, 13.5737264], [38.644832400000006, 13.5736981], [38.645306999999995, 13.573312], [38.64534, 13.573256], [38.64636479999999, 13.5715177], [38.6465499, 13.5712037], [38.64660389999999, 13.5711254], [38.6466067, 13.5711223], [38.64719759999999, 13.570126799999997], [38.6473418, 13.569886999999998], [38.647431499999996, 13.569813300000002], [38.6474477, 13.5698], [38.6488979, 13.5686088], [38.6489018, 13.5686056], [38.64892089999999, 13.568589899999997], [38.6492325, 13.568333999999998], [38.651422499999995, 13.566622999999998], [38.6516458, 13.566448500000002], [38.651658700000006, 13.5664385], [38.652303700000004, 13.565957200000001], [38.6554384, 13.563618199999997], [38.6557625, 13.563376300000002], [38.65589009999999, 13.5632687], [38.658014099999995, 13.5614771], [38.6583052, 13.561132299999999], [38.6587274, 13.560632199999999], [38.66044859999999, 13.558593499999997], [38.6604521, 13.558589000000001], [38.6607653, 13.558190199999999], [38.66078129999999, 13.558143299999996], [38.660869500000004, 13.557884999999999], [38.661345, 13.556492700000002], [38.6623698, 13.553491999999999], [38.6623802, 13.553464499999999], [38.662489199999996, 13.5531145], [38.66253849999999, 13.5529547], [38.663314799999995, 13.550461700000001], [38.6633166, 13.550457199999999], [38.663322099999995, 13.550442499999999], [38.6633658, 13.550327], [38.6633852, 13.550275500000001], [38.6634357, 13.550102599999999], [38.6635496, 13.5497118], [38.6635709, 13.549638799999999], [38.66357419999999, 13.549627599999997], [38.6635759, 13.5496218], [38.6637511, 13.549047600000002], [38.6637529, 13.5490421], [38.664447599999995, 13.546767699999998], [38.6644486, 13.546764299999998], [38.664905899999994, 13.546228499999998], [38.6650467, 13.5461069], [38.6650553, 13.5460842], [38.66507609999999, 13.546028999999999], [38.665129199999996, 13.545888699999999], [38.665143, 13.545868099999998], [38.66522769999999, 13.5457611], [38.6652279, 13.545759199999999], [38.665357500000006, 13.544345499999997], [38.665842, 13.543738200000002], [38.66584280000001, 13.543735999999999], [38.6660514, 13.5434746], [38.6661352, 13.543369599999998], [38.6664521, 13.542972299999999], [38.6673426, 13.5418564], [38.6673529, 13.541831199999999], [38.6675922, 13.5414456], [38.66822379999999, 13.540428], [38.6682292, 13.540362199999999], [38.6682982, 13.5395252], [38.6683039, 13.539487600000001], [38.6683053, 13.539452599999999], [38.6684108, 13.5387322], [38.6685622, 13.5376993], [38.6687085, 13.536656800000001], [38.668709799999995, 13.5366474], [38.6687115, 13.5366357], [38.6687404, 13.5365934], [38.6687407, 13.536591600000001], [38.6690691, 13.536120599999999], [38.6690695, 13.536119999999997], [38.669084399999996, 13.536098599999997], [38.6621503, 13.531181400000001], [38.6585398, 13.5278719], [38.6528758, 13.5226799], [38.645283, 13.5157673], [38.63946469999999, 13.510711299999999], [38.635985999999995, 13.5062648], [38.63064329999999, 13.5018155], [38.6225561, 13.4954492], [38.62246699999999, 13.4953791], [38.6140452, 13.4906869], [38.6053891, 13.4906913], [38.590112399999995, 13.506124], [38.579566199999995, 13.503465], [38.5786564, 13.5026695], [38.5729816, 13.497707199999999], [38.5720433, 13.495329600000002], [38.57058200000001, 13.4916272], [38.5674723, 13.486452499999999], [38.562075500000006, 13.483329699999999], [38.5518019, 13.482850200000001], [38.549773099999996, 13.483013999999997], [38.5451109, 13.483390300000002], [38.534243499999995, 13.4818106], [38.5227654, 13.4765123], [38.521945699999996, 13.476133899999999], [38.5117426, 13.472911399999996], [38.50431, 13.471734399999999], [38.484156399999996, 13.469736999999999], [38.4756424, 13.466780499999997], [38.470273299999995, 13.463252299999999], [38.460991199999995, 13.459561599999999], [38.4632855, 13.4646826], [38.466812499999996, 13.469034299999999], [38.4690203, 13.4754292], [38.465485799999996, 13.479719000000001], [38.467402799999995, 13.484901999999998], [38.4766173, 13.484965700000002], [38.4820389, 13.484837900000002], [38.4982567, 13.484455400000002], [38.49065849999999, 13.4957779], [38.4936742, 13.501222699999998], [38.4968046, 13.5067894], [38.5029253, 13.511546], [38.50862, 13.5111983], [38.5173221, 13.515856999999997], [38.52217230000001, 13.5174318], [38.5326184, 13.5186856], [38.542459, 13.5258022], [38.545595399999996, 13.5302985], [38.5462302, 13.531208500000002], [38.547365500000005, 13.532836200000002], [38.5496524, 13.536316599999997], [38.550690599999996, 13.537896599999998], [38.553946100000005, 13.550308099999997], [38.5492511, 13.5525696], [38.53912309999999, 13.553844199999999], [38.5324145, 13.553293700000001], [38.524412, 13.5545672], [38.5154729, 13.555436], [38.506828899999995, 13.5564053], [38.501449799999996, 13.557859299999999], [38.4898528, 13.5580123], [38.47761990000001, 13.5523449], [38.4734743, 13.557253699999999], [38.472850699999995, 13.564112399999999], [38.465214599999996, 13.5676449], [38.458517900000004, 13.5598198], [38.4536225, 13.5569461], [38.4427938, 13.5605402], [38.4432715, 13.568940499999998], [38.4455495, 13.574442500000002], [38.447709599999996, 13.579601400000001], [38.4508037, 13.584246799999997], [38.45103859999999, 13.5845994], [38.4509312, 13.584597399999998], [38.440805700000006, 13.584405300000002], [38.4327028, 13.5796945], [38.4291037, 13.5748953], [38.4264346, 13.571336100000002], [38.424597899999995, 13.564332400000001], [38.42380299999999, 13.561301499999999], [38.4211831, 13.5581696], [38.4191316, 13.555717199999998], [38.41453619999999, 13.5489371], [38.413644999999995, 13.547879499999999], [38.4065082, 13.539411099999999], [38.3993841, 13.539678700000001], [38.3992949, 13.545485699999999], [38.391234100000005, 13.5533557], [38.385572100000005, 13.551585200000002], [38.379839499999996, 13.5444771], [38.370536, 13.549879699999998], [38.3654964, 13.552163799999997], [38.35995090000001, 13.5530043], [38.34943680000001, 13.5424115], [38.3411967, 13.537642900000002], [38.3355606, 13.543722700000002], [38.330196099999995, 13.5483361], [38.3278831, 13.550325200000001], [38.3250554, 13.543310199999999], [38.3257829, 13.536667200000002], [38.3260309, 13.534402499999999], [38.3200414, 13.52385], [38.323038499999996, 13.5095656], [38.31985649999999, 13.502151999999999], [38.31924469999999, 13.501901599999998], [38.31456420000001, 13.4999858], [38.3097681, 13.497890100000001], [38.2977178, 13.492624599999997], [38.292158, 13.490791300000001], [38.278917199999995, 13.4855191], [38.2676741, 13.487801200000002], [38.259142, 13.486203199999997], [38.2535125, 13.491168199999999], [38.24978399999999, 13.496166199999998], [38.247958, 13.5016626], [38.243128, 13.4967342], [38.23555789999999, 13.493836199999997], [38.234594400000006, 13.493295300000002], [38.2295241, 13.490448700000002], [38.2273269, 13.489215099999997], [38.220184800000006, 13.489254299999997], [38.2141331, 13.48761], [38.213768699999996, 13.487511000000001], [38.21131909999999, 13.486845500000001], [38.2008976, 13.4801384], [38.1884516, 13.484361900000001], [38.1826195, 13.4880547], [38.175766100000004, 13.492205], [38.17372019999999, 13.493443899999999], [38.1648794, 13.488046500000001], [38.1642437, 13.487527400000001], [38.15851440000001, 13.482848800000001], [38.1580684, 13.4819998], [38.15519829999999, 13.476535799999997], [38.1496783, 13.4747455], [38.145192699999996, 13.471678599999999], [38.139376899999995, 13.475620299999997], [38.1352887, 13.478687599999997], [38.129906999999996, 13.484739099999997], [38.1283527, 13.492307600000002], [38.1243142, 13.497967099999999], [38.1209908, 13.5063044], [38.119849599999995, 13.5044781], [38.118234799999996, 13.501894], [38.1153218, 13.494262599999997], [38.1100801, 13.4916067], [38.1033665, 13.490117699999999], [38.0948595, 13.488268], [38.0878594, 13.4859797], [38.0828864, 13.483674299999997], [38.076871100000005, 13.479941], [38.070692099999995, 13.476392100000002], [38.0659137, 13.471202799999997], [38.059441, 13.4671919], [38.0519961, 13.467933100000002], [38.048058999999995, 13.4748129], [38.04560339999999, 13.480111400000002], [38.0369252, 13.4828057], [38.02984849999999, 13.4827569], [38.0244202, 13.485650299999998], [38.0207295, 13.481257000000003], [38.0149187, 13.486515500000001], [38.0102902, 13.495831200000001], [38.008103999999996, 13.500829000000001], [38.001179400000005, 13.501097500000002], [37.9945964, 13.499733400000002], [37.9864473, 13.498306099999999], [37.9781585, 13.496301599999999], [37.977436999999995, 13.4961271], [37.9683889, 13.493693800000003], [37.9625054, 13.489611499999999], [37.961651599999996, 13.488375099999999], [37.946487399999995, 13.466415099999999], [37.9307556, 13.459228399999999], [37.9234035, 13.4558693], [37.917400199999996, 13.4531262], [37.9101059, 13.4497929], [37.9041015, 13.447049], [37.8871933, 13.453370099999999], [37.8751475, 13.467705599999997], [37.8664002, 13.4751272], [37.8615649, 13.47396], [37.8540307, 13.472141299999999], [37.848747, 13.470865700000001], [37.8429874, 13.469475000000001], [37.837814800000004, 13.468225900000002], [37.8325338, 13.4669505], [37.8169055, 13.463175499999998], [37.8119237, 13.479672299999999], [37.8110965, 13.490850799999999], [37.8107646, 13.495335099999998], [37.8102392, 13.502433799999999], [37.80900599999999, 13.5190939], [37.7926593, 13.520614499999999], [37.7849402, 13.5392289], [37.77715839999999, 13.5506563], [37.769024699999996, 13.5625989], [37.7738671, 13.574346499999999], [37.784149500000005, 13.5877193], [37.78464539999999, 13.5973139], [37.774765300000006, 13.611653899999999], [37.7759888, 13.632191599999999], [37.776037099999996, 13.633001600000002], [37.7760612, 13.6334061], [37.77606699999999, 13.6335029], [37.7758604, 13.6333306], [37.76939850000001, 13.627938599999998], [37.7643688, 13.618372299999999], [37.7639694, 13.610062], [37.7648218, 13.604058100000001], [37.7650459, 13.60248], [37.7650886, 13.602179099999997], [37.7610247, 13.596908299999999], [37.76074390000001, 13.596544199999999], [37.760691900000005, 13.5961915], [37.7602812, 13.593406599999998], [37.7600543, 13.5918677], [37.75992600000001, 13.590997999999999], [37.757780499999996, 13.591057099999999], [37.754471, 13.5911484], [37.753918399999996, 13.5911636], [37.75309240000001, 13.589725699999999], [37.7503898, 13.585021099999999], [37.7498249, 13.5841656], [37.7491364, 13.583122999999999], [37.746628, 13.5793245], [37.745817800000005, 13.5780975], [37.7459214, 13.575786700000002], [37.7461384, 13.570948900000001], [37.7411379, 13.571480199999998], [37.7357418, 13.572053600000002], [37.727027, 13.563421899999998], [37.7249033, 13.556003800000001], [37.7244794, 13.554523299999998], [37.7201428, 13.5462287], [37.7144255, 13.5420127], [37.714445000000005, 13.5418755], [37.715488799999996, 13.5345268], [37.70961750000001, 13.530195799999998], [37.7078752, 13.521216299999997], [37.7037903, 13.5118076], [37.7005443, 13.503360299999999], [37.6987393, 13.4954102], [37.6948911, 13.488340400000002], [37.690896699999996, 13.484688600000002], [37.691214900000006, 13.4818954], [37.6915894, 13.478607199999999], [37.694142400000004, 13.4724268], [37.689312799999996, 13.469349], [37.68538269999999, 13.465250999999997], [37.683332199999995, 13.459748499999998], [37.678981199999996, 13.456466599999999], [37.6767943, 13.4506876], [37.6723141, 13.448518], [37.671782, 13.448260300000001], [37.670985099999996, 13.4478744], [37.6657235, 13.446416599999997], [37.664291899999995, 13.444667599999997], [37.6627278, 13.442756900000001], [37.6622115, 13.442126099999998], [37.656564, 13.4413735], [37.6556997, 13.4347602], [37.651672399999995, 13.429653700000001], [37.6483679, 13.425355699999999], [37.643249100000006, 13.420240699999997], [37.6370973, 13.413895499999999], [37.6316717, 13.4108799], [37.6286297, 13.4095717], [37.625370000000004, 13.408169899999997], [37.6175658, 13.407911499999997], [37.612740699999996, 13.410242499999999], [37.61100630000001, 13.411080499999999], [37.604501, 13.4089373], [37.599042999999995, 13.4056216], [37.595130399999995, 13.402024200000001], [37.5906267, 13.398006699999998], [37.590167799999996, 13.3975974], [37.5867515, 13.3973435], [37.582286499999995, 13.397011800000001], [37.5767075, 13.394501000000002], [37.57192049999999, 13.391338200000002], [37.567813300000005, 13.388583999999998], [37.567172299999996, 13.388154199999997], [37.5615148, 13.387123700000002], [37.5576007, 13.389989099999998], [37.5571852, 13.3902933], [37.552001100000005, 13.388603899999998], [37.5456105, 13.3846706], [37.537451499999996, 13.380749899999998], [37.53182569999999, 13.377618199999997], [37.5259316, 13.371253399999997], [37.5240843, 13.3701704], [37.5236774, 13.3699319], [37.5177805, 13.366475], [37.510642499999996, 13.365945700000001], [37.5027707, 13.367851], [37.4967013, 13.3678006], [37.4948844, 13.367785500000002]]], [[[39.57613189999999, 12.5606394], [39.5779074, 12.559531], [39.5787905, 12.559391999999999], [39.5823913, 12.5588251], [39.5857441, 12.558394800000002], [39.5889901, 12.5573976], [39.5911347, 12.558403600000002], [39.5932777, 12.559900099999998], [39.5948281, 12.5587762], [39.599795400000005, 12.556112799999998], [39.6042814, 12.5559352], [39.609603799999995, 12.5580225], [39.6132214, 12.554613900000001], [39.6158377, 12.549994900000002], [39.6219128, 12.5517006], [39.625807099999996, 12.552272], [39.6296858, 12.5538852], [39.632990299999996, 12.555693600000001], [39.637836300000004, 12.556462300000002], [39.6386311, 12.5565883], [39.6388284, 12.5564764], [39.64253109999999, 12.554377100000002], [39.6491153, 12.5523754], [39.649600199999995, 12.5534618], [39.6500269, 12.5544178], [39.652491399999995, 12.5539428], [39.6546354, 12.554105999999997], [39.6568516, 12.5534766], [39.65884659999999, 12.552965299999999], [39.66134949999999, 12.5537753], [39.661601399999995, 12.553843599999999], [39.662669599999994, 12.5541333], [39.6634434, 12.5543432], [39.6652974, 12.554584], [39.665658900000004, 12.554630999999997], [39.6657594, 12.5551082], [39.667151, 12.561713199999998], [39.6668557, 12.5639299], [39.666260199999996, 12.566463899999999], [39.6659657, 12.5689972], [39.66537749999999, 12.5743803], [39.6641839, 12.5784987], [39.6632994, 12.585782000000002], [39.663306799999994, 12.588631099999999], [39.66241659999999, 12.593698400000001], [39.660925899999995, 12.5994003], [39.660038099999994, 12.6054173], [39.660041299999996, 12.6066835], [39.6594505, 12.611116999999998], [39.659461, 12.615232299999999], [39.658865299999995, 12.617766300000001], [39.657975799999996, 12.623150199999998], [39.657381699999995, 12.6263173], [39.656183, 12.6285363], [39.655286100000005, 12.631071], [39.65506239999999, 12.6321426], [39.6550612, 12.632211699999997], [39.655126599999996, 12.632355199999997], [39.655136299999995, 12.6323764], [39.6551465, 12.6324211], [39.655211699999995, 12.632705999999999], [39.65531489999999, 12.6329788], [39.655343200000004, 12.633053700000001], [39.655343599999995, 12.633211699999999], [39.6553444, 12.633511699999998], [39.6553398, 12.633557999999999], [39.655308, 12.6338782], [39.6551596, 12.63419], [39.65515059999999, 12.634204299999999], [39.6550132, 12.634424899999997], [39.65501089999999, 12.6344286], [39.654787899999995, 12.634740599999999], [39.6546206, 12.634979099999999], [39.65436019999999, 12.6353095], [39.654454300000005, 12.635620699999999], [39.6546796, 12.636188100000002], [39.6549227, 12.636425700000002], [39.6554031, 12.636772599999999], [39.6561314, 12.637082200000002], [39.6584089, 12.637699500000002], [39.6607984, 12.638334799999997], [39.6611159, 12.638462299999999], [39.6614571, 12.638708600000001], [39.6615458, 12.6387726], [39.66157630000001, 12.638809799999999], [39.66165079999999, 12.6389005], [39.6635458, 12.641207499999998], [39.6637353, 12.6414383], [39.6658483, 12.643623799999999], [39.6662232, 12.6440115], [39.666739299999996, 12.644475599999998], [39.667038999999995, 12.6449512], [39.667094299999995, 12.6451776], [39.667208699999996, 12.6456469], [39.6673715, 12.6459789], [39.6674151, 12.6460677], [39.6679745, 12.647229699999999], [39.66799650000001, 12.647275400000002], [39.6680238, 12.6473166], [39.6685033, 12.648039200000003], [39.6688581, 12.648574], [39.66905599999999, 12.6487673], [39.6691947, 12.6489029], [39.6697932, 12.649458300000001], [39.670186199999996, 12.6499337], [39.6704638, 12.6503854], [39.6704649, 12.6503915], [39.670468, 12.6503962], [39.670529599999995, 12.650489600000002], [39.67104569999999, 12.6509392], [39.6718268, 12.6513068], [39.67207750000001, 12.652194099999999], [39.6728977, 12.652075799999999], [39.6733135, 12.6521829], [39.673943900000005, 12.6523846], [39.674536599999996, 12.652467999999997], [39.6753055, 12.652681], [39.676175199999996, 12.6529659], [39.67695709999999, 12.6531789], [39.677549500000005, 12.6533447], [39.67823009999999, 12.653546400000002], [39.6786211, 12.653653499999997], [39.6792767, 12.6537843], [39.6798947, 12.653783899999999], [39.680348800000004, 12.6537967], [39.681156, 12.653938700000001], [39.6820885, 12.654246599999997], [39.682479099999995, 12.6544246], [39.682983, 12.6547208], [39.6838274, 12.655076599999997], [39.684672299999995, 12.655159300000001], [39.685454199999995, 12.655360599999998], [39.68600889999999, 12.655597500000002], [39.6865376, 12.6558587], [39.6871431, 12.656072199999999], [39.6881768, 12.656368199999998], [39.6890213, 12.656498499999998], [39.689563099999994, 12.6567946], [39.690143299999995, 12.656830299999998], [39.6912653, 12.6571621], [39.69195870000001, 12.657482199999999], [39.6931186, 12.6577906], [39.693912999999995, 12.6577909], [39.694518599999995, 12.6577916], [39.6951992, 12.6579572], [39.695918000000006, 12.658028600000002], [39.696706, 12.658117500000001], [39.696763, 12.658123999999997], [39.697292999999995, 12.6581946], [39.6974683, 12.658205599999999], [39.6980729, 12.6590009], [39.6983786, 12.6594174], [39.6987194, 12.6597408], [39.69906, 12.660225299999999], [39.699271499999995, 12.660560299999998], [39.6997879, 12.6616691], [39.6999403, 12.662015700000001], [39.7002107, 12.6622576], [39.7006109, 12.662466400000001], [39.7010703, 12.6626625], [39.7017759, 12.663366999999997], [39.70209270000001, 12.663806199999998], [39.702574899999995, 12.6642914], [39.703034, 12.664603099999999], [39.7034106, 12.6648572], [39.70379899999999, 12.664973000000002], [39.7042698, 12.665077199999999], [39.704799699999995, 12.665205099999998], [39.7051765, 12.6653209], [39.7055651, 12.665481999999999], [39.7067894, 12.666014], [39.7073544, 12.6662222], [39.7077899, 12.6663844], [39.708202199999995, 12.6665352], [39.708814499999995, 12.666661699999997], [39.7095568, 12.666754999999998], [39.709969199999996, 12.666766399999998], [39.710392899999995, 12.666824199999997], [39.710910999999996, 12.6668591], [39.71137100000001, 12.6668601], [39.712160100000006, 12.6669295], [39.712796100000006, 12.666976499999997], [39.7135028, 12.6670461], [39.71425649999999, 12.6670803], [39.714798599999995, 12.667000599999998], [39.715435299999996, 12.6668855], [39.716083399999995, 12.6667466], [39.7168259, 12.666528], [39.7174392, 12.666355099999999], [39.7178634, 12.666194100000002], [39.71883, 12.665836599999995], [39.71934909999999, 12.6655948], [39.7199382, 12.6653063], [39.720410199999996, 12.6650295], [39.7215429, 12.6641181], [39.72199109999999, 12.6638414], [39.722616099999996, 12.6635063], [39.7232171, 12.663322100000002], [39.72421899999999, 12.663149299999999], [39.7246075, 12.663092700000002], [39.72608069999999, 12.662804], [39.726917799999995, 12.662620299999999], [39.7277662, 12.662517099999997], [39.728438, 12.662344], [39.7289209, 12.662205499999999], [39.7306065, 12.661767699999999], [39.7312309, 12.661629899999998], [39.731620400000004, 12.661514299999999], [39.732799, 12.6610757], [39.73322299999999, 12.661064299999998], [39.7337533, 12.661100300000001], [39.7345426, 12.661216], [39.73498970000001, 12.6613894], [39.7359436, 12.6616555], [39.7370501, 12.6621525], [39.7377213, 12.6623718], [39.73865130000001, 12.662614099999999], [39.7390398, 12.662765], [39.739546399999995, 12.662833899999997], [39.740323499999995, 12.6629496], [39.7406888, 12.663123299999999], [39.740834299999996, 12.6632239], [39.7414415, 12.663643900000002], [39.74190060000001, 12.6638977], [39.7420878, 12.6639456], [39.7427603, 12.6641176], [39.7428702, 12.6642799], [39.7434371, 12.664422900000002], [39.7438232, 12.664985399999999], [39.744826599999996, 12.666074000000002], [39.7449584, 12.6667189], [39.7448847, 12.667420600000002], [39.7444598, 12.6678773], [39.744083499999995, 12.668415399999999], [39.7435378, 12.669130000000001], [39.7430873, 12.670418199999999], [39.74274729999999, 12.671155199999998], [39.7422252, 12.672021599999999], [39.741861, 12.672629799999998], [39.7412056, 12.6735437], [39.7407568, 12.674186700000002], [39.74041649999999, 12.6746442], [39.739834099999996, 12.6754509], [39.739142099999995, 12.676516699999999], [39.7387047, 12.677359799999998], [39.7380007, 12.678424399999999], [39.73767249999999, 12.679115399999999], [39.7374177, 12.6796543], [39.73736869999999, 12.680016699999998], [39.737076699999996, 12.6806605], [39.736797599999996, 12.681233999999998], [39.7365181, 12.681691399999998], [39.736275299999996, 12.682042800000001], [39.735996199999995, 12.6824289], [39.7356444, 12.6828036], [39.735389600000005, 12.6833184], [39.735207100000004, 12.683715699999997], [39.73495189999999, 12.684301799999998], [39.73470879999999, 12.684782100000001], [39.7345265, 12.685226499999999], [39.7341007, 12.686198399999999], [39.733978900000004, 12.686561], [39.7338813, 12.687006399999998], [39.7337105, 12.687743999999999], [39.7335034, 12.6884933], [39.7332962, 12.6892185], [39.733174, 12.6898272], [39.7330036, 12.6904832], [39.7328694, 12.690892999999999], [39.7327229, 12.691560499999998], [39.7325769, 12.6920048], [39.7322366, 12.692871799999999], [39.7318959, 12.693597299999997], [39.7314471, 12.694241399999997], [39.7309859, 12.694744199999999], [39.730512399999995, 12.6955172], [39.7300027, 12.6963363], [39.729625999999996, 12.696980200000002], [39.7289822, 12.698045899999999], [39.7288536, 12.6983434], [39.7287886, 12.6982764], [39.7287111, 12.698417899999999], [39.7282874, 12.6991038], [39.728398799999994, 12.699218100000001], [39.7385428, 12.709622699999999], [39.7476306, 12.7125546], [39.7549044, 12.7160829], [39.7627838, 12.719609199999999], [39.7629993, 12.7196001], [39.763613899999996, 12.7195743], [39.7779145, 12.718973700000001], [39.8051489, 12.717709500000002], [39.82510999999999, 12.7135078], [39.834953399999996, 12.7067287], [39.8261043, 12.6937414], [39.8235889, 12.6795677], [39.8224924, 12.6733888], [39.8200778, 12.658827299999999], [39.823340099999996, 12.645668800000001], [39.8317061, 12.635438300000002], [39.832573499999995, 12.634377599999999], [39.826737, 12.625987199999997], [39.824337799999995, 12.622538299999999], [39.8187025, 12.618753499999997], [39.8088688, 12.6033995], [39.8067367, 12.596283099999999], [39.81275639999999, 12.585899399999999], [39.815478299999995, 12.581401200000002], [39.818197999999995, 12.579140899999999], [39.82682560000001, 12.571970499999999], [39.825906599999996, 12.560954400000002], [39.8327641, 12.549890999999997], [39.840548899999995, 12.5467318], [39.8491873, 12.547235899999999], [39.8523705, 12.5474217], [39.86319580000001, 12.5314486], [39.8636452, 12.523721600000002], [39.861687100000005, 12.517505499999999], [39.8634518, 12.506289299999999], [39.868181899999996, 12.494316999999999], [39.88106570000001, 12.484460799999999], [39.8662859, 12.472624300000001], [39.871260199999995, 12.4688128], [39.88205000000001, 12.466955599999999], [39.882572499999995, 12.457662599999997], [39.863112699999995, 12.463346], [39.8474732, 12.449206299999998], [39.839002900000004, 12.438965399999999], [39.8333678, 12.4334819], [39.830490700000006, 12.428917499999999], [39.8216141, 12.414835499999999], [39.81492920000001, 12.407061899999999], [39.8209531, 12.3951845], [39.819932, 12.3899958], [39.8219004, 12.386152899999999], [39.82304309999999, 12.383922000000002], [39.82409169999999, 12.377291599999998], [39.8252701, 12.3723043], [39.829313500000005, 12.3656515], [39.8308763, 12.357500499999999], [39.8176226, 12.341872400000002], [39.8176157, 12.330993099999999], [39.817611299999996, 12.3240298], [39.8148199, 12.322795699999999], [39.800328199999996, 12.316388900000002], [39.7979601, 12.315826699999999], [39.777141, 12.3108849], [39.761546900000006, 12.303251999999999], [39.759770599999996, 12.313163399999997], [39.7585538, 12.3199531], [39.74795820000001, 12.316504199999997], [39.7391073, 12.312837400000001], [39.7265526, 12.3102144], [39.7218376, 12.3083604], [39.72150190000001, 12.308228299999998], [39.70626509999999, 12.3062066], [39.6884729, 12.306920199999999], [39.67931459999999, 12.3078159], [39.6650443, 12.3076194], [39.658701199999996, 12.306381299999998], [39.6497675, 12.3068923], [39.64094420000001, 12.307630999999999], [39.6322744, 12.307654099999997], [39.6267999, 12.304065999999997], [39.6247343, 12.3027122], [39.62093439999999, 12.300221699999998], [39.62512299999999, 12.2879988], [39.6201217, 12.282375199999999], [39.614213, 12.2757312], [39.6050003, 12.2705624], [39.5969625, 12.269870299999997], [39.5918698, 12.270975599999998], [39.586632099999996, 12.2658676], [39.5725439, 12.2559256], [39.5551843, 12.255511199999995], [39.5432735, 12.265007899999999], [39.5413399, 12.2775299], [39.538536400000005, 12.2919118], [39.5353121, 12.299931800000001], [39.531191899999996, 12.306057899999999], [39.5292848, 12.3122955], [39.5243593, 12.3227956], [39.522662, 12.326414], [39.515158799999995, 12.3293605], [39.507441, 12.332851999999999], [39.501024799999996, 12.331712099999999], [39.4871578, 12.3267141], [39.47489139999999, 12.3227957], [39.470518, 12.3213986], [39.46476059999999, 12.3227956], [39.45556409999999, 12.325027199999996], [39.4520929, 12.322795699999999], [39.4407437, 12.3154995], [39.4275747, 12.302441], [39.4195142, 12.2965967], [39.40288590000001, 12.295279], [39.3885958, 12.300496200000001], [39.3746842, 12.3011902], [39.372576699999996, 12.3012953], [39.3657777, 12.300521900000001], [39.359785599999995, 12.299529], [39.356969899999996, 12.299062399999999], [39.3539679, 12.2987767], [39.350151600000004, 12.298413400000001], [39.3423452, 12.300702099999999], [39.3338152, 12.3006041], [39.3282945, 12.3022935], [39.3217028, 12.3048662], [39.312677099999995, 12.3008758], [39.3052083, 12.2972802], [39.2990098, 12.2973806], [39.293552, 12.2965027], [39.2908743, 12.296071999999997], [39.284784699999996, 12.2996881], [39.2801992, 12.3050012], [39.2755987, 12.312032199999999], [39.2705537, 12.320013699999997], [39.2690696, 12.3227956], [39.2671342, 12.3264237], [39.264498200000006, 12.329293700000001], [39.263455199999996, 12.3304293], [39.262855099999996, 12.334706400000002], [39.25715819999999, 12.3393927], [39.2511887, 12.344123200000002], [39.2482772, 12.348479699999999], [39.245529399999995, 12.3529444], [39.2464916, 12.359923999999996], [39.24439119999999, 12.365734999999999], [39.2434067, 12.3739267], [39.2429888, 12.380298199999999], [39.240400799999996, 12.3882834], [39.2399203, 12.394543599999997], [39.2414805, 12.4018908], [39.241842299999995, 12.4035946], [39.241636899999996, 12.4088057], [39.241749, 12.411255800000001], [39.2418735, 12.4139757], [39.2419941, 12.416609899999997], [39.2414329, 12.4256281], [39.2406076, 12.432241800000002], [39.23733169999999, 12.4409166], [39.2361612, 12.448997599999998], [39.235873999999995, 12.456365300000003], [39.235600000000005, 12.4657793], [39.2363545, 12.4730855], [39.2328281, 12.480770999999999], [39.230913199999996, 12.486169499999999], [39.231594900000005, 12.493144199999998], [39.229773900000005, 12.5010815], [39.2251959, 12.509217500000002], [39.2222596, 12.516662499999999], [39.222714599999996, 12.522300200000002], [39.2181256, 12.5300513], [39.217556699999996, 12.535959], [39.21428600000001, 12.5433772], [39.2087177, 12.549562499999999], [39.209786699999995, 12.5551275], [39.209217699999996, 12.5605905], [39.2076042, 12.56604], [39.205720199999995, 12.570879], [39.204276199999995, 12.575996199999999], [39.2015937, 12.5823142], [39.198433699999995, 12.587790799999999], [39.1940447, 12.594711499999997], [39.1896202, 12.600818999999996], [39.185746699999996, 12.6069102], [39.1830454, 12.612292799999999], [39.1823384, 12.618138199999999], [39.184160299999995, 12.6229915], [39.1834045, 12.6302971], [39.177748, 12.6371096], [39.17440129999999, 12.643480499999999], [39.176745, 12.647583899999995], [39.1771988, 12.648378399999999], [39.177461699999995, 12.648645700000001], [39.1806955, 12.6519335], [39.1810882, 12.652332800000002], [39.18142230000001, 12.652672400000002], [39.1872909, 12.6563231], [39.19383990000001, 12.6580979], [39.198870899999996, 12.660395399999997], [39.205664299999995, 12.6617626], [39.211989599999995, 12.661637800000001], [39.2171534, 12.663534299999998], [39.22386350000001, 12.6654273], [39.2307637, 12.666535399999997], [39.2388577, 12.663099200000001], [39.2417631, 12.6647807], [39.2447751, 12.666523999999999], [39.2469438, 12.667779200000002], [39.2563141, 12.672897999999998], [39.264038, 12.676353699999998], [39.26566640000001, 12.677082299999999], [39.265731300000006, 12.6771278], [39.2747917, 12.6834858], [39.275725, 12.684227499999997], [39.2775217, 12.685655399999998], [39.279354999999995, 12.687112400000002], [39.28048220000001, 12.688008199999999], [39.2846185, 12.7014383], [39.28552139999999, 12.7043701], [39.2900628, 12.703778699999997], [39.291707099999996, 12.7014778], [39.2941673, 12.7012931], [39.2964029, 12.7010984], [39.298626899999995, 12.7012813], [39.2992451, 12.703184100000001], [39.3011176, 12.704035399999997], [39.302292699999995, 12.7022142], [39.304394699999996, 12.701469199999996], [39.3066759, 12.7013196], [39.3086596, 12.700367799999999], [39.3104678, 12.6989912], [39.312757000000005, 12.6983713], [39.315354299999996, 12.698345699999999], [39.3174791, 12.6993333], [39.3191006, 12.7010823], [39.320313999999996, 12.702854300000002], [39.321195599999996, 12.703672800000001], [39.3219007, 12.7043275], [39.3239413, 12.703364199999998], [39.325627499999996, 12.701150100000001], [39.327356, 12.700106900000002], [39.3280615, 12.698105300000002], [39.330049, 12.6983368], [39.3322079, 12.6994272], [39.3342488, 12.6982683], [39.3360838, 12.6971899], [39.3377738, 12.6984322], [39.3396621, 12.697285899999997], [39.341688, 12.697412199999999], [39.3437671, 12.6968613], [39.34377440000001, 12.696859700000001], [39.34573119999999, 12.6964382], [39.348207, 12.695964799999999], [39.350160699999996, 12.6954942], [39.352128799999996, 12.695932499999998], [39.3543756, 12.695954399999998], [39.3565614, 12.695586299999999], [39.3583199, 12.694290800000003], [39.3602884, 12.6949924], [39.362383, 12.694429999999999], [39.365083899999995, 12.6944139], [39.3675252, 12.693620399999997], [39.368077799999995, 12.693516800000001], [39.3696078, 12.6932298], [39.3714848, 12.6943101], [39.373609900000005, 12.6933689], [39.37597129999999, 12.6934933], [39.378103599999996, 12.6939639], [39.3798544, 12.692989299999997], [39.3818875, 12.6929208], [39.3838601, 12.6936561], [39.385584099999996, 12.6924532], [39.3876135, 12.6915459], [39.38949459999999, 12.690731600000001], [39.3914934, 12.6904449], [39.393496299999995, 12.690662399999997], [39.395460799999995, 12.6902266], [39.3965859, 12.6906447], [39.3979899, 12.691166599999999], [39.3990602, 12.6902316], [39.400808899999994, 12.688703900000002], [39.401617699999996, 12.686863599999999], [39.4025445, 12.685045699999998], [39.402884400000005, 12.684371199999998], [39.40351369999999, 12.6831227], [39.404498, 12.681349899999999], [39.4047166, 12.6808401], [39.4053067, 12.6794633], [39.4042491, 12.678806499999999], [39.4034566, 12.678314299999998], [39.4014155, 12.677200599999999], [39.4001449, 12.675199600000001], [39.39910749999999, 12.6732535], [39.3974634, 12.6697621], [39.3967196, 12.667837100000002], [39.396379800000005, 12.6658426], [39.396113699999994, 12.664214500000002], [39.3960556, 12.663859299999999], [39.3964754, 12.661767500000002], [39.3981998, 12.660622199999999], [39.3992868, 12.6586424], [39.3991165, 12.6574571], [39.3989738, 12.656463599999999], [39.3994773, 12.654222499999998], [39.3996986, 12.6521548], [39.4004506, 12.650188000000002], [39.401736, 12.648091500000001], [39.403280699999996, 12.646614099999999], [39.404181099999995, 12.6445657], [39.4052114, 12.6424492], [39.4063823, 12.6404219], [39.4077596, 12.6383377], [39.4098307, 12.6382056], [39.412078, 12.6388804], [39.414381999999996, 12.638649599999999], [39.4166671, 12.637419600000001], [39.4189673, 12.6370159], [39.421191199999996, 12.6370836], [39.4233312, 12.637243], [39.4254408, 12.637792399999997], [39.42760390000001, 12.6376646], [39.4303163, 12.6376839], [39.4330401, 12.6379779], [39.4358323, 12.6375246], [39.43827759999999, 12.6375218], [39.440486, 12.6372785], [39.4430152, 12.6375275], [39.44522430000001, 12.6376979], [39.4476352, 12.637730000000001], [39.4498208, 12.637934299999998], [39.4522891, 12.637908699999999], [39.454372199999995, 12.6381369], [39.45656940000001, 12.6380777], [39.45906, 12.637970600000001], [39.4610404, 12.638945999999999], [39.462325799999995, 12.6407286], [39.4638746, 12.6420507], [39.466102299999996, 12.642920499999997], [39.4664511, 12.6429381], [39.4671873, 12.6429751], [39.46833780000001, 12.643033], [39.47049299999999, 12.643880399999997], [39.4729496, 12.644072699999999], [39.4758605, 12.6437104], [39.4783173, 12.643947899999999], [39.4804191, 12.645496000000001], [39.482227099999996, 12.6474697], [39.4831656, 12.649828099999999], [39.485183899999996, 12.6515946], [39.4877699, 12.6519459], [39.4897881, 12.6530601], [39.491840599999996, 12.654331299999999], [39.4933128, 12.6558014], [39.493358900000004, 12.657924099999999], [39.4934963, 12.6599664], [39.493122, 12.6622413], [39.4933207, 12.6644315], [39.4955484, 12.6654266], [39.496080600000006, 12.6656245], [39.497493999999996, 12.6661497], [39.4997177, 12.666262], [39.5023008, 12.6662571], [39.504555100000005, 12.665830099999999], [39.5065274, 12.6645683], [39.508777699999996, 12.663658600000002], [39.5108952, 12.663381000000001], [39.5132678, 12.6631142], [39.5153549, 12.664065299999999], [39.51752880000001, 12.664063400000002], [39.5184973, 12.664024800000002], [39.5195851, 12.663981399999997], [39.522022899999996, 12.664654799999997], [39.5243537, 12.665132899999998], [39.52606660000001, 12.666236099999997], [39.52821060000001, 12.667094299999999], [39.5302093, 12.667254199999997], [39.5312736, 12.668968999999999], [39.533264800000005, 12.669955199999999], [39.5352258, 12.6710432], [39.537216799999996, 12.671376], [39.5373149, 12.6713487], [39.539246299999995, 12.670812399999999], [39.5413638, 12.671073699999999], [39.543934699999994, 12.670689800000002], [39.546097599999996, 12.6703892], [39.5482303, 12.670731799999999], [39.5501185, 12.6698135], [39.550531, 12.669550899999997], [39.55219400000001, 12.6684924], [39.55390250000001, 12.666977600000001], [39.5559322, 12.666023899999999], [39.556670499999996, 12.665508], [39.5575794, 12.6648728], [39.55828609999999, 12.664378899999999], [39.5592813, 12.6622959], [39.559863899999996, 12.6606617], [39.559964, 12.6603809], [39.5601097, 12.659972499999999], [39.5597427, 12.6596388], [39.5584425, 12.6584568], [39.557130900000004, 12.658902699999997], [39.55647319999999, 12.659135800000001], [39.5549733, 12.655731399999999], [39.55547869999999, 12.6552437], [39.5564661, 12.6542245], [39.558061099999996, 12.652745000000001], [39.5580698, 12.652743500000001], [39.558082399999996, 12.652731299999997], [39.5586902, 12.6526369], [39.5591552, 12.652557100000001], [39.5601397, 12.6523879], [39.56205149999999, 12.6515472], [39.560127, 12.6487793], [39.5596707, 12.648157], [39.5597511, 12.6471878], [39.559804199999995, 12.6465489], [39.559838600000006, 12.6460386], [39.559840200000004, 12.646015], [39.5588668, 12.645477300000001], [39.558845500000004, 12.6454656], [39.5580097, 12.645003899999999], [39.5571658, 12.642972100000001], [39.5568996, 12.640689900000002], [39.556902799999996, 12.640476099999999], [39.5568801, 12.639112400000002], [39.5568391, 12.6385648], [39.558178, 12.636598099999999], [39.558198999999995, 12.636578499999999], [39.55824, 12.636517699999999], [39.558710600000005, 12.6360602], [39.558853899999995, 12.635920899999999], [39.55977939999999, 12.635021299999998], [39.5597968, 12.6350043], [39.5620203, 12.634898999999999], [39.5637783, 12.6337329], [39.5639547, 12.633618], [39.5639551, 12.633615599999999], [39.5643015, 12.6315838], [39.563149900000006, 12.629865599999997], [39.5624894, 12.628847500000001], [39.5619464, 12.6280345], [39.562205799999994, 12.6274533], [39.56374710000001, 12.6240002], [39.5642176, 12.6233334], [39.564510899999995, 12.622917699999999], [39.5660903, 12.6206792], [39.5660946, 12.620671199999999], [39.56610190000001, 12.620657900000003], [39.565909600000005, 12.620506299999997], [39.5658871, 12.620488500000002], [39.5657723, 12.620316700000002], [39.5663008, 12.6186928], [39.5681712, 12.617116799999998], [39.5687395, 12.616393999999998], [39.5701756, 12.614567599999997], [39.569295499999996, 12.613232000000002], [39.565004699999996, 12.6120703], [39.561242199999995, 12.611813699999999], [39.557503499999996, 12.613493400000001], [39.55559769999999, 12.6111487], [39.5546199, 12.6084397], [39.5561815, 12.6045561], [39.559640099999996, 12.599803200000002], [39.560231900000005, 12.597809499999999], [39.5606049, 12.597732], [39.5606643, 12.5977197], [39.56075010000001, 12.5976197], [39.56102829999999, 12.5972957], [39.5632972, 12.594652900000002], [39.5632339, 12.5922648], [39.56352469999999, 12.589733899999999], [39.56392949999999, 12.587000099999997], [39.5658198, 12.5848605], [39.568004800000004, 12.5835692], [39.57022930000001, 12.5824921], [39.572646, 12.5819909], [39.5739117, 12.5802101], [39.5727797, 12.577615799999998], [39.573329699999995, 12.5751659], [39.574111599999995, 12.572820199999999], [39.5735815, 12.5706008], [39.5728875, 12.569624299999996], [39.572151, 12.5685882], [39.571676, 12.5680634], [39.570598499999996, 12.566872799999999], [39.56684289999999, 12.564378099999999], [39.5663116, 12.5640252], [39.5664841, 12.563844699999999], [39.5705022, 12.5634559], [39.5732645, 12.562429399999997], [39.5740141, 12.5619614], [39.57613189999999, 12.5606394]]], [[[38.633280899999995, 13.4727113], [38.6481802, 13.4813776], [38.661305, 13.484726700000001], [38.6703396, 13.4839583], [38.6764303, 13.483440299999998], [38.6756086, 13.485616199999997], [38.6763865, 13.485774300000001], [38.678505099999995, 13.485652700000001], [38.6791821, 13.4858668], [38.6801301, 13.486166800000001], [38.6803593, 13.4855465], [38.6805856, 13.485203199999999], [38.6810238, 13.48485], [38.68153249999999, 13.4844516], [38.68214619999999, 13.4841461], [38.682829, 13.483978599999999], [38.6835506, 13.483455000000001], [38.6840962, 13.4828725], [38.6847007, 13.4823025], [38.6850343, 13.4818214], [38.68564149999999, 13.480974400000001], [38.68727979999999, 13.4791567], [38.6878342, 13.478885], [38.6887652, 13.4785595], [38.6896268, 13.478128799999999], [38.6902414, 13.4777317], [38.69112150000001, 13.4765754], [38.691907799999996, 13.4754076], [38.6923964, 13.4746634], [38.69279220000001, 13.473802599999999], [38.6931277, 13.473125999999999], [38.69353339999999, 13.472449399999997], [38.6941814, 13.471003399999999], [38.694482, 13.470257799999999], [38.69464169999999, 13.469533499999999], [38.69509949999999, 13.468316699999999], [38.6957701, 13.466963499999999], [38.6962614, 13.465931], [38.696664399999996, 13.465542699999997], [38.697009699999995, 13.465050299999996], [38.6972622, 13.464442499999999], [38.6980955, 13.463274799999999], [38.6984676, 13.4624252], [38.698946, 13.461507999999998], [38.6994348, 13.4607513], [38.699849, 13.460409299999998], [38.7004399, 13.4600235], [38.7010317, 13.4595449], [38.701743199999996, 13.458824700000003], [38.7023733, 13.458012700000001], [38.70309909999999, 13.4570393], [38.70352979999999, 13.456190999999999], [38.7039976, 13.455181], [38.7044285, 13.4542988], [38.7049556, 13.4532087], [38.7052805, 13.4523817], [38.7054784, 13.4513353], [38.7056908, 13.449989299999999], [38.705816899999995, 13.4490694], [38.706040800000004, 13.4477574], [38.7060004, 13.447043099999998], [38.706136699999995, 13.446307400000002], [38.7065781, 13.4455857], [38.707219099999996, 13.444854], [38.70788329999999, 13.444168699999999], [38.7085107, 13.4436438], [38.7092427, 13.4432242], [38.7097987, 13.442779499999997], [38.710203899999996, 13.442149299999999], [38.710580199999995, 13.442106700000004], [38.7112631, 13.4419402], [38.7118648, 13.441622199999998], [38.7122911, 13.441268899999999], [38.7127525, 13.440904299999998], [38.7131337, 13.4403091], [38.71314129999999, 13.4395145], [38.713245, 13.4384895], [38.7130736, 13.4367486], [38.7129305, 13.4357346], [38.7128927, 13.4347433], [38.7131129, 13.4338235], [38.713307799999995, 13.433065299999999], [38.7137627, 13.4321469], [38.7143103, 13.431379999999999], [38.71533429999999, 13.4298802], [38.7159087, 13.428733599999997], [38.716826600000005, 13.427266399999999], [38.7180369, 13.4259408], [38.719102899999996, 13.424970999999998], [38.719496199999995, 13.4243758], [38.720222199999995, 13.4233221], [38.7206024, 13.4228523], [38.721198699999995, 13.421889900000002], [38.721390299999996, 13.421488900000002], [38.72182109999999, 13.420628100000002], [38.7220972, 13.4199864], [38.72169639999999, 13.418911], [38.721501499999995, 13.4184022], [38.7215779, 13.417781699999999], [38.72144459999999, 13.416950799999999], [38.721438299999996, 13.4163631], [38.721501499999995, 13.4159031], [38.7213639, 13.4155447], [38.7210055, 13.4137098], [38.7212092, 13.4132737], [38.7214949, 13.412838899999999], [38.7218757, 13.4123352], [38.7223852, 13.411832799999999], [38.7227307, 13.4112827], [38.7228633, 13.4109155], [38.7234797, 13.410321699999999], [38.72505879999999, 13.409724299999999], [38.72579069999999, 13.409304700000002], [38.72806190000001, 13.4094648], [38.7285748, 13.4095009], [38.7291939, 13.4095073], [38.7295701, 13.4094523], [38.7301595, 13.409192899999999], [38.7305841, 13.4090001], [38.730812799999995, 13.4084262], [38.7306676, 13.407618999999997], [38.730519099999995, 13.407180299999998], [38.7301473, 13.406750399999998], [38.729775, 13.4063781], [38.7293557, 13.406029499999997], [38.7292025, 13.4058619], [38.729111499999995, 13.4057625], [38.7289032, 13.4054266], [38.7286998, 13.404606900000001], [38.7289983, 13.4040568], [38.729458699999995, 13.4037962], [38.729702499999995, 13.4037475], [38.729749, 13.403431599999998], [38.728723599999995, 13.4024736], [38.728634, 13.402436499999999], [38.726649900000005, 13.4040354], [38.721865199999996, 13.4080506], [38.719886900000006, 13.4047693], [38.7187297, 13.4028498], [38.70568550000001, 13.389298899999998], [38.6959915, 13.3889797], [38.6932484, 13.389273399999997], [38.6841374, 13.390248999999999], [38.66913359999999, 13.39186], [38.66737539999999, 13.3922586], [38.661144, 13.393671299999998], [38.6574838, 13.394501000000002], [38.64942140000001, 13.396342800000001], [38.64864, 13.3965213], [38.6416007, 13.399805099999998], [38.6323338, 13.4041531], [38.626364599999995, 13.407984599999999], [38.622371199999996, 13.411227099999998], [38.622091, 13.4122879], [38.6210026, 13.416407199999998], [38.6207636, 13.417311800000002], [38.6178525, 13.428330399999998], [38.6168906, 13.439081], [38.6157883, 13.4514009], [38.633280899999995, 13.4727113]]]]}}, {"type": "Feature", "properties": {"region": "Dire Dawa", "source_region": "Dire Dawa", "source_reg_pcode": "ET15", "analytical_region": true, "source_polygon_n": 13}, "geometry": {"type": "Polygon", "coordinates": [[[41.74886969999999, 9.615786700000001], [41.748601900000004, 9.6363535], [41.75574830000001, 9.640323400000002], [41.7606797, 9.6439728], [41.7738285, 9.6537034], [41.7909985, 9.6490333], [41.7991113, 9.6436841], [41.7995802, 9.6433748], [41.8010385, 9.642413299999998], [41.80459940000001, 9.6415464], [41.808388799999996, 9.6406238], [41.8086786, 9.640553299999999], [41.8156525, 9.645742999999998], [41.8245447, 9.6523602], [41.8309516, 9.657128000000002], [41.8377462, 9.662184300000002], [41.8532789, 9.673743100000001], [41.8620402, 9.678193900000002], [41.873239, 9.683883], [41.9061391, 9.6793029], [41.9261487, 9.668059900000001], [41.93584899999999, 9.663464], [41.9463018, 9.6578914], [41.9523392, 9.6546728], [41.9581917, 9.651551999999999], [41.9660983, 9.647335999999997], [41.99642929999999, 9.6311627], [42.0083893, 9.6221626], [42.0189093, 9.6179226], [42.030809399999995, 9.6184826], [42.0328328, 9.6205075], [42.117208600000005, 9.7049468], [42.12228609999999, 9.710028099999999], [42.12605670000001, 9.7138016], [42.15688259999999, 9.7446515], [42.1653123, 9.7530886], [42.1857705, 9.7735618], [42.2133507, 9.7837417], [42.215150799999996, 9.7837297], [42.2509908, 9.7834915], [42.2629138, 9.7762026], [42.293520900000004, 9.7574914], [42.3397728, 9.7196176], [42.3341309, 9.7159914], [42.32834089999999, 9.713381400000001], [42.318140799999995, 9.7056614], [42.3112808, 9.6990915], [42.3027607, 9.691131500000001], [42.285940599999996, 9.6761416], [42.2718505, 9.666951700000002], [42.262650400000005, 9.656901699999999], [42.2586354, 9.6515817], [42.240770399999995, 9.6566418], [42.2205203, 9.656161899999999], [42.200530199999996, 9.6531419], [42.1803801, 9.644342], [42.1793859, 9.6436888], [42.1595899, 9.630682100000001], [42.1571371, 9.629212400000002], [42.1551927, 9.628047399999998], [42.142689399999995, 9.6205556], [42.142249799999995, 9.6202922], [42.124859799999996, 9.614522299999999], [42.1278497, 9.5983723], [42.1300497, 9.592102299999999], [42.1334097, 9.5824923], [42.13530300000001, 9.5807269], [42.1361868, 9.5799029], [42.140068799999995, 9.5762833], [42.146129699999996, 9.5706323], [42.152599699999996, 9.5563723], [42.13889950000001, 9.5346923], [42.1218694, 9.5192224], [42.1096793, 9.5079625], [42.0962593, 9.5013125], [42.0810592, 9.488162599999997], [42.0747711, 9.473716600000001], [42.0676141, 9.474807699999998], [42.057819099999996, 9.4850827], [42.0521391, 9.491952699999999], [42.0493258, 9.4941268], [42.043909, 9.498312700000001], [42.031718999999995, 9.5044027], [42.030701799999996, 9.5047066], [42.019099000000004, 9.508172799999997], [42.0023289, 9.5077128], [41.99535890000001, 9.506462899999999], [41.9900089, 9.5066229], [41.982523799999996, 9.5084929], [41.95448869999999, 9.489113000000001], [41.953381, 9.4884396], [41.9529942, 9.488204399999999], [41.9505677, 9.4867291], [41.9387486, 9.479543099999999], [41.9133784, 9.472463199999998], [41.9088292, 9.473743799999998], [41.9082984, 9.4738932], [41.899876899999995, 9.476265399999999], [41.8917875, 9.4785442], [41.8824183, 9.4811833], [41.8597083, 9.4880133], [41.838678099999996, 9.4779134], [41.8162186, 9.4767943], [41.815198099999996, 9.4767435], [41.812932499999995, 9.4780208], [41.792548, 9.4895135], [41.7729979, 9.491053599999999], [41.7545278, 9.4845737], [41.7346177, 9.4714838], [41.728027700000005, 9.4890338], [41.7316943, 9.508467600000001], [41.749068199999996, 9.6005535], [41.74886969999999, 9.615786700000001]]]}}, {"type": "Feature", "properties": {"region": "Gambella", "source_region": "Gambela", "source_reg_pcode": "ET12", "analytical_region": true, "source_polygon_n": 15}, "geometry": {"type": "Polygon", "coordinates": [[[33.8502323, 7.5525725], [33.7804757, 7.606202000000001], [33.712489999999995, 7.658469999999998], [33.6888818, 7.668065900000001], [33.685187899999995, 7.6695674], [33.6814512, 7.6710861999999995], [33.647220000000004, 7.684999999999999], [33.594599699999996, 7.7019940999999985], [33.51380579999999, 7.728086999999999], [33.511535800000004, 7.728820100000001], [33.47921589999999, 7.739257999999999], [33.46443999999999, 7.744029999999999], [33.463938, 7.744038099999998], [33.4636017, 7.7440435999999995], [33.4539419, 7.7442003], [33.45438839999999, 7.744972200000001], [33.4546548, 7.745568500000001], [33.453878599999996, 7.7442013], [33.449281299999996, 7.744275799999998], [33.43916, 7.744440000000001], [33.423315699999996, 7.746112], [33.258147, 7.763541699999998], [33.2575, 7.763610000000001], [33.1080852, 7.779866900000002], [33.102834200000004, 7.780438199999998], [33.09666, 7.781110000000001], [33.0542438, 7.7902537], [33.05238930000001, 7.7906535], [33.05222, 7.7906900000000014], [33.0521521, 7.7907910000000005], [33.0465079, 7.799180799999998], [33.014970000000005, 7.846059999999998], [33.0127192, 7.851166999999999], [33.0018595, 7.8758080999999995], [32.996829999999996, 7.887219999999999], [32.9918, 7.9260399999999995], [33.000835099999996, 7.9421002000000005], [33.0044972, 7.948609599999999], [33.03194, 7.997389999999999], [33.0380421, 8.0044568], [33.0475551, 8.0154737], [33.0798102, 8.0528283], [33.084090499999995, 8.0577852], [33.0875935, 8.061842], [33.0998896, 8.076082], [33.1186915, 8.097856499999999], [33.12138, 8.100970000000002], [33.154028700000005, 8.112036999999999], [33.16277, 8.115], [33.1645866, 8.116984499999997], [33.175453000000005, 8.1288554], [33.185919999999996, 8.14029], [33.185916, 8.140331300000001], [33.1842758, 8.157465199999999], [33.1839158, 8.161225699999997], [33.1829138, 8.171692499999999], [33.179597799999996, 8.2063312], [33.17805, 8.2225], [33.16583, 8.27833], [33.16083, 8.35653], [33.17125, 8.39979], [33.216032199999994, 8.4297483], [33.2213529, 8.4333077], [33.26354, 8.46153], [33.2692805, 8.460816899999998], [33.2767856, 8.459884500000001], [33.3039172, 8.456514], [33.320649700000004, 8.4544353], [33.32673, 8.45368], [33.34319519999999, 8.448883499999999], [33.3701974, 8.4410174], [33.380829999999996, 8.43792], [33.40356669999999, 8.442952], [33.430039799999996, 8.448811], [33.4549537, 8.454324899999998], [33.470449699999996, 8.457754399999999], [33.471515800000006, 8.456608600000001], [33.473272699999995, 8.4558407], [33.4756327, 8.4561913], [33.4766878, 8.4569709], [33.479056, 8.458720999999999], [33.480993399999996, 8.460088], [33.48497259999999, 8.4609686], [33.50861, 8.466199999999997], [33.5645508, 8.466627599999999], [33.5647216, 8.4666289], [33.6146386, 8.4670024], [33.624125299999996, 8.4670733], [33.63437, 8.46715], [33.640940799999996, 8.461603], [33.66999, 8.43708], [33.6758374, 8.4252082], [33.67705300000001, 8.4227403], [33.6802843, 8.416179999999999], [33.688471899999996, 8.399556899999999], [33.69048000000001, 8.39548], [33.6914534, 8.394678599999999], [33.71527, 8.37507], [33.7354434, 8.3724359], [33.7658325, 8.368467800000001], [33.77133, 8.367750000000001], [33.7737362, 8.369933699999999], [33.7786925, 8.3744319], [33.789719999999996, 8.38444], [33.7915622, 8.3861597], [33.7929374, 8.387443400000002], [33.81874, 8.411529999999999], [33.82403199999999, 8.4137722], [33.852489999999996, 8.42583], [33.88152, 8.43083], [33.915279999999996, 8.43055], [33.97076, 8.437570000000001], [34.00222, 8.460280000000001], [34.04836499999999, 8.502685500000002], [34.0498743, 8.504072500000001], [34.07083, 8.523330000000001], [34.0972375, 8.5495322], [34.105549999999994, 8.55778], [34.121660000000006, 8.57958], [34.1228, 8.58465], [34.123599999999996, 8.63416], [34.124245699999996, 8.65148], [34.1415761, 8.6519519], [34.1482437, 8.651540999999998], [34.154054699999996, 8.6511829], [34.18963900000001, 8.651632699999999], [34.1896656, 8.651646399999999], [34.190393699999994, 8.652020199999999], [34.1984792, 8.6561712], [34.2174323, 8.666462600000001], [34.21772430000001, 8.666621199999998], [34.221922, 8.6689005], [34.22351859999999, 8.6697674], [34.2250279, 8.671888100000002], [34.232986200000006, 8.683069699999999], [34.235176599999996, 8.6861473], [34.235379699999996, 8.686310299999999], [34.238207599999996, 8.6885789], [34.2420556, 8.691665799999997], [34.2449213, 8.6939647], [34.250487199999995, 8.6984298], [34.2541926, 8.701402399999997], [34.2557337, 8.702638700000001], [34.2609535, 8.704006399999999], [34.2746403, 8.7075927], [34.279389, 8.708837], [34.2849864, 8.7043074], [34.29264, 8.6981138], [34.312429, 8.6820998], [34.3454714, 8.6001], [34.353586, 8.5556728], [34.3582234, 8.522043499999999], [34.35743279999999, 8.499928199999998], [34.346869600000005, 8.4756941], [34.34405720000001, 8.4692417], [34.34370200000001, 8.468052], [34.3390742, 8.452551399999999], [34.337522, 8.4473526], [34.3349107, 8.438606199999997], [34.315207799999996, 8.4067929], [34.3132964, 8.3899285], [34.32918749999999, 8.386959599999999], [34.3472801, 8.3766473], [34.3837587, 8.3951308], [34.3949163, 8.4007843], [34.43635259999999, 8.421774300000001], [34.4711959, 8.447576699999997], [34.508020699999996, 8.467578699999997], [34.51555559999999, 8.4716714], [34.5226871, 8.4755449], [34.5565268, 8.455134100000002], [34.5636146, 8.434504000000002], [34.5742735, 8.403479599999997], [34.6121306, 8.402481], [34.6303359, 8.4020007], [34.6661307, 8.3952828], [34.6663878, 8.395234600000002], [34.666831099999996, 8.3951514], [34.6674267, 8.395039600000002], [34.669137899999996, 8.394899600000002], [34.7270657, 8.3901602], [34.7287518, 8.390022199999999], [34.7676399, 8.3633791], [34.7852504, 8.355242700000002], [34.79507199999999, 8.3269092], [34.7858033, 8.303639300000002], [34.8264271, 8.261935600000001], [34.855094799999996, 8.2506471], [34.8825845, 8.2509309], [34.92594719999999, 8.2490426], [34.964792100000004, 8.247347], [34.9650446, 8.2472161], [35.0182589, 8.219643699999999], [35.0443949, 8.219900899999999], [35.0463346, 8.21992], [35.07324599999999, 8.2201848], [35.084322199999995, 8.215436900000002], [35.0874064, 8.214114799999999], [35.1189135, 8.2006088], [35.1381315, 8.1818271], [35.14772169999999, 8.1596698], [35.1485267, 8.157809799999999], [35.15765929999999, 8.136709999999999], [35.1432712, 8.1428532], [35.103878800000004, 8.115117699999999], [35.0890877, 8.1139222], [35.1179363, 8.0825882], [35.14071639999999, 8.021689499999999], [35.14102409999999, 7.9890276], [35.108557999999995, 7.957113099999999], [35.048340599999996, 7.954436499999998], [35.00848010000001, 7.9235021], [35.013101299999995, 7.882457899999998], [35.00061530000001, 7.8623216000000005], [34.9506866, 7.890286400000002], [34.9442752, 7.879393299999999], [34.932276400000006, 7.8279542], [34.9363593, 7.774624800000001], [34.937111900000005, 7.7647935], [34.9331087, 7.7362375000000005], [34.93197759999999, 7.728168600000003], [34.9351881, 7.72917], [34.9889401, 7.7459364], [34.9954733, 7.747974199999998], [35.000383, 7.747008900000001], [35.03850599999999, 7.7395128], [35.077095799999995, 7.731005200000001], [35.1108057, 7.656626999999999], [35.1117999, 7.654433599999998], [35.1160336, 7.6450922], [35.11586700000001, 7.6390914], [35.115844599999996, 7.638284100000001], [35.1156366, 7.6307958000000005], [35.125583199999994, 7.6306116999999976], [35.1456589, 7.630240199999999], [35.1496135, 7.627296400000001], [35.156666, 7.6220463999999994], [35.1663052, 7.6148708], [35.1647064, 7.580407600000001], [35.1661042, 7.5738797], [35.1675925, 7.5669292], [35.1701154, 7.555147400000003], [35.1719164, 7.532753599999999], [35.16091569999999, 7.527010499999999], [35.1462186, 7.519514499999998], [35.13808280000001, 7.5120762], [35.1267789, 7.495632499999999], [35.1207187, 7.483497300000001], [35.122402099999995, 7.4786008], [35.1494194, 7.473584400000001], [35.161412899999995, 7.4713575], [35.18275249999999, 7.458816399999998], [35.186415399999994, 7.457018599999998], [35.1892524, 7.455626100000001], [35.2095121, 7.471867599999998], [35.2391552, 7.473425], [35.2439077, 7.473674699999999], [35.25370729999999, 7.478380100000002], [35.2568268, 7.479045799999999], [35.26233069999999, 7.480220300000001], [35.264976499999996, 7.4779687], [35.272603499999995, 7.4714776999999994], [35.3095547, 7.479178300000001], [35.320054999999996, 7.4630083], [35.3289507, 7.4616044], [35.3453107, 7.452871999999999], [35.355809, 7.436700200000001], [35.373563499999996, 7.4280196], [35.3736482, 7.4279782], [35.372462999999996, 7.425256200000001], [35.3678354, 7.414628], [35.374914700000005, 7.409290299999999], [35.39229840000001, 7.3961831], [35.3922593, 7.3958085], [35.392226099999995, 7.395491399999998], [35.3919797, 7.393132500000001], [35.3875436, 7.350667499999998], [35.3827561, 7.334253100000001], [35.3804284, 7.317858600000001], [35.3749133, 7.2899755], [35.3702915, 7.277360499999998], [35.3533792, 7.262397099999999], [35.345808399999996, 7.238978000000001], [35.3538237, 7.236622099999999], [35.35579380000001, 7.2360430000000004], [35.372857599999996, 7.2310275], [35.3481746, 7.197849300000001], [35.340063, 7.187141200000001], [35.334395, 7.188277099999999], [35.3339864, 7.179933000000001], [35.34453589999999, 7.165515999999999], [35.34630489999999, 7.1630985], [35.3530471, 7.1538844999999975], [35.3540942, 7.153235399999998], [35.3570291, 7.1514161000000005], [35.3686976, 7.1441829], [35.373748199999994, 7.134924300000001], [35.3760675, 7.1306726], [35.3803505, 7.1228209], [35.374848799999995, 7.1190776], [35.371767500000004, 7.1169812], [35.3545436, 7.1184832], [35.33078149999999, 7.1270922], [35.3136035, 7.115253699999999], [35.30772770000001, 7.115475999999999], [35.2998893, 7.1157727], [35.290839999999996, 7.122083], [35.27986680000001, 7.1293803], [35.264621899999995, 7.1362326], [35.2344599, 7.1379315], [35.2245168, 7.1204818], [35.21841270000001, 7.1080326], [35.2045639, 7.099613899999999], [35.156945400000005, 7.1016811], [35.1454565, 7.1015856999999984], [35.1142664, 7.102144999999999], [35.083710200000006, 7.1248413], [35.0679831, 7.155593499999999], [35.054587999999995, 7.182889099999998], [35.0539135, 7.184263499999998], [35.040083800000005, 7.184897899999999], [35.034680099999996, 7.1851457], [35.0338223, 7.185185099999997], [35.0208133, 7.185781799999998], [35.0174624, 7.188796399999999], [35.0108868, 7.1947120999999985], [35.0052415, 7.1978884999999995], [34.9778947, 7.2132755], [34.9754571, 7.219815400000002], [34.9701597, 7.2340281], [34.965621199999994, 7.215074400000001], [34.9619782, 7.211589599999998], [34.9424492, 7.192908399999999], [34.900906199999994, 7.1853056], [34.898092999999996, 7.1847908], [34.89059110000001, 7.159336499999999], [34.890623999999995, 7.1582655], [34.891998, 7.113487], [34.89264980000001, 7.092244], [34.8926725, 7.091504599999999], [34.8770823, 7.0697903], [34.882594399999995, 7.040148799999999], [34.88434039999999, 7.0307596000000006], [34.9008332, 7.0309045], [34.902080999999995, 7.0309154], [34.902381500000004, 7.0295255999999995], [34.90474249999999, 7.018604699999999], [34.9081737, 7.0027333], [34.9113255, 6.988154499999999], [34.9211694, 6.9755503], [34.92310150000001, 6.9730764999999995], [34.924921899999994, 6.970745600000001], [34.93984909999999, 6.951632699999999], [34.945707899999995, 6.9441310000000005], [34.9739577, 6.925165700000001], [34.99788300000001, 6.892863800000001], [34.995058199999995, 6.878104800000001], [34.9923646, 6.864031100000001], [34.9689944, 6.8592644], [34.945637999999995, 6.8265373], [34.9357159, 6.801482000000001], [34.933661, 6.7962929999999995], [34.938030399999995, 6.7964544], [34.9419886, 6.796600499999999], [34.942375, 6.7966147999999995], [34.9469073, 6.7967822], [34.9504185, 6.7969118], [34.9698375, 6.7976289], [34.985371, 6.7982024999999995], [35.0429116, 6.8104971999999995], [35.079861799999996, 6.8107988], [35.117039199999994, 6.783023600000002], [35.1467762, 6.7610950999999995], [35.176563099999996, 6.730447900000001], [35.179559499999996, 6.7273648999999995], [35.1785669, 6.7142148], [35.17822019999999, 6.709621099999999], [35.19650289999999, 6.6819695], [35.197662099999995, 6.680216199999999], [35.19365549999999, 6.6708625], [35.19008339999999, 6.6625233999999995], [35.18844539999999, 6.6586994], [35.187500199999995, 6.6564928000000005], [35.1873764, 6.653564900000001], [35.1871763, 6.648832199999999], [35.186829599999996, 6.6406304], [35.1862503, 6.626927299999999], [35.186583899999995, 6.6258454], [35.1948536, 6.599026699999999], [35.19534259999999, 6.597441000000001], [35.1938703, 6.590567499999999], [35.1931785, 6.587338], [35.1867816, 6.557475], [35.185958899999996, 6.5111939], [35.18588729999999, 6.507163500000001], [35.185679799999996, 6.495491299999999], [35.185577699999996, 6.4897493], [35.1751501, 6.4690949], [35.173851600000006, 6.466522999999999], [35.1866277, 6.4442745], [35.1880246, 6.4406434], [35.199465499999995, 6.4109039999999995], [35.1902137, 6.3969434], [35.1849128, 6.388944599999999], [35.1784998, 6.3792677], [35.1647859, 6.3827694], [35.1434218, 6.397744999999999], [35.131504299999996, 6.3954951], [35.1189206, 6.346463600000001], [35.10986829999999, 6.3269931], [35.1061079, 6.318904799999999], [35.083444199999995, 6.3180565999999985], [35.0734625, 6.30741], [35.0597515, 6.306325600000001], [35.0438323, 6.3050665], [35.0382685, 6.3046264999999995], [35.016581, 6.2850385], [35.01128979999999, 6.2802595], [35.0044511, 6.2850779999999995], [35.003372399999996, 6.285838099999999], [34.9849704, 6.298803899999999], [34.9772867, 6.2929137], [34.97536600000001, 6.301222], [34.9396929, 6.3102034], [34.8541023, 6.3317524], [34.8529228, 6.3320494], [34.85, 6.36666], [34.759675699999995, 6.6066443], [34.75699, 6.61378], [34.7392805, 6.635463700000001], [34.73826379999999, 6.6367085999999995], [34.7070291, 6.6749526999999995], [34.70472, 6.677779999999999], [34.6815286, 6.697940900000001], [34.679159999999996, 6.699999999999999], [34.666964, 6.708318699999998], [34.65472, 6.716670000000001], [34.63208, 6.72903], [34.6234995, 6.7306958], [34.60277, 6.73472], [34.55361, 6.735690000000001], [34.5436258, 6.740333699999999], [34.53668940000001, 6.743559899999998], [34.530005599999996, 6.7466686000000005], [34.528819999999996, 6.747219999999999], [34.48697, 6.877489999999999], [34.47180000000001, 6.9143099999999995], [34.4700939, 6.9151913], [34.47001739999999, 6.9152308], [34.447943599999995, 6.9266324], [34.430949999999996, 6.93541], [34.36097000000001, 6.959029999999999], [34.32875, 6.95875], [34.299569999999996, 6.964319999999999], [34.2991619, 6.964566999999999], [34.28055, 6.97583], [34.2726714, 6.9835382], [34.2699423, 6.9862084], [34.2487972, 7.0068962], [34.23568999999999, 7.0197199999999995], [34.22361, 7.0424999999999995], [34.193889999999996, 7.09], [34.191299799999996, 7.0969221], [34.1769445, 7.135285799999999], [34.16333, 7.17167], [34.09916, 7.19972], [34.02708, 7.248120000000002], [34.0286225, 7.2665608], [34.02975, 7.28004], [34.032779999999995, 7.30444], [34.0312878, 7.326290899999999], [34.0305916, 7.336485399999998], [34.0299562, 7.345789300000001], [34.0294674, 7.352946499999999], [34.0291225, 7.3579962], [34.02770999999999, 7.378679999999999], [34.0054092, 7.4016993], [33.96179850000001, 7.446715], [33.9548595, 7.4538776], [33.930599, 7.4789197000000005], [33.9287707, 7.480806899999999], [33.9262673, 7.4833909], [33.89687240000001, 7.5137328], [33.885549999999995, 7.525419999999999], [33.8502323, 7.5525725]]]}}, {"type": "Feature", "properties": {"region": "Harari", "source_region": "Harari", "source_reg_pcode": "ET13", "analytical_region": true, "source_polygon_n": 9}, "geometry": {"type": "Polygon", "coordinates": [[[42.272039, 9.215667399999997], [42.2647189, 9.197887399999999], [42.259448899999995, 9.192272499999998], [42.2529088, 9.189702500000001], [42.246028800000005, 9.187002500000002], [42.2337187, 9.1859126], [42.22078870000001, 9.1963726], [42.208488700000004, 9.211932599999997], [42.1974587, 9.2198726], [42.1821486, 9.216892699999999], [42.165718600000005, 9.2104228], [42.154223099999996, 9.207635999999999], [42.1485585, 9.206262800000001], [42.1372685, 9.2158228], [42.12734849999999, 9.2265529], [42.1206184, 9.228442900000001], [42.11240839999999, 9.2307429], [42.1092483, 9.2299192], [42.0908483, 9.225123], [42.0736882, 9.220963], [42.0613322, 9.226459099999998], [42.0597382, 9.237653], [42.0591544, 9.245650999999999], [42.058878299999996, 9.249433000000002], [42.0592739, 9.2534228], [42.0594811, 9.2555129], [42.060508299999995, 9.265873], [42.0629123, 9.2768374], [42.0646784, 9.284892999999999], [42.0650766, 9.286203200000001], [42.0704685, 9.3039429], [42.07272689999999, 9.307786299999998], [42.0769587, 9.314988000000001], [42.0776083, 9.3160934], [42.085227599999996, 9.329060000000002], [42.0852586, 9.329112799999999], [42.0903797, 9.336682099999999], [42.09422740000001, 9.3423692], [42.095483699999996, 9.344226200000001], [42.09570909999999, 9.344559199999997], [42.0961219, 9.3451695], [42.0996288, 9.3503528], [42.108708799999995, 9.364122700000001], [42.1142289, 9.3725127], [42.129149, 9.388672599999998], [42.134854999999995, 9.3882937], [42.146619099999995, 9.3875125], [42.1574691, 9.3763225], [42.157943599999996, 9.3757463], [42.168579099999995, 9.3628325], [42.1863295, 9.3617501], [42.1874391, 9.3616824], [42.198187499999996, 9.366982199999999], [42.2047792, 9.370232399999999], [42.2079283, 9.371933900000002], [42.2218793, 9.3794723], [42.230513200000004, 9.382387499999998], [42.23807939999999, 9.384942200000001], [42.2529995, 9.383802199999998], [42.257866, 9.377746999999998], [42.2612695, 9.3735122], [42.26613950000001, 9.3659822], [42.2703127, 9.361664400000002], [42.2662188, 9.3526113], [42.2646094, 9.3490522], [42.2585193, 9.3344123], [42.26496929999999, 9.3213223], [42.265057899999995, 9.3203749], [42.2660493, 9.309772299999997], [42.259909199999996, 9.298832299999999], [42.25030909999999, 9.285532399999997], [42.249349099999996, 9.2700324], [42.2536491, 9.2615324], [42.255307200000004, 9.255976299999999], [42.2563291, 9.252552399999999], [42.26225899999999, 9.2436224], [42.268719, 9.2296024], [42.272039, 9.215667399999997]]]}}, {"type": "Feature", "properties": {"region": "Oromia", "source_region": "Oromia", "source_reg_pcode": "ET04", "analytical_region": true, "source_polygon_n": 349}, "geometry": {"type": "Polygon", "coordinates": [[[36.215481499999996, 7.491472500000002], [36.2129602, 7.493568300000001], [36.206776399999995, 7.498708599999999], [36.200596399999995, 7.5036388999999994], [36.18088650000001, 7.5235997999999995], [36.1565567, 7.5426205999999985], [36.1352494, 7.552207200000001], [36.1276169, 7.555641199999999], [36.1018724, 7.5545333999999995], [36.09763, 7.554350899999998], [36.0900925, 7.5540265], [36.088751499999994, 7.5539688], [36.086947099999996, 7.553891200000001], [36.074536099999996, 7.5556915], [36.0733791, 7.555859300000001], [36.0698028, 7.556378100000001], [36.06219719999999, 7.5574813], [36.0574231, 7.5597110999999995], [36.0450674, 7.565481700000001], [36.0353274, 7.572582], [36.0324874, 7.591452899999998], [36.0397974, 7.6140339], [36.04712740000001, 7.6343248], [36.0519074, 7.653905699999999], [36.0498143, 7.658184], [36.041897399999996, 7.674366600000002], [36.0205576, 7.6920174], [36.0182376, 7.696847600000001], [36.0121676, 7.709488199999999], [35.9972377, 7.7451198], [35.9863591, 7.7546569000000005], [35.9784578, 7.7581704], [35.961087899999995, 7.7664008], [35.9520129, 7.769661199999999], [35.9444726, 7.772754300000001], [35.941628099999996, 7.7739211], [35.9225582, 7.786701700000001], [35.914907400000004, 7.792944400000001], [35.90793399999999, 7.798634299999999], [35.90275080000001, 7.802863499999999], [35.897788299999995, 7.8069126], [35.8750585, 7.821793299999999], [35.8599886, 7.8293336], [35.8486186, 7.838964099999998], [35.8511286, 7.8479545], [35.8590836, 7.860137900000002], [35.87422049999999, 7.875783999999999], [35.886874399999996, 7.8925382], [35.8953184, 7.9093672], [35.90242829999999, 7.926207999999999], [35.9051283, 7.9460189], [35.8987884, 7.971089999999999], [35.8917684, 7.9920209], [35.8880385, 8.000521299999999], [35.884001, 8.016522799999999], [35.878018499999996, 8.0402331], [35.8727186, 8.0587739], [35.8687913, 8.0652953], [35.860868700000005, 8.077234699999998], [35.837338800000005, 8.0794949], [35.833003399999996, 8.0801001], [35.8163489, 8.082424999999999], [35.8095815, 8.081375799999998], [35.79807900000001, 8.0791348], [35.7828491, 8.080174900000001], [35.7657692, 8.081234999999998], [35.7533416, 8.0678421], [35.7439941, 8.0509419], [35.728003699999995, 8.039569499999999], [35.725180099999996, 8.0306307], [35.722853, 8.022466999999999], [35.7298729, 8.0058755], [35.7385127, 7.988823999999999], [35.7674123, 7.969112300000001], [35.7713722, 7.962891699999999], [35.782512, 7.9539509], [35.7952718, 7.9480204], [35.7999217, 7.940669800000002], [35.7997217, 7.932609099999999], [35.792254, 7.9206996], [35.78355799999999, 7.910229599999998], [35.776066, 7.899170300000001], [35.762149199999996, 7.882606099999999], [35.7505633, 7.874417200000001], [35.7395393, 7.866625399999999], [35.7172261, 7.8558546], [35.7164394, 7.8554749], [35.7110775, 7.856975599999998], [35.7034695, 7.8591050000000005], [35.6937296, 7.8643553], [35.6809896, 7.856334899999999], [35.67641969999999, 7.8534648], [35.666969699999996, 7.8448944], [35.6415899, 7.828893699999998], [35.6376427, 7.8264638999999985], [35.6281192, 7.8206014], [35.61827999999999, 7.8147431], [35.6062217, 7.8095779], [35.592966, 7.8088233], [35.5915447, 7.808742399999999], [35.5896202, 7.808632800000001], [35.5701703, 7.812923000000001], [35.55463039999999, 7.8202133], [35.54829490000001, 7.8268898], [35.5444004, 7.8309938], [35.536210499999996, 7.8493846000000005], [35.53312049999999, 7.8673354999999985], [35.5305205, 7.879986], [35.5304109, 7.8801608], [35.5207256, 7.895606699999999], [35.51218060000001, 7.892346600000002], [35.5048007, 7.8847062], [35.4971907, 7.8802959999999995], [35.4902308, 7.8825661999999985], [35.4849208, 7.8797760000000014], [35.4743108, 7.8735058], [35.4695132, 7.873179999999998], [35.4597309, 7.8725157], [35.4550453, 7.874213499999999], [35.444660999999996, 7.877975999999999], [35.438536000000006, 7.880606599999999], [35.433531099999996, 7.882756199999999], [35.428734899999995, 7.8808252], [35.418427, 7.8641352], [35.4094884, 7.8433609], [35.4005788, 7.829573700000003], [35.3999972, 7.829443999999999], [35.3891413, 7.827023700000001], [35.3719914, 7.832473899999999], [35.358051499999995, 7.8429944], [35.3498592, 7.8348740999999995], [35.3420296, 7.821368899999999], [35.3414196, 7.803397300000001], [35.3408776, 7.776610700000001], [35.3344873, 7.7721002], [35.3248967, 7.765330899999998], [35.3108018, 7.760980699999999], [35.3106231, 7.760889400000001], [35.293031899999995, 7.751900300000002], [35.29249809999999, 7.7511087000000005], [35.2916053, 7.749784699999999], [35.2898856, 7.747234200000001], [35.2896715, 7.7472157999999975], [35.2794929, 7.746344200000002], [35.275566899999994, 7.7460081], [35.247943899999996, 7.7265121], [35.242979000000005, 7.721901999999998], [35.2275323, 7.707559000000002], [35.222732799999996, 7.7031025], [35.2201653, 7.680242699999998], [35.22032130000001, 7.662597200000001], [35.217047099999995, 7.6580525999999995], [35.212324100000004, 7.651497], [35.207365599999996, 7.651840899999999], [35.2032581, 7.652125799999999], [35.1729346, 7.654229200000001], [35.121042800000005, 7.6458965], [35.1160336, 7.6450922], [35.1117999, 7.654433599999998], [35.1108057, 7.656626999999999], [35.077095799999995, 7.731005200000001], [35.03850599999999, 7.7395128], [35.000383, 7.747008900000001], [34.9954733, 7.747974199999998], [34.9889401, 7.7459364], [34.9351881, 7.72917], [34.93197759999999, 7.728168600000003], [34.9331087, 7.7362375000000005], [34.937111900000005, 7.7647935], [34.9363593, 7.774624800000001], [34.932276400000006, 7.8279542], [34.9442752, 7.879393299999999], [34.9506866, 7.890286400000002], [35.00061530000001, 7.8623216000000005], [35.013101299999995, 7.882457899999998], [35.00848010000001, 7.9235021], [35.048340599999996, 7.954436499999998], [35.108557999999995, 7.957113099999999], [35.14102409999999, 7.9890276], [35.14071639999999, 8.021689499999999], [35.1179363, 8.0825882], [35.0890877, 8.1139222], [35.103878800000004, 8.115117699999999], [35.1432712, 8.1428532], [35.15765929999999, 8.136709999999999], [35.1485267, 8.157809799999999], [35.14772169999999, 8.1596698], [35.1381315, 8.1818271], [35.1189135, 8.2006088], [35.0874064, 8.214114799999999], [35.084322199999995, 8.215436900000002], [35.07324599999999, 8.2201848], [35.0463346, 8.21992], [35.0443949, 8.219900899999999], [35.0182589, 8.219643699999999], [34.9650446, 8.2472161], [34.964792100000004, 8.247347], [34.92594719999999, 8.2490426], [34.8825845, 8.2509309], [34.855094799999996, 8.2506471], [34.8264271, 8.261935600000001], [34.7858033, 8.303639300000002], [34.79507199999999, 8.3269092], [34.7852504, 8.355242700000002], [34.7676399, 8.3633791], [34.7287518, 8.390022199999999], [34.7270657, 8.3901602], [34.669137899999996, 8.394899600000002], [34.6674267, 8.395039600000002], [34.666831099999996, 8.3951514], [34.6663878, 8.395234600000002], [34.6661307, 8.3952828], [34.6303359, 8.4020007], [34.6121306, 8.402481], [34.5742735, 8.403479599999997], [34.5636146, 8.434504000000002], [34.5565268, 8.455134100000002], [34.5226871, 8.4755449], [34.51555559999999, 8.4716714], [34.508020699999996, 8.467578699999997], [34.4711959, 8.447576699999997], [34.43635259999999, 8.421774300000001], [34.3949163, 8.4007843], [34.3837587, 8.3951308], [34.3472801, 8.3766473], [34.32918749999999, 8.386959599999999], [34.3132964, 8.3899285], [34.315207799999996, 8.4067929], [34.3349107, 8.438606199999997], [34.337522, 8.4473526], [34.3390742, 8.452551399999999], [34.34370200000001, 8.468052], [34.34405720000001, 8.4692417], [34.346869600000005, 8.4756941], [34.35743279999999, 8.499928199999998], [34.3582234, 8.522043499999999], [34.353586, 8.5556728], [34.3454714, 8.6001], [34.312429, 8.6820998], [34.29264, 8.6981138], [34.2849864, 8.7043074], [34.279389, 8.708837], [34.2746403, 8.7075927], [34.2609535, 8.704006399999999], [34.2557337, 8.702638700000001], [34.2541926, 8.701402399999997], [34.250487199999995, 8.6984298], [34.2449213, 8.6939647], [34.2420556, 8.691665799999997], [34.238207599999996, 8.6885789], [34.235379699999996, 8.686310299999999], [34.235176599999996, 8.6861473], [34.232986200000006, 8.683069699999999], [34.2250279, 8.671888100000002], [34.22351859999999, 8.6697674], [34.221922, 8.6689005], [34.21772430000001, 8.666621199999998], [34.2174323, 8.666462600000001], [34.1984792, 8.6561712], [34.190393699999994, 8.652020199999999], [34.1896656, 8.651646399999999], [34.18963900000001, 8.651632699999999], [34.154054699999996, 8.6511829], [34.1482437, 8.651540999999998], [34.1415761, 8.6519519], [34.124245699999996, 8.65148], [34.1243683, 8.654768099999998], [34.12513529999999, 8.6753433], [34.129999999999995, 8.80583], [34.13499, 8.95528], [34.1344069, 8.9625608], [34.1447129, 8.9622386], [34.1532665, 8.9623639], [34.2214819, 8.963362900000002], [34.26724230000001, 8.964264199999999], [34.305389299999995, 8.9650112], [34.375954, 8.9663828], [34.430651, 8.9674366], [34.503707999999996, 9.004133999999999], [34.4836667, 9.0471456], [34.45833, 9.073183199999999], [34.4546851, 9.0730226], [34.44835259999999, 9.0727435], [34.437093, 9.072247400000002], [34.434809699999995, 9.072146799999999], [34.4297764, 9.0719251], [34.426835, 9.0717955], [34.418610799999996, 9.0827075], [34.39327000000001, 9.1163299], [34.38492529999999, 9.1246836], [34.379004699999996, 9.1306105], [34.3774249, 9.1321919], [34.3749275, 9.134692], [34.3595913, 9.150044699999999], [34.3512676, 9.1583773], [34.340877, 9.168778999999999], [34.343760599999996, 9.169624999999998], [34.40174220000001, 9.186634600000001], [34.410070899999994, 9.193008299999999], [34.43956, 9.2155755], [34.452389499999995, 9.2574809], [34.4517281, 9.308702300000002], [34.45454660000001, 9.319770799999999], [34.4635805, 9.3552471], [34.4662705, 9.365810899999998], [34.4640534, 9.3785791], [34.451806399999995, 9.4491106], [34.4583304, 9.448992200000001], [34.50668379999999, 9.4481148], [34.5129748, 9.4480006], [34.5108178, 9.458031199999999], [34.5095149, 9.464089699999997], [34.500856899999995, 9.5043511], [34.500122399999995, 9.507766799999999], [34.49873230000001, 9.5142311], [34.5046896, 9.520767800000002], [34.516096399999995, 9.5332841], [34.52147000000001, 9.539180300000002], [34.52241, 9.540211700000002], [34.5229881, 9.5408461], [34.5231104, 9.5409803], [34.5232309, 9.5411125], [34.532142699999994, 9.590564399999998], [34.53214500000001, 9.590570099999999], [34.546341399999996, 9.624572599999999], [34.5484667, 9.6296629], [34.5675088, 9.630022300000002], [34.585394199999996, 9.6303597], [34.6320147, 9.5880214], [34.64207809999999, 9.583568699999999], [34.661475, 9.5749861], [34.6859184, 9.5636864], [34.7351375, 9.545301799999999], [34.782986699999995, 9.553331100000001], [34.7853778, 9.566507099999999], [34.7853931, 9.5665915], [34.7920574, 9.603314899999999], [34.79461029999999, 9.6069552], [34.806169, 9.623437899999999], [34.81085410000001, 9.630118699999999], [34.8107135, 9.641487799999998], [34.8105557, 9.6542532], [34.8104552, 9.662384099999999], [34.8103943, 9.667288899999999], [34.8099604, 9.702241199999998], [34.808448399999996, 9.7059614], [34.7961425, 9.7362395], [34.7968975, 9.7379167], [34.799158999999996, 9.742940299999999], [34.8073129, 9.761054000000001], [34.8107866, 9.7670537], [34.823147, 9.7884026], [34.8247801, 9.791223200000001], [34.8316655, 9.8031156], [34.8544639, 9.816683699999999], [34.859594400000006, 9.8180227], [34.867409599999995, 9.8200623], [34.869727, 9.820667100000001], [34.8716576, 9.827174], [34.8770761, 9.845435799999999], [34.8787768, 9.8475979], [34.8829926, 9.852957800000002], [34.892152900000006, 9.864603899999999], [34.89768350000001, 9.8817572], [34.8667951, 9.9022609], [34.875182599999995, 9.9046402], [34.887781499999996, 9.908214000000001], [34.8927194, 9.922359600000002], [34.8946985, 9.9280292], [34.89742049999999, 9.935827100000001], [34.904420099999996, 9.9558787], [34.90763429999999, 9.9530291], [34.9276555, 9.935279500000002], [34.942996, 9.9335673], [34.9661164, 9.9659072], [34.987778899999995, 9.996202900000002], [34.988182200000004, 9.996766899999999], [34.9900955, 9.9966546], [34.9915814, 9.996567299999999], [35.0150175, 9.995190899999999], [35.017302199999996, 9.9648392], [35.0196544, 9.9287919], [35.0485135, 9.9177412], [35.0810206, 9.9219206], [35.0808171, 9.9390077], [35.0876908, 9.949496], [35.0883415, 9.9504889], [35.0918263, 9.9503868], [35.1595837, 9.948402100000001], [35.171749299999995, 9.9438358], [35.205109799999995, 9.931314300000002], [35.22079840000001, 9.9254257], [35.222887799999995, 9.9102562], [35.230743600000004, 9.8932522], [35.2557037, 9.900483099999997], [35.2563897, 9.900681800000001], [35.2583458, 9.901248499999998], [35.2738267, 9.905733300000001], [35.2784719, 9.907079], [35.2959271, 9.9212441], [35.297454, 9.9224833], [35.297836499999995, 9.9221655], [35.3071051, 9.9144641], [35.3109894, 9.911236700000002], [35.32432019999999, 9.8855153], [35.32469289999999, 9.8847963], [35.3250986, 9.884493799999998], [35.3266963, 9.883302500000001], [35.3452612, 9.869460399999998], [35.3498006, 9.8660758], [35.3508412, 9.862130799999997], [35.356574099999996, 9.840396300000002], [35.363789, 9.813043199999997], [35.3868916, 9.8018936], [35.4054297, 9.795429499999997], [35.4080373, 9.7945202], [35.4196285, 9.785144999999998], [35.3942105, 9.772847299999999], [35.3788311, 9.7654064], [35.3824017, 9.7599571], [35.3830312, 9.758996400000001], [35.3753647, 9.749950699999998], [35.3663954, 9.7303403], [35.3659413, 9.7293474], [35.365080999999996, 9.7274664], [35.368397, 9.7192894], [35.3893865, 9.7200487], [35.40027659999999, 9.7161387], [35.4107663, 9.713677599999999], [35.4245051, 9.700748899999999], [35.4412091, 9.685011900000001], [35.455375000000004, 9.672230700000002], [35.4621971, 9.671261099999999], [35.46757499999999, 9.670496800000002], [35.4681498, 9.6704151], [35.4684236, 9.670376199999998], [35.4848815, 9.678003600000002], [35.5051062, 9.688702300000001], [35.5332773, 9.6904185], [35.533972299999995, 9.6964185], [35.539392299999996, 9.6976385], [35.5537274, 9.696118499999999], [35.5610875, 9.692018500000001], [35.569227500000004, 9.6780784], [35.5785175, 9.665518400000002], [35.594427599999996, 9.6560384], [35.624757800000005, 9.6511684], [35.6347278, 9.651488299999999], [35.6534379, 9.6349283], [35.6505478, 9.6130283], [35.6435797, 9.5945503], [35.645249, 9.577657499999999], [35.647492, 9.553310399999999], [35.661439099999996, 9.5324726], [35.6650369, 9.5270972], [35.6713911, 9.5172346], [35.6864869, 9.5104154], [35.7107607, 9.486771899999999], [35.7318517, 9.481498499999997], [35.7528911, 9.4816942], [35.764993000000004, 9.4733507], [35.770132499999995, 9.459471399999998], [35.7773258, 9.440139400000001], [35.7784154, 9.430699], [35.7767725, 9.430291500000001], [35.77022540000001, 9.428667699999998], [35.7659212, 9.427600199999999], [35.75400270000001, 9.416548200000001], [35.750121299999996, 9.403083299999999], [35.755148999999996, 9.3650082], [35.755178, 9.3647881], [35.74919800000001, 9.348613100000001], [35.750558000000005, 9.3311281], [35.756747999999995, 9.3236381], [35.7739546, 9.324323999999999], [35.7768558, 9.322363100000002], [35.7971917, 9.3086175], [35.8084529, 9.3088759], [35.859870300000004, 9.3249716], [35.9110888, 9.315958], [35.9123604, 9.310274300000001], [35.91319610000001, 9.306538999999999], [35.917871999999996, 9.285639099999997], [35.924895899999996, 9.275581200000001], [35.9267712, 9.272895899999998], [35.9307267, 9.267231899999997], [35.949321, 9.2491536], [35.9754132, 9.242907299999999], [36.0315772, 9.233426099999999], [36.0439651, 9.195062900000002], [36.0527186, 9.126431199999999], [36.0533457, 9.1215142], [36.0536107, 9.119437099999999], [36.034875500000005, 9.1079399], [36.034022799999995, 9.1074167], [36.033942, 9.1067172], [36.030671999999996, 9.078439799999998], [36.028074499999995, 9.055977300000002], [36.0424491, 9.032177599999999], [36.0421554, 9.0150478], [36.0510923, 9.0170415], [36.0639416, 9.019907999999997], [36.086545799999996, 9.0126168], [36.0932704, 9.025382700000002], [36.0939516, 9.026676], [36.096974599999996, 9.0324149], [36.0876164, 9.0456082], [36.0863392, 9.047408899999999], [36.082476, 9.0528553], [36.0755373, 9.0626376], [36.084173500000006, 9.0584207], [36.094643399999995, 9.0649789], [36.1085535, 9.0800316], [36.128129799999996, 9.051916700000001], [36.1286864, 9.051117399999999], [36.130966300000004, 9.0259054], [36.1310759, 9.0246934], [36.131429, 9.020788199999998], [36.1568822, 9.020672499999998], [36.15963299999999, 9.0206599], [36.1670879, 9.027992300000001], [36.1767906, 9.044525199999997], [36.225949199999995, 9.0309679], [36.2346626, 9.0352099], [36.2380634, 9.036865599999997], [36.24647780000001, 9.040962099999998], [36.2358079, 9.050946], [36.228837799999994, 9.054957900000002], [36.221004799999996, 9.059466300000002], [36.2076505, 9.067152799999999], [36.2014844, 9.0684357], [36.1895226, 9.0709245], [36.1845859, 9.0719517], [36.1614734, 9.1053519], [36.171912299999995, 9.108297199999999], [36.1866742, 9.130899099999999], [36.1979305, 9.1481335], [36.198755999999996, 9.149397500000001], [36.203947899999996, 9.157346799999997], [36.2040757, 9.1577136], [36.2069543, 9.165975], [36.2104917, 9.176127300000001], [36.215785999999994, 9.1913218], [36.224117899999996, 9.215234299999999], [36.2258856, 9.2203074], [36.2289252, 9.229030999999999], [36.2271776, 9.2578494], [36.22708969999999, 9.259298599999997], [36.226335999999996, 9.271728099999997], [36.2240944, 9.272957700000001], [36.204382300000006, 9.2837696], [36.1948947, 9.288973499999999], [36.1945972, 9.326289], [36.2009981, 9.340271499999998], [36.20589249999999, 9.3547397], [36.2342687, 9.3470069], [36.214587, 9.332417], [36.214762300000004, 9.314871299999998], [36.2170959, 9.303397399999998], [36.21741900000001, 9.3018092], [36.218373, 9.2971183], [36.25317940000001, 9.3018233], [36.2702276, 9.3283699], [36.274982699999995, 9.343407], [36.2751174, 9.343833], [36.2791674, 9.337611899999999], [36.2896368, 9.3215299], [36.2954825, 9.3016916], [36.3189962, 9.30585], [36.3261787, 9.330773100000002], [36.328877999999996, 9.3339835], [36.330431100000006, 9.335830699999999], [36.3337679, 9.3397993], [36.3492615, 9.344891499999997], [36.3747165, 9.3580192], [36.408237199999995, 9.357784599999999], [36.4363502, 9.3579721], [36.4614111, 9.3571569], [36.464994, 9.3588475], [36.465765999999995, 9.3592118], [36.467327299999994, 9.3599485], [36.4841096, 9.3678672], [36.480483899999996, 9.378750099999998], [36.4797199, 9.3810433], [36.476497099999996, 9.3907165], [36.4757179, 9.3930555], [36.47519090000001, 9.3946372], [36.48364389999999, 9.4051602], [36.4991287, 9.4147365], [36.5072656, 9.419345299999998], [36.511272999999996, 9.4323382], [36.51491109999999, 9.444134], [36.4986636, 9.4728846], [36.496482799999995, 9.491676], [36.4953728, 9.5012403], [36.495371899999995, 9.501248300000002], [36.4944299, 9.5093657], [36.485155, 9.514577899999999], [36.4628529, 9.5271109], [36.461168199999996, 9.528057700000002], [36.4247278, 9.5175095], [36.4207493, 9.516357799999998], [36.419751999999995, 9.5160691], [36.41900989999999, 9.515854299999997], [36.4006295, 9.5109883], [36.3901287, 9.495224], [36.3898375, 9.494786699999999], [36.38034890000001, 9.4805419], [36.380308, 9.480480499999999], [36.3551365, 9.494722699999999], [36.33595510000001, 9.511994], [36.3332623, 9.5155419], [36.328235299999996, 9.5221652], [36.3175226, 9.5362796], [36.3155649, 9.538858999999999], [36.314175999999996, 9.5406889], [36.3092081, 9.546289800000002], [36.3010252, 9.555515499999998], [36.2962876, 9.557311799999999], [36.26626549999999, 9.568695299999998], [36.231777, 9.570323000000002], [36.23073970000001, 9.5740555], [36.22977, 9.577544499999998], [36.2291399, 9.579811699999999], [36.2291361, 9.579825399999999], [36.2291196, 9.579845800000001], [36.2281496, 9.581046499999998], [36.226163899999996, 9.5835045], [36.22559059999999, 9.584214099999999], [36.223875, 9.5863377], [36.2007774, 9.614928799999998], [36.19261170000001, 9.6584955], [36.1925642, 9.660365], [36.191865899999996, 9.6878775], [36.1830583, 9.6961133], [36.177496100000006, 9.701314400000001], [36.161888, 9.730466700000001], [36.1614284, 9.7331407], [36.1610936, 9.7350884], [36.15905720000001, 9.7469365], [36.14341689999999, 9.757751799999998], [36.13249330000001, 9.7625963], [36.13228600000001, 9.762678], [36.108174399999996, 9.772185], [36.1052866, 9.773323599999998], [36.1364711, 9.8074473], [36.132418099999995, 9.829836000000002], [36.13184, 9.832908200000002], [36.1286019, 9.850115299999997], [36.1282444, 9.8520152], [36.1282071, 9.852213599999999], [36.12823619999999, 9.8522097], [36.15234340000001, 9.848931499999999], [36.1522605, 9.858592500000002], [36.15222519999999, 9.862709200000001], [36.15219390000001, 9.8663631], [36.147666099999995, 9.878708500000002], [36.145854299999996, 9.8836482], [36.134029500000004, 9.915889300000002], [36.1197987, 9.9613332], [36.1206487, 9.9715732], [36.13989840000001, 10.0097051], [36.1673264, 10.033847999999999], [36.184567099999995, 10.0496613], [36.2189242, 10.053212499999999], [36.2481158, 10.0716342], [36.257002199999995, 10.077242099999998], [36.258919600000006, 10.078452000000002], [36.26684830000001, 10.087330399999999], [36.2678828, 10.0884887], [36.269461299999996, 10.1036134], [36.269470999999996, 10.103651300000001], [36.271892199999996, 10.113087700000001], [36.2899022, 10.1211978], [36.30668730000001, 10.128003299999998], [36.3275975, 10.1364812], [36.3323171, 10.1383947], [36.3327163, 10.1386449], [36.3342019, 10.139576199999999], [36.369421900000006, 10.161652799999997], [36.375259299999996, 10.1673983], [36.3952739, 10.1870979], [36.409633899999996, 10.207462699999999], [36.4161932, 10.216764800000002], [36.4358126, 10.2363316], [36.4453509, 10.245844199999999], [36.44805999999999, 10.2451559], [36.4541979, 10.243596499999999], [36.47350479999999, 10.238691399999999], [36.49091289999999, 10.2342687], [36.49505289999999, 10.2353881], [36.5003489, 10.23682], [36.5007247, 10.236921599999999], [36.5097784, 10.239369499999999], [36.515488500000004, 10.239931499999999], [36.5188595, 10.2450244], [36.52244129999999, 10.250435699999999], [36.5379143, 10.2631629], [36.5392967, 10.264339600000001], [36.5450753, 10.269258199999998], [36.5451159, 10.2693493], [36.54884249999999, 10.277703899999997], [36.5493434, 10.2788269], [36.55093720000001, 10.2807643], [36.5513846, 10.281308100000002], [36.5524352, 10.2825853], [36.553067199999994, 10.2833535], [36.55448090000001, 10.285072], [36.5620045, 10.2836988], [36.569275399999995, 10.2815775], [36.5723836, 10.28047], [36.5758478, 10.279235600000002], [36.5754758, 10.271030999999999], [36.5749973, 10.266877800000001], [36.574685599999995, 10.2641734], [36.5753509, 10.2640584], [36.588025, 10.2618671], [36.6105705, 10.259221799999997], [36.643405300000005, 10.2711331], [36.6596907, 10.2770408], [36.6714666, 10.2840156], [36.684947799999996, 10.291999299999999], [36.6921915, 10.296289099999997], [36.689570499999995, 10.307694399999997], [36.6891076, 10.3097092], [36.6887154, 10.3114156], [36.686054199999994, 10.316374699999999], [36.6857268, 10.316984900000001], [36.6853993, 10.317594999999999], [36.685918199999996, 10.3231301], [36.685412299999996, 10.324010699999999], [36.6822685, 10.329482299999999], [36.68090249999999, 10.334614799999999], [36.681763499999995, 10.3361696], [36.6834996, 10.339305099999997], [36.6839798, 10.3398934], [36.6881468, 10.3449987], [36.688889, 10.349935799999999], [36.689176200000006, 10.351846699999998], [36.6914517, 10.3568739], [36.6916535, 10.357319900000002], [36.6999582, 10.357509799999999], [36.7098988, 10.357736899999999], [36.7180156, 10.3579221], [36.7235176, 10.3608], [36.7313966, 10.3613518], [36.738796199999996, 10.3614758], [36.745717000000006, 10.3599699], [36.75241739999999, 10.365984200000002], [36.76175990000001, 10.3673095], [36.7666119, 10.3623408], [36.7693809, 10.3577956], [36.77300139999999, 10.3525529], [36.77660039999999, 10.345968599999999], [36.7833037, 10.3441327], [36.791959299999995, 10.343385799999998], [36.7987355, 10.3378411], [36.8065984, 10.335371299999998], [36.8118154, 10.337275099999998], [36.8153485, 10.3403142], [36.8157614, 10.3406694], [36.8170078, 10.341741599999999], [36.8187065, 10.3419004], [36.8247365, 10.3424642], [36.8335809, 10.3424706], [36.83961039999999, 10.340800999999999], [36.84531059999999, 10.340772], [36.85059599999999, 10.341027], [36.8593921, 10.34113], [36.869241499999994, 10.340692899999999], [36.8758213, 10.3337691], [36.878780899999995, 10.327615799999998], [36.8831084, 10.320654699999999], [36.88873619999999, 10.315516899999997], [36.8979612, 10.312848200000001], [36.912032499999995, 10.313664], [36.919172800000005, 10.314188399999999], [36.92463539999999, 10.313794299999998], [36.93076999999999, 10.310939999999999], [36.94185799999999, 10.3117272], [36.9536752, 10.3125032], [36.9647472, 10.3118824], [36.971651200000004, 10.315093300000001], [36.979920799999995, 10.314026499999997], [36.989609099999996, 10.3087808], [36.9971045, 10.302968800000002], [37.0016056, 10.2953349], [37.0072049, 10.288850199999997], [37.01326530000001, 10.2849387], [37.021696, 10.284823399999997], [37.0308, 10.2861034], [37.040093999999996, 10.2853589], [37.045871999999996, 10.2883993], [37.050771000000005, 10.2836041], [37.0558909, 10.2827432], [37.0618395, 10.2817344], [37.069705299999995, 10.2760841], [37.0743461, 10.270729600000001], [37.078103299999995, 10.263374599999997], [37.0871019, 10.259494100000001], [37.0941719, 10.2582257], [37.1008486, 10.2558741], [37.1077995, 10.2532332], [37.114605399999995, 10.250697399999998], [37.120501999999995, 10.2492608], [37.1277754, 10.2476741], [37.1348355, 10.2459808], [37.1410172, 10.2450758], [37.149174699999996, 10.2446433], [37.157550199999996, 10.244256799999999], [37.1662235, 10.2441333], [37.1745323, 10.243307399999999], [37.18181109999999, 10.2412645], [37.190367699999996, 10.236270800000002], [37.195997399999996, 10.2309108], [37.199896700000004, 10.2232965], [37.1974874, 10.213875799999999], [37.1934274, 10.2060108], [37.18940740000001, 10.199765799999998], [37.18582910000001, 10.1936408], [37.18363540000001, 10.189902499999999], [37.182522399999996, 10.1880058], [37.179142299999995, 10.183880799999999], [37.175182299999996, 10.1784175], [37.1728842, 10.175994300000001], [37.1709557, 10.173960800000001], [37.168307299999995, 10.168500799999999], [37.167702299999995, 10.1632733], [37.171830299999996, 10.155312900000002], [37.1759824, 10.1513175], [37.1797764, 10.144378900000001], [37.1821024, 10.137344200000001], [37.184139099999996, 10.130360899999998], [37.1862874, 10.1239971], [37.1883949, 10.116688399999997], [37.1907375, 10.111555899999999], [37.195505, 10.104525899999999], [37.201031199999996, 10.0999647], [37.206099300000005, 10.095403899999999], [37.20650679999999, 10.0950372], [37.2133158, 10.087907800000002], [37.220499499999995, 10.083913299999999], [37.225092499999995, 10.081647799999999], [37.2301816, 10.0796833], [37.2358543, 10.077101999999998], [37.2407459, 10.0756103], [37.2471626, 10.076117799999999], [37.2536957, 10.076693299999999], [37.2618827, 10.0766719], [37.271640399999995, 10.073638899999999], [37.2773778, 10.0683932], [37.2825078, 10.0648912], [37.28771179999999, 10.0628792], [37.292595899999995, 10.057935200000001], [37.2965393, 10.052849499999999], [37.298747899999995, 10.044792700000002], [37.2997245, 10.0387752], [37.300361699999996, 10.0375412], [37.3021712, 10.034036799999999], [37.3056099, 10.0266532], [37.3128707, 10.021700899999999], [37.317822899999996, 10.018050099999998], [37.3204029, 10.0123835], [37.3232546, 10.0081018], [37.32953959999999, 10.005848499999997], [37.339302499999995, 10.0045185], [37.3447512, 10.005818200000002], [37.34504080000001, 10.006208299999999], [37.34588170000001, 10.0073411], [37.3465668, 10.008263999999999], [37.3474976, 10.0095178], [37.349302099999996, 10.0119486], [37.35192779999999, 10.0195514], [37.353591, 10.0271548], [37.3552075, 10.033957700000002], [37.356983199999995, 10.0402317], [37.3616098, 10.042847799999999], [37.36219469999999, 10.0431785], [37.3675409, 10.0435614], [37.3735751, 10.042199299999998], [37.3803999, 10.043098999999998], [37.38241999999999, 10.044107100000002], [37.387293299999996, 10.0465391], [37.3873033, 10.0465441], [37.392445599999995, 10.0463596], [37.398275399999996, 10.0461505], [37.40514729999999, 10.0425879], [37.4122068, 10.0398456], [37.418368, 10.037203900000002], [37.42435400000001, 10.0337864], [37.4292875, 10.0294782], [37.4342478, 10.0250373], [37.439846599999996, 10.017787499999997], [37.4444696, 10.0145593], [37.4532161, 10.0123303], [37.4613302, 10.0121133], [37.467269699999996, 10.013177599999999], [37.472059900000005, 10.0141726], [37.4757493, 10.014939000000002], [37.47696039999999, 10.01194], [37.4780738, 10.0091831], [37.4831348, 10.003508799999999], [37.4885455, 10.003044800000001], [37.4933255, 10.000911399999998], [37.5016039, 9.9979481], [37.5108339, 9.999436399999997], [37.5197315, 9.9999139], [37.52923690000001, 9.996176799999997], [37.5367728, 9.9889534], [37.5410424, 9.9834047], [37.5461616, 9.9774397], [37.551362399999995, 9.973428], [37.5516824, 9.966844700000001], [37.55292910000001, 9.958554699999999], [37.55723239999999, 9.953861299999998], [37.563344099999995, 9.9498996], [37.5699725, 9.9451646], [37.5743225, 9.941947899999999], [37.579884199999995, 9.940859599999998], [37.5869342, 9.9393979], [37.5906332, 9.932982599999999], [37.589669199999996, 9.9268496], [37.592396699999995, 9.918764599999998], [37.5993172, 9.9177906], [37.6057959, 9.9131179], [37.6128276, 9.9094104], [37.617453600000005, 9.9016909], [37.618226799999995, 9.8938895], [37.6235668, 9.8890395], [37.63073430000001, 9.887009499999998], [37.6366243, 9.885549500000002], [37.6413814, 9.882482499999998], [37.6448994, 9.877861200000002], [37.6475644, 9.873499499999998], [37.6515844, 9.869109500000002], [37.6564127, 9.8648245], [37.6618528, 9.8604845], [37.666927400000006, 9.8594644], [37.6691212, 9.860175], [37.67449459999999, 9.8619155], [37.6803929, 9.8623177], [37.6851162, 9.8575144], [37.689714599999995, 9.8506919], [37.694565399999995, 9.8427027], [37.7006521, 9.8367144], [37.7053029, 9.839311], [37.7106571, 9.842614399999999], [37.7170057, 9.8425563], [37.7243464, 9.8445443], [37.73069639999999, 9.844859300000001], [37.7360048, 9.840794299999997], [37.742891799999995, 9.840662299999998], [37.7482282, 9.846664299999999], [37.748247600000006, 9.8472609], [37.7485299, 9.855939299999998], [37.7495188, 9.8561467], [37.753955600000005, 9.8570771], [37.7609687, 9.851929199999997], [37.7690887, 9.851441699999999], [37.774592000000005, 9.8565022], [37.7818917, 9.857252499999998], [37.7880868, 9.859627499999998], [37.794054100000004, 9.8603742], [37.800583499999995, 9.8618241], [37.8069919, 9.865290800000002], [37.816021500000005, 9.8671504], [37.82267559999999, 9.873351699999997], [37.8232116, 9.873851199999999], [37.823254, 9.873890699999999], [37.8237458, 9.874736599999999], [37.8246004, 9.8762067], [37.8246593, 9.876308100000001], [37.827247799999995, 9.880760700000002], [37.830822399999995, 9.8846376], [37.8364141, 9.8878918], [37.842680699999995, 9.8967032], [37.8484163, 9.897578], [37.8523579, 9.896720100000001], [37.85593639999999, 9.8959412], [37.8588398, 9.899723899999998], [37.8592216, 9.900221299999998], [37.858761099999995, 9.9058282], [37.8603909, 9.912788699999998], [37.8623938, 9.9128246], [37.86446259999999, 9.912861599999998], [37.869932299999995, 9.907534], [37.87446070000001, 9.911164], [37.87497640000001, 9.912970500000002], [37.875928699999996, 9.916306], [37.877217599999994, 9.917892499999999], [37.880154999999995, 9.921508199999998], [37.8930291, 9.927258900000002], [37.90139130000001, 9.930374300000002], [37.9093259, 9.930448499999997], [37.9144009, 9.923578899999999], [37.91878090000001, 9.918727200000001], [37.9234049, 9.914747799999999], [37.9300743, 9.9145872], [37.93352219999999, 9.9176182], [37.935078499999996, 9.918986300000002], [37.935321699999996, 9.925963099999999], [37.934715, 9.926572499999999], [37.930787699999996, 9.930517199999999], [37.93147559999999, 9.9329393], [37.9322821, 9.935779000000002], [37.932837899999996, 9.941279299999998], [37.9387447, 9.944079799999999], [37.944246299999996, 9.9411335], [37.95193570000001, 9.9383966], [37.9570672, 9.9386378], [37.9641417, 9.942966400000001], [37.9703815, 9.9453805], [37.978418399999995, 9.949081699999999], [37.980142099999995, 9.9492306], [37.986034999999994, 9.949739700000002], [37.993421399999995, 9.949085900000002], [37.9992336, 9.9535818], [38.0025612, 9.959635600000002], [38.0084547, 9.9641348], [38.0160124, 9.9667785], [38.025582199999995, 9.9683122], [38.0338756, 9.967522400000002], [38.0435859, 9.969779799999998], [38.0456387, 9.974776899999998], [38.0481137, 9.9815322], [38.053216, 9.9818899], [38.059931999999996, 9.9818035], [38.0623218, 9.988156], [38.06239329999999, 9.988505499999999], [38.062986099999996, 9.9914008], [38.0635005, 9.993913100000002], [38.0643159, 9.997895499999998], [38.0697969, 10.001524], [38.0749263, 10.0022112], [38.081208000000004, 10.002175399999997], [38.082708499999995, 10.007513899999998], [38.0820565, 10.009583599999997], [38.0802797, 10.0152233], [38.0821784, 10.016533899999999], [38.08756330000001, 10.0202508], [38.09408109999999, 10.0202174], [38.1007207, 10.0222572], [38.106268199999995, 10.019406], [38.11312890000001, 10.0159915], [38.1182772, 10.017750500000002], [38.1171238, 10.023448199999999], [38.1170896, 10.0236173], [38.11832689999999, 10.0289917], [38.1201471, 10.032957800000002], [38.12097879999999, 10.0347701], [38.1233254, 10.039321800000002], [38.1233699, 10.0394081], [38.1253027, 10.0431571], [38.1309397, 10.0474496], [38.136950899999995, 10.047414], [38.1421582, 10.043251800000002], [38.145129, 10.036686900000001], [38.15056519999999, 10.0351217], [38.155440600000006, 10.039856499999999], [38.160354, 10.0441022], [38.1673395, 10.046083699999999], [38.1699066, 10.050658699999998], [38.1702058, 10.053670900000002], [38.17061139999999, 10.057752599999999], [38.1721291, 10.059102799999998], [38.1766283, 10.0631054], [38.18430089999999, 10.066836899999998], [38.1880957, 10.070476099999997], [38.194239100000004, 10.0738608], [38.2001178, 10.078076099999999], [38.203744799999996, 10.081783099999999], [38.209462599999995, 10.0844506], [38.216389899999996, 10.0863643], [38.2219744, 10.0922525], [38.2273784, 10.095060199999999], [38.23356, 10.098893300000002], [38.24042669999999, 10.1026339], [38.2477886, 10.1019495], [38.251519699999996, 10.096479], [38.2523756, 10.088428], [38.2581098, 10.087652999999998], [38.2641852, 10.089274899999998], [38.2717607, 10.0918004], [38.2807733, 10.090926899999998], [38.2861258, 10.0885379], [38.295275, 10.0892479], [38.3003534, 10.0954054], [38.3007719, 10.097164200000002], [38.3022667, 10.103446199999999], [38.307273099999996, 10.1070081], [38.3086009, 10.1079528], [38.314481, 10.107150299999999], [38.3218095, 10.107186800000001], [38.3265175, 10.114547699999997], [38.32626529999999, 10.1153468], [38.3237132, 10.123433799999999], [38.325961899999996, 10.1331194], [38.330938599999996, 10.143092300000001], [38.3333197, 10.1513627], [38.3376093, 10.15446], [38.3400496, 10.1562219], [38.3468653, 10.158391199999999], [38.3482788, 10.158841], [38.35407549999999, 10.1550743], [38.35701379999999, 10.1508427], [38.358061000000006, 10.144311], [38.3663022, 10.140485499999997], [38.3756312, 10.1403546], [38.3898946, 10.1432069], [38.3975, 10.144277899999997], [38.4009367, 10.148641900000001], [38.4012027, 10.1500837], [38.4020552, 10.1547054], [38.405518799999996, 10.159318200000001], [38.4063103, 10.160372299999997], [38.4118761, 10.1645265], [38.418228400000004, 10.167175], [38.425724599999995, 10.171756099999998], [38.4258401, 10.175898], [38.425894, 10.1778307], [38.421050199999996, 10.180752499999999], [38.4261877, 10.186579900000002], [38.4262638, 10.1866663], [38.42895540000001, 10.1912712], [38.4300435, 10.193133], [38.426645799999996, 10.2000367], [38.42358290000001, 10.2070055], [38.419391399999995, 10.2132296], [38.419384799999996, 10.219846999999998], [38.4227363, 10.221848600000001], [38.4241743, 10.222707499999999], [38.427212, 10.226828099999999], [38.4290133, 10.229291199999997], [38.429414699999995, 10.2298401], [38.4307182, 10.231622400000001], [38.4368139, 10.2354632], [38.4416065, 10.2378349], [38.448073, 10.240251899999999], [38.4541912, 10.2466894], [38.4544257, 10.2477728], [38.4557503, 10.253892100000002], [38.4553365, 10.261135399999999], [38.458274599999996, 10.263753699999999], [38.4626719, 10.2676725], [38.4623304, 10.2692523], [38.4608795, 10.2759637], [38.4578687, 10.2820093], [38.4600673, 10.289970300000002], [38.4612537, 10.2901564], [38.46590200000001, 10.290885299999998], [38.472529099999996, 10.2918047], [38.4710748, 10.2954429], [38.4698426, 10.2985257], [38.466090799999996, 10.305224899999999], [38.46792399999999, 10.311090299999998], [38.469438499999995, 10.312009399999997], [38.473721499999996, 10.3146084], [38.4743469, 10.3176764], [38.4753089, 10.3223955], [38.4750654, 10.3306668], [38.477845599999995, 10.3384284], [38.4779795, 10.3388024], [38.481201399999996, 10.344366599999999], [38.48117260000001, 10.344483799999999], [38.479540199999995, 10.351125999999999], [38.4760896, 10.3562256], [38.4766766, 10.3632599], [38.4794197, 10.364141], [38.4834912, 10.365448899999999], [38.490379499999996, 10.3640074], [38.4961931, 10.3635732], [38.50284260000001, 10.3632642], [38.5152984, 10.3669313], [38.5237829, 10.3678099], [38.534393, 10.3665047], [38.5411545, 10.370294000000001], [38.550879099999996, 10.3732829], [38.5569819, 10.3750097], [38.5602093, 10.375922899999999], [38.5659617, 10.374313599999999], [38.5683174, 10.3746447], [38.5717348, 10.375125], [38.5779684, 10.377172800000002], [38.5848687, 10.3751143], [38.5921125, 10.374386099999997], [38.599114, 10.3741086], [38.604663900000006, 10.374600299999999], [38.6134336, 10.377061200000002], [38.623847399999995, 10.37835], [38.6302766, 10.382174800000001], [38.635947699999996, 10.3803464], [38.6444386, 10.376975300000002], [38.6501533, 10.376493799999999], [38.65648499999999, 10.373610800000002], [38.663772099999996, 10.372798399999999], [38.6641564, 10.372755600000001], [38.668110899999995, 10.373492599999999], [38.671344, 10.374095100000002], [38.6760157, 10.377419999999999], [38.682304499999994, 10.379041], [38.6901586, 10.378713699999999], [38.6974, 10.3793918], [38.702551199999995, 10.381224000000001], [38.707473, 10.3843391], [38.712635299999995, 10.3868693], [38.7207146, 10.386199300000001], [38.7295707, 10.3859274], [38.7382438, 10.3856266], [38.74048150000001, 10.3850926], [38.7461221, 10.3837465], [38.752930299999996, 10.379552499999997], [38.7612339, 10.375587000000001], [38.767598, 10.370544500000001], [38.772146, 10.366160699999998], [38.777440899999995, 10.365620800000002], [38.7846304, 10.366721799999999], [38.790692299999996, 10.366524399999998], [38.7984479, 10.368072699999999], [38.8064685, 10.368835599999999], [38.8156453, 10.3643205], [38.822902299999996, 10.363763299999999], [38.8284545, 10.363031300000001], [38.8343187, 10.3618253], [38.839744499999995, 10.3610286], [38.8457287, 10.3610236], [38.845066599999996, 10.3547619], [38.84843190000001, 10.345013299999998], [38.8518599, 10.339074799999999], [38.8532339, 10.3337773], [38.854569899999994, 10.3254013], [38.8553468, 10.3142648], [38.8554208, 10.308058299999999], [38.8556088, 10.300152299999999], [38.8556783, 10.2947378], [38.8594687, 10.2860277], [38.86046340000001, 10.2802068], [38.8608437, 10.2779809], [38.855654200000004, 10.269760800000002], [38.8525059, 10.2657479], [38.852241299999996, 10.2654106], [38.85058529999999, 10.263773800000001], [38.8480816, 10.261299299999997], [38.8478935, 10.261018199999997], [38.844580900000004, 10.2560671], [38.8445106, 10.253180799999999], [38.844449, 10.2506528], [38.8476286, 10.244327], [38.8446393, 10.2381618], [38.8407201, 10.2343846], [38.84043449999999, 10.233930899999999], [38.8352735, 10.225733900000002], [38.8326834, 10.2121134], [38.833672299999996, 10.2039548], [38.838099199999995, 10.1980642], [38.836486900000004, 10.1908929], [38.834399, 10.1792448], [38.8349158, 10.1716624], [38.8337443, 10.161852699999999], [38.835833, 10.1556405], [38.8392068, 10.1489525], [38.844322700000006, 10.1443078], [38.8472186, 10.1387352], [38.8474161, 10.1310511], [38.8485898, 10.123890499999998], [38.8506731, 10.120858899999998], [38.8506973, 10.120823699999997], [38.8508162, 10.1206506], [38.852601199999995, 10.118053], [38.84739289999999, 10.1130864], [38.8426096, 10.1099248], [38.839087899999996, 10.114398099999999], [38.833963700000005, 10.112943999999999], [38.829000199999996, 10.1096635], [38.823616099999995, 10.109681499999997], [38.8212036, 10.107297599999999], [38.8188344, 10.1049565], [38.8175243, 10.1020623], [38.816642699999996, 10.1001149], [38.816128899999995, 10.0996004], [38.8152352, 10.098705800000001], [38.8109432, 10.094408699999999], [38.8052985, 10.093496600000002], [38.7995285, 10.0902741], [38.7919771, 10.0893599], [38.784483300000005, 10.0859141], [38.777265, 10.082801600000002], [38.7726837, 10.077237700000001], [38.7649478, 10.070805], [38.7579223, 10.068251699999998], [38.751244, 10.0633305], [38.7409822, 10.061087599999997], [38.7338522, 10.056328500000001], [38.727729499999995, 10.054345800000002], [38.721357399999995, 10.0514438], [38.714735399999995, 10.0527918], [38.705658799999995, 10.0530019], [38.7014603, 10.049361900000001], [38.695724, 10.0509005], [38.688685299999996, 10.050231899999998], [38.68163270000001, 10.052778199999999], [38.674469200000004, 10.053286], [38.6688019, 10.055421999999998], [38.665725699999996, 10.0563944], [38.6626651, 10.057361999999998], [38.6591235, 10.0535073], [38.6572351, 10.051452], [38.6604835, 10.045468699999999], [38.6608617, 10.0429797], [38.66144759999999, 10.0391245], [38.66081510000001, 10.033812], [38.6625964, 10.030652199999999], [38.6652651, 10.0259182], [38.668132, 10.0213503], [38.668217899999995, 10.021213399999999], [38.6683175, 10.0210547], [38.6687383, 10.0203842], [38.669499099999996, 10.019172], [38.6738151, 10.015149500000001], [38.6811171, 10.013423999999999], [38.6864902, 10.008004699999999], [38.694117199999994, 10.007819899999998], [38.6996702, 10.004281899999999], [38.7098502, 9.998393999999998], [38.7183651, 9.9960866], [38.71862230000001, 9.996016899999997], [38.7254453, 9.9913419], [38.7329615, 9.9927641], [38.73357339999999, 9.992879799999999], [38.73454410000001, 9.992100899999997], [38.740241999999995, 9.9875285], [38.745855399999996, 9.9856568], [38.7521254, 9.9847185], [38.7580563, 9.980672], [38.7648777, 9.980644999999999], [38.771217400000005, 9.9781011], [38.7793252, 9.982384699999999], [38.78475519999999, 9.9783425], [38.786101599999995, 9.976553199999998], [38.7881504, 9.9738306], [38.7896016, 9.9719021], [38.79686780000001, 9.967724799999997], [38.800570300000004, 9.962195999999999], [38.8020304, 9.9561793], [38.802667299999996, 9.953555], [38.8014256, 9.9465117], [38.797322199999996, 9.9407751], [38.796395499999996, 9.933715099999999], [38.7967409, 9.932280799999997], [38.797823799999996, 9.9277834], [38.8013322, 9.9221751], [38.801341199999996, 9.9221179], [38.80247409999999, 9.914910299999999], [38.802462999999996, 9.9094642], [38.8007121, 9.903348399999999], [38.7991288, 9.8964734], [38.79597, 9.8890641], [38.794705799999996, 9.8874737], [38.7908529, 9.882626799999999], [38.793527399999995, 9.876248799999999], [38.7986377, 9.8701248], [38.8030288, 9.8621141], [38.8050934, 9.855657700000002], [38.805485399999995, 9.8544318], [38.8057179, 9.8486618], [38.806545299999996, 9.8428998], [38.8083562, 9.8353168], [38.8082413, 9.8274818], [38.8080745, 9.824639], [38.8077757, 9.8195464], [38.81146149999999, 9.811821799999997], [38.8136953, 9.8062018], [38.818226599999996, 9.80273], [38.819998000000005, 9.794540899999998], [38.8215053, 9.784497600000002], [38.82663780000001, 9.7754218], [38.8289003, 9.7691055], [38.8358286, 9.7629884], [38.838533600000005, 9.7593409], [38.8402628, 9.7570092], [38.8459946, 9.752892400000002], [38.852980300000006, 9.7495317], [38.85848699999999, 9.744935], [38.8626094, 9.7399157], [38.86654199999999, 9.7336334], [38.8719927, 9.729578], [38.879635199999996, 9.725641], [38.8859436, 9.721123000000002], [38.8918401, 9.718240600000001], [38.8967491, 9.714293399999997], [38.90441979999999, 9.710338799999999], [38.9093422, 9.708731600000002], [38.9177533, 9.7115254], [38.922438199999995, 9.717155], [38.923140599999996, 9.7179991], [38.9232244, 9.718117399999999], [38.9281623, 9.7250915], [38.93473309999999, 9.7279433], [38.9402697, 9.725163799999999], [38.9447469, 9.7211582], [38.949847299999995, 9.717098499999997], [38.9538168, 9.7138055], [38.9602528, 9.7107571], [38.9595705, 9.7153499], [38.9593117, 9.7170917], [38.9590998, 9.7185185], [38.9573247, 9.722002699999997], [38.9551705, 9.7262311], [38.9527185, 9.7326828], [38.9520881, 9.738662699999999], [38.953718099999996, 9.7401434], [38.9539898, 9.740390199999998], [38.9576803, 9.7437424], [38.96413940000001, 9.7490538], [38.9646489, 9.750005400000001], [38.9679474, 9.756165500000002], [38.97111969999999, 9.7585863], [38.974420300000006, 9.7611051], [38.977661, 9.7562764], [38.9807585, 9.7519821], [38.985868499999995, 9.749043900000002], [38.9901044, 9.7459709], [38.9944558, 9.7472323], [38.9949497, 9.747375399999997], [38.9971414, 9.7480107], [39.0029646, 9.7500626], [39.0044803, 9.7505966], [39.01220000000001, 9.7522033], [39.0165904, 9.757725299999999], [39.02361669999999, 9.757856799999999], [39.030573200000006, 9.7554839], [39.0340364, 9.753373], [39.034968899999996, 9.7528047], [39.03507479999999, 9.7522102], [39.0360005, 9.7470133], [39.0429864, 9.750847], [39.050451699999996, 9.7534364], [39.058789, 9.7534695], [39.068875899999995, 9.7529564], [39.076536999999995, 9.7545839], [39.082091999999996, 9.756978299999998], [39.0871103, 9.7615106], [39.092213400000006, 9.763080900000002], [39.097383799999996, 9.758243300000002], [39.1017735, 9.755054699999999], [39.1042463, 9.749265], [39.104532, 9.748596], [39.1008319, 9.7461168], [39.097404000000004, 9.7438199], [39.09768599999999, 9.7354421], [39.102928299999995, 9.733699500000002], [39.1057522, 9.733182000000001], [39.10960359999999, 9.7324761], [39.116999500000006, 9.733276799999999], [39.12269140000001, 9.7349402], [39.1274772, 9.738531400000001], [39.1334707, 9.7413857], [39.1393027, 9.740658300000002], [39.14012679999999, 9.7394795], [39.1416581, 9.7372892], [39.143037299999996, 9.7353165], [39.1432292, 9.734627600000001], [39.1436931, 9.7329618], [39.1444264, 9.730329099999997], [39.1445135, 9.730016299999997], [39.1448959, 9.728643199999999], [39.1443276, 9.720709399999999], [39.147743999999996, 9.715358000000002], [39.1470146, 9.7125366], [39.1468266, 9.7118092], [39.146783299999996, 9.7116416], [39.14662589999999, 9.711033100000002], [39.14595569999999, 9.708440399999999], [39.145967, 9.7081822], [39.1460186, 9.7069998], [39.146314200000006, 9.700222499999999], [39.145374499999996, 9.693345899999999], [39.149094000000005, 9.690769999999999], [39.1556909, 9.6886948], [39.161375799999995, 9.688772700000001], [39.1616157, 9.688775899999998], [39.16178269999999, 9.688778200000002], [39.161873, 9.6888569], [39.16626730000001, 9.6926841], [39.1742274, 9.6948498], [39.1771032, 9.691220200000002], [39.17775299999999, 9.690400199999997], [39.1786349, 9.6892871], [39.1796722, 9.6886078], [39.1840247, 9.6857573], [39.184274599999995, 9.693902200000002], [39.1842508, 9.694788599999999], [39.1841066, 9.7001524], [39.184559899999996, 9.7066825], [39.183515699999994, 9.7148367], [39.1841726, 9.720062299999999], [39.1868403, 9.719388100000002], [39.189639899999996, 9.718680599999999], [39.1905733, 9.718444699999997], [39.1936258, 9.7175026], [39.1973518, 9.716352599999999], [39.2001255, 9.7087357], [39.2036412, 9.7071291], [39.204894599999996, 9.7065564], [39.2074629, 9.7095445], [39.2086365, 9.7109099], [39.211392599999996, 9.7047466], [39.211798, 9.705022900000001], [39.21590049999999, 9.707818800000002], [39.216750499999996, 9.7083982], [39.2234957, 9.7052093], [39.225008700000004, 9.6989106], [39.2280631, 9.6937121], [39.230601199999995, 9.696626499999999], [39.2328088, 9.699161299999998], [39.23902489999999, 9.702391], [39.2447727, 9.7018215], [39.249905999999996, 9.7049069], [39.252319799999995, 9.712386500000001], [39.255198899999996, 9.7197979], [39.2576891, 9.7245689], [39.260049599999995, 9.7293102], [39.2616195, 9.731934599999999], [39.263587199999996, 9.735223999999999], [39.2681178, 9.739742099999999], [39.2735504, 9.737443599999997], [39.2803916, 9.7331867], [39.283543, 9.733527500000001], [39.2875841, 9.7339646], [39.28939150000001, 9.7387866], [39.2917408, 9.745133000000001], [39.2978555, 9.748033], [39.30311330000001, 9.7460091], [39.308099, 9.744016399999998], [39.31115, 9.738655099999999], [39.3118369, 9.7364008], [39.313349599999995, 9.7314368], [39.316154899999994, 9.728548099999998], [39.320451, 9.7241245], [39.32428149999999, 9.724236599999998], [39.328772, 9.724367899999999], [39.335141199999995, 9.7258423], [39.3417849, 9.7274599], [39.3425292, 9.72711], [39.34268019999999, 9.727039099999999], [39.3467164, 9.725141499999998], [39.340762899999994, 9.7170953], [39.3388505, 9.7122827], [39.3384112, 9.711177099999999], [39.338051400000005, 9.7102718], [39.3380285, 9.710214099999998], [39.339346299999995, 9.7039189], [39.3444863, 9.6990043], [39.3503153, 9.699932399999998], [39.3577036, 9.700644400000002], [39.3641352, 9.7014518], [39.3643189, 9.701388099999999], [39.3654458, 9.7009971], [39.370114799999996, 9.6993773], [39.3699331, 9.6948175], [39.3697238, 9.689567199999999], [39.3690269, 9.688861900000001], [39.364792300000005, 9.6845764], [39.3609791, 9.6802795], [39.3669673, 9.675286700000001], [39.37031919999999, 9.6711708], [39.37129900000001, 9.669967699999999], [39.368864200000004, 9.6645456], [39.368185, 9.663033100000002], [39.362131, 9.661528799999997], [39.360702599999996, 9.660007600000002], [39.3577505, 9.6568638], [39.357240999999995, 9.6478588], [39.3562547, 9.643172], [39.3555548, 9.639846], [39.353327, 9.634108099999997], [39.352697, 9.628236699999999], [39.352048499999995, 9.6220539], [39.354392, 9.6176834], [39.3616878, 9.6189158], [39.3653139, 9.621513499999999], [39.3660012, 9.622005899999998], [39.3680549, 9.623513899999999], [39.3690721, 9.6242608], [39.371025599999996, 9.6256953], [39.3718838, 9.626380299999997], [39.375454, 9.629229899999999], [39.380552699999996, 9.6305094], [39.38585870000001, 9.6308214], [39.38831969999999, 9.622421000000001], [39.388814599999996, 9.615800799999999], [39.3888191, 9.6157404], [39.385307600000004, 9.6107248], [39.384929199999995, 9.6080787], [39.384489599999995, 9.605004], [39.3841891, 9.602902199999999], [39.379662499999995, 9.596266499999999], [39.37364509999999, 9.5922203], [39.373358599999996, 9.5920277], [39.3733375, 9.5902273], [39.3732839, 9.5856519], [39.3732515, 9.582892399999999], [39.3769243, 9.5807504], [39.3772091, 9.580584300000002], [39.3779302, 9.580163800000001], [39.3784443, 9.574076699999999], [39.3785275, 9.5730925], [39.378375999999996, 9.5726678], [39.37704, 9.5689228], [39.376852299999996, 9.5683965], [39.3766787, 9.5679099], [39.376473399999995, 9.5673345], [39.3726237, 9.564038], [39.3708002, 9.560572299999997], [39.370367900000005, 9.5597507], [39.369319, 9.5577572], [39.365814, 9.5529072], [39.36060450000001, 9.5460632], [39.3528458, 9.549201600000002], [39.347707299999996, 9.547610599999999], [39.341400900000004, 9.5453921], [39.3383398, 9.541256100000002], [39.3342241, 9.533403599999998], [39.3296938, 9.5265573], [39.3229428, 9.5257335], [39.3181442, 9.529402100000002], [39.312939899999996, 9.535560000000002], [39.308687, 9.5307832], [39.3021335, 9.5226966], [39.3025441, 9.5119965], [39.30519160000001, 9.505244099999999], [39.2995369, 9.502764100000002], [39.2973215, 9.501951], [39.2936219, 9.500593299999998], [39.293726199999995, 9.498642499999999], [39.2940952, 9.4917408], [39.3010635, 9.487787399999998], [39.3040469, 9.481135799999999], [39.3055294, 9.473743299999997], [39.3096919, 9.467680800000002], [39.314850199999995, 9.4670041], [39.3235919, 9.469980699999999], [39.3315595, 9.4729957], [39.338567, 9.4747807], [39.343776999999996, 9.472300699999998], [39.3503871, 9.4719606], [39.35561709999999, 9.474234], [39.36308210000001, 9.4738606], [39.3694172, 9.4699373], [39.3750705, 9.4670573], [39.3769235, 9.463288499999999], [39.3733405, 9.457993899999998], [39.372910499999996, 9.4521639], [39.3727411, 9.4468306], [39.3784005, 9.4460806], [39.3879009, 9.4497843], [39.3904134, 9.451979099999997], [39.3929333, 9.4541803], [39.3939272, 9.455048600000001], [39.405282299999996, 9.4502622], [39.4112523, 9.4474805], [39.4183473, 9.441957199999997], [39.4245673, 9.437124500000001], [39.4303254, 9.4338765], [39.4377257, 9.4341355], [39.44770580000001, 9.432491299999999], [39.4493224, 9.4252738], [39.448553, 9.422328799999999], [39.44808820000001, 9.42055], [39.4476324, 9.418805399999998], [39.443087399999996, 9.4143805], [39.447227399999996, 9.4094704], [39.4495674, 9.4047104], [39.4538745, 9.401201900000002], [39.4535567, 9.399783], [39.4522423, 9.3939154], [39.4485923, 9.3897229], [39.445847, 9.3843083], [39.44564309999999, 9.383906199999998], [39.440484999999995, 9.3813896], [39.4259363, 9.379414999999998], [39.4226782, 9.374720799999999], [39.4204092, 9.3714517], [39.4121218, 9.374367599999998], [39.4118859, 9.3744506], [39.4038676, 9.3804374], [39.4033248, 9.3811277], [39.3951713, 9.391498399999998], [39.3948519, 9.391904499999999], [39.376283699999995, 9.3839549], [39.37301449999999, 9.3757393], [39.36831679999999, 9.373807099999999], [39.35670590000001, 9.3690315], [39.3466838, 9.378506000000002], [39.337155499999994, 9.3805078], [39.33237849999999, 9.380512399999999], [39.3251172, 9.3805192], [39.320095200000004, 9.3740481], [39.31958579999999, 9.365580399999999], [39.3065453, 9.3660901], [39.3030259, 9.3566287], [39.2929884, 9.349165200000002], [39.2926721, 9.3455363], [39.291469, 9.3317319], [39.28636360000001, 9.318242900000001], [39.2854376, 9.3157965], [39.2825284, 9.3143546], [39.2782816, 9.312249699999999], [39.27179079999999, 9.3178398], [39.26441630000001, 9.324190899999998], [39.265053900000005, 9.311456], [39.2654237, 9.3040718], [39.26608339999999, 9.2908951], [39.266205799999994, 9.2884517], [39.274989399999995, 9.283276599999999], [39.284730499999995, 9.2775373], [39.2781951, 9.265900499999999], [39.271161, 9.2533759], [39.26616879999999, 9.244487], [39.265600899999995, 9.245064000000001], [39.2604244, 9.2503246], [39.257585299999995, 9.2561137], [39.249526599999996, 9.2687454], [39.247694599999996, 9.2716171], [39.24667829999999, 9.273209999999999], [39.2399965, 9.2836836], [39.2398218, 9.2839574], [39.2372756, 9.2879485], [39.237047700000005, 9.2883058], [39.2336622, 9.293612399999999], [39.218991599999995, 9.292686], [39.21673069999999, 9.292543300000002], [39.2136709, 9.292350100000002], [39.2111052, 9.2921881], [39.2076692, 9.2919711], [39.207188099999996, 9.2919407], [39.2034354, 9.2892812], [39.202215800000005, 9.288416999999999], [39.2001274, 9.286936899999999], [39.19802179999999, 9.2854447], [39.1909736, 9.280449699999998], [39.1891914, 9.2791867], [39.1874925, 9.277982699999997], [39.1868711, 9.277542299999999], [39.1777437, 9.2710739], [39.1940868, 9.2524129], [39.1972301, 9.251055099999999], [39.1991895, 9.250208599999999], [39.199743100000006, 9.249969499999999], [39.2025278, 9.245605], [39.20359, 9.243940199999997], [39.205201, 9.241415199999999], [39.207437999999996, 9.2379091], [39.208859999999994, 9.2356803], [39.212924, 9.2293107], [39.213682500000004, 9.2281218], [39.204304300000004, 9.2210728], [39.2041252, 9.220938100000001], [39.18858869999999, 9.209260099999998], [39.201613099999996, 9.1903236], [39.2146374, 9.173379200000001], [39.2336768, 9.1579249], [39.2396858, 9.1484563], [39.241943600000006, 9.1455022], [39.2495222, 9.135586], [39.2695401, 9.1417272], [39.294126299999995, 9.149269300000002], [39.314456, 9.148931599999997], [39.31936520000001, 9.1488498], [39.32316899999999, 9.148786499999998], [39.322039, 9.1455655], [39.3201646, 9.1402225], [39.328844, 9.1372061], [39.3350462, 9.1210231], [39.337288699999995, 9.114094300000001], [39.3401261, 9.1083046], [39.3429293, 9.0996432], [39.345766399999995, 9.0938535], [39.348602899999996, 9.088063199999999], [39.3485649, 9.0848098], [39.3485394, 9.082621], [39.3484689, 9.076579700000002], [39.3530174, 9.071953399999998], [39.3542091, 9.0707413], [39.3563908, 9.064000400000001], [39.3570123, 9.062080300000002], [39.347138099999995, 9.0641509], [39.347025599999995, 9.0641745], [39.3228535, 9.061167100000002], [39.3167871, 9.0604123], [39.3165779, 9.0603863], [39.315299499999995, 9.0602272], [39.306038699999995, 9.0567531], [39.296751300000004, 9.053268899999999], [39.2933513, 9.0317142], [39.292106499999996, 9.023822], [39.288188399999996, 8.9989784], [39.269635300000004, 8.9805613], [39.25859959999999, 8.9626361], [39.259384499999996, 8.9579778], [39.264625099999996, 8.9268741], [39.265381399999995, 8.9223851], [39.2626049, 8.9169334], [39.259082400000004, 8.910017100000001], [39.256225, 8.9066809], [39.2410151, 8.8889225], [39.2374912, 8.8620248], [39.2605233, 8.8505519], [39.2655265, 8.843076100000001], [39.2531859, 8.8393746], [39.248723399999996, 8.838036099999998], [39.24727209999999, 8.837600799999999], [39.243985599999995, 8.836615], [39.2439451, 8.8338465], [39.243910799999995, 8.8314989], [39.243854999999996, 8.8276813], [39.254487, 8.8131949], [39.258987700000006, 8.803727], [39.266492400000004, 8.7937587], [39.271993099999996, 8.783044499999997], [39.2729827, 8.7668539], [39.261952099999995, 8.746935900000002], [39.2661132, 8.7359536], [39.2661255, 8.7359213], [39.2695322, 8.7269302], [39.270429099999994, 8.724563000000002], [39.270448, 8.7245131], [39.270499699999995, 8.7244905], [39.2733506, 8.7232434], [39.27379020000001, 8.7230511], [39.2745734, 8.722708500000001], [39.28581489999999, 8.717791300000002], [39.2930559, 8.718188500000002], [39.29898259999999, 8.718513600000001], [39.3053068, 8.7217258], [39.3084424, 8.7258274], [39.3158534, 8.7355217], [39.3245421, 8.746886899999998], [39.3315468, 8.740903], [39.34204890000001, 8.7269454], [39.3610693, 8.720949899999997], [39.3740817, 8.7290236], [39.3771012, 8.7308971], [39.375983399999996, 8.740771300000002], [39.3746198, 8.752817900000002], [39.373632400000005, 8.766767000000002], [39.374646999999996, 8.779717699999999], [39.37816399999999, 8.7911715], [39.386184199999995, 8.7986354], [39.4054857, 8.8099609], [39.417751599999995, 8.814542], [39.4242488, 8.8030774], [39.4312448, 8.7901177], [39.4397313, 8.7676915], [39.449226599999996, 8.752237899999999], [39.4508456, 8.7514301], [39.4598795, 8.7469226], [39.470243499999995, 8.741751299999999], [39.4922527, 8.7252846], [39.5007502, 8.714812499999999], [39.5147555, 8.733112], [39.519253899999995, 8.7389891], [39.5337761, 8.757960599999997], [39.5517862, 8.768750599999999], [39.5569391, 8.7914462], [39.5619868, 8.8178396], [39.59150029999999, 8.7968727], [39.5990053, 8.792875700000002], [39.61702269999999, 8.786869], [39.6340687, 8.798795499999999], [39.650100099999996, 8.802753], [39.660740499999996, 8.811981099999997], [39.6621372, 8.813192499999998], [39.6791683, 8.8156525], [39.716727899999995, 8.8160806], [39.733277199999996, 8.8262401], [39.731332699999996, 8.844191300000002], [39.7368842, 8.8572095], [39.7384975, 8.8720606], [39.7480129, 8.910277899999999], [39.7482939, 8.9467426], [39.7471138, 8.971996299999999], [39.746676099999995, 8.9889186], [39.7465121, 9.009759899999999], [39.746161199999996, 9.015260699999999], [39.7411557, 9.023024699999999], [39.740242200000004, 9.039542599999999], [39.7436795, 9.0480016], [39.74616749999999, 9.055157200000002], [39.747495799999996, 9.063134899999998], [39.746532599999995, 9.068505399999998], [39.7424521, 9.0912578], [39.763918, 9.0951299], [39.7709476, 9.099099299999999], [39.777646499999996, 9.102882], [39.780248, 9.104351000000001], [39.7863542, 9.1084462], [39.787680099999996, 9.109211], [39.7889278, 9.109930799999999], [39.793804400000006, 9.1127437], [39.7971308, 9.1214667], [39.8019618, 9.1260514], [39.807734599999996, 9.1354451], [39.81742069999999, 9.1363142], [39.822735, 9.136710299999999], [39.8240684, 9.136809699999997], [39.8333085, 9.1374796], [39.8390785, 9.138379600000002], [39.849008500000004, 9.1381296], [39.8644886, 9.141079600000001], [39.8776587, 9.1447295], [39.8984188, 9.1389395], [39.9090188, 9.1317995], [39.910038799999995, 9.125249499999999], [39.9156087, 9.0973395], [39.918748699999995, 9.0684095], [39.9283987, 9.0541495], [39.9424587, 9.047689399999998], [39.9518687, 9.029989399999998], [39.9490487, 9.0134694], [39.9476286, 9.003599399999997], [39.9681687, 9.003559400000002], [39.999558900000004, 9.0071593], [40.021929, 9.002279300000001], [40.034819, 8.9944492], [40.047459, 8.9778892], [40.051099, 8.9613592], [40.043878899999996, 8.9423192], [40.0405888, 8.923049299999999], [40.03667610000001, 8.9067677], [40.03661879999999, 8.906529299999999], [40.0199816, 8.8898444], [40.0192687, 8.889129300000002], [40.010918600000004, 8.8707794], [40.0104085, 8.856089400000002], [40.0242186, 8.845049399999999], [40.037738, 8.841747], [40.0403486, 8.8411093], [40.0511887, 8.840629299999998], [40.0669537, 8.843969299999998], [40.0809688, 8.8513492], [40.089978900000006, 8.8586692], [40.094496899999996, 8.8621652], [40.0950993, 8.863013500000001], [40.0963645, 8.8647956], [40.09755529999999, 8.866472800000002], [40.105028999999995, 8.876999099999999], [40.1173226, 8.8918845], [40.1205391, 8.8957791], [40.1300555, 8.9065847], [40.133479, 8.9104721], [40.1409093, 8.918909], [40.14603499999999, 8.9248076], [40.15224939999999, 8.931958999999999], [40.15365589999999, 8.9344346], [40.1563747, 8.9392202], [40.157890599999995, 8.9418886], [40.161694399999995, 8.9485839], [40.1682702, 8.9613541], [40.1693504, 8.963451800000001], [40.1698895, 8.9644989], [40.1743995, 8.967018899999998], [40.1874596, 8.974318799999999], [40.1945562, 8.9768416], [40.20204469999999, 8.9795038], [40.2223298, 8.987748700000001], [40.2378099, 8.997338699999998], [40.24226, 9.013158699999998], [40.246030100000006, 9.0354086], [40.2442701, 9.055598599999998], [40.2455002, 9.0748686], [40.2543102, 9.0860786], [40.271440299999995, 9.101398499999998], [40.30061059999999, 9.1281384], [40.327020700000006, 9.154658300000001], [40.34954090000001, 9.1871482], [40.3695311, 9.2182681], [40.391905400000006, 9.254451699999999], [40.392311299999996, 9.255108000000002], [40.40812150000001, 9.281187999999998], [40.423703599999996, 9.301572799999999], [40.425771600000004, 9.304277899999999], [40.427552899999995, 9.306167199999999], [40.427688700000004, 9.306311299999999], [40.4396425, 9.3189902], [40.4496718, 9.329627799999999], [40.4710219, 9.354757699999999], [40.47109119999999, 9.3548083], [40.4988221, 9.375047599999998], [40.52841229999999, 9.3854575], [40.5662625, 9.3877974], [40.6059627, 9.3910473], [40.6359728, 9.3959472], [40.659552899999994, 9.404307099999999], [40.675543, 9.4175171], [40.6838231, 9.430747], [40.688893199999995, 9.438357], [40.69356079999999, 9.444382899999999], [40.6961389, 9.4460651], [40.69773179999999, 9.4471045], [40.698563199999995, 9.447647], [40.7070933, 9.4462269], [40.7195333, 9.4438769], [40.7342531, 9.4443785], [40.7486034, 9.4448668], [40.78322359999999, 9.4478867], [40.815763800000006, 9.4527366], [40.842363899999995, 9.4635865], [40.862184, 9.463016500000002], [40.889994099999996, 9.448646399999998], [40.9175241, 9.4218364], [40.9268591, 9.4062312], [40.927514099999996, 9.405136299999999], [40.913854, 9.3971964], [40.891213900000004, 9.3895365], [40.858223699999996, 9.3853666], [40.843133699999996, 9.3892366], [40.82806359999999, 9.393096600000002], [40.7976435, 9.3955567], [40.79205599999999, 9.390070699999997], [40.7888234, 9.386896799999999], [40.7926234, 9.3673968], [40.800323399999996, 9.3451268], [40.808513399999995, 9.3267568], [40.812563299999994, 9.310926799999999], [40.82475339999999, 9.3053568], [40.84410340000001, 9.304796699999999], [40.87410359999999, 9.309446599999998], [40.902963699999994, 9.3182165], [40.9269739, 9.3231264], [40.953554000000004, 9.3355763], [40.959809400000005, 9.341383200000001], [40.96310809999999, 9.344445799999999], [40.970714099999995, 9.351506299999999], [40.9763427, 9.351964799999998], [40.9773858, 9.352077999999999], [40.9960842, 9.354106200000002], [41.000577799999995, 9.3548805], [41.0140743, 9.357206099999999], [41.03008440000001, 9.3724561], [41.0564846, 9.391066], [41.0835448, 9.404415900000002], [41.114714899999996, 9.414055799999998], [41.1454451, 9.4246257], [41.1600529, 9.4344267], [41.1704553, 9.441405600000001], [41.1814272, 9.4508188], [41.1918435, 9.459754499999999], [41.1948054, 9.462295500000002], [41.19522889999999, 9.4627677], [41.211569999999995, 9.480993200000002], [41.2149656, 9.4860954], [41.2198856, 9.4907154], [41.2305857, 9.495680300000002], [41.239315700000006, 9.4987953], [41.25225079999999, 9.5003802], [41.25826, 9.5002383], [41.260505800000004, 9.500185199999999], [41.2629809, 9.499897299999999], [41.267441700000006, 9.499378499999999], [41.267555900000005, 9.4993652], [41.2796759, 9.5015351], [41.308696, 9.503075100000002], [41.3364961, 9.494635], [41.3369574, 9.494542700000002], [41.3590362, 9.4901249], [41.385363999999996, 9.486746199999999], [41.3930863, 9.485754799999999], [41.432616499999995, 9.475854700000001], [41.458876599999996, 9.466874599999997], [41.46326510000001, 9.4653835], [41.4790366, 9.4600246], [41.4909667, 9.4574245], [41.5003213, 9.465223], [41.506656799999995, 9.470504499999999], [41.5220669, 9.4853244], [41.540606999999994, 9.4995843], [41.564157099999996, 9.5069442], [41.597727299999995, 9.5114141], [41.620837, 9.5126748], [41.63273739999999, 9.513323999999997], [41.634416200000004, 9.5136339], [41.64259750000001, 9.515144], [41.65415739999999, 9.481233999999999], [41.6689365, 9.4714672], [41.670197400000006, 9.470634], [41.70065040000001, 9.4668557], [41.702277599999995, 9.466653899999999], [41.703421899999995, 9.466705099999999], [41.7219476, 9.4675338], [41.7239651, 9.4681628], [41.7307229, 9.470269499999999], [41.7346177, 9.4714838], [41.7545278, 9.4845737], [41.7729979, 9.491053599999999], [41.792548, 9.4895135], [41.812932499999995, 9.4780208], [41.815198099999996, 9.4767435], [41.8162186, 9.4767943], [41.838678099999996, 9.4779134], [41.8597083, 9.4880133], [41.8824183, 9.4811833], [41.8917875, 9.4785442], [41.899876899999995, 9.476265399999999], [41.9082984, 9.4738932], [41.9088292, 9.473743799999998], [41.9133784, 9.472463199999998], [41.9387486, 9.479543099999999], [41.9505677, 9.4867291], [41.9529942, 9.488204399999999], [41.953381, 9.4884396], [41.95448869999999, 9.489113000000001], [41.982523799999996, 9.5084929], [41.9900089, 9.5066229], [41.99535890000001, 9.506462899999999], [42.0023289, 9.5077128], [42.019099000000004, 9.508172799999997], [42.030701799999996, 9.5047066], [42.031718999999995, 9.5044027], [42.043909, 9.498312700000001], [42.0493258, 9.4941268], [42.0521391, 9.491952699999999], [42.057819099999996, 9.4850827], [42.0676141, 9.474807699999998], [42.0747711, 9.473716600000001], [42.0810592, 9.488162599999997], [42.0962593, 9.5013125], [42.1096793, 9.5079625], [42.1218694, 9.5192224], [42.13889950000001, 9.5346923], [42.152599699999996, 9.5563723], [42.146129699999996, 9.5706323], [42.140068799999995, 9.5762833], [42.1361868, 9.5799029], [42.13530300000001, 9.5807269], [42.1334097, 9.5824923], [42.1300497, 9.592102299999999], [42.1278497, 9.5983723], [42.124859799999996, 9.614522299999999], [42.142249799999995, 9.6202922], [42.142689399999995, 9.6205556], [42.1551927, 9.628047399999998], [42.1571371, 9.629212400000002], [42.1595899, 9.630682100000001], [42.1793859, 9.6436888], [42.1803801, 9.644342], [42.200530199999996, 9.6531419], [42.2205203, 9.656161899999999], [42.240770399999995, 9.6566418], [42.2586354, 9.6515817], [42.262650400000005, 9.656901699999999], [42.2718505, 9.666951700000002], [42.285940599999996, 9.6761416], [42.3027607, 9.691131500000001], [42.3112808, 9.6990915], [42.318140799999995, 9.7056614], [42.32834089999999, 9.713381400000001], [42.3341309, 9.7159914], [42.3397728, 9.7196176], [42.346191, 9.7213613], [42.355761, 9.717861299999997], [42.3632196, 9.716420000000001], [42.3765722, 9.7138396], [42.392640799999995, 9.715222500000001], [42.39531050000001, 9.715452299999999], [42.4007691, 9.7161566], [42.4242572, 9.7191872], [42.4485351, 9.721988399999999], [42.4746805, 9.7210546], [42.4989584, 9.7210545], [42.529772699999995, 9.727590700000002], [42.5680571, 9.7369282], [42.59513640000001, 9.7481332], [42.6184806, 9.7584045], [42.6474273, 9.775212], [42.663794599999996, 9.7765491], [42.68104290000001, 9.7742782], [42.6941156, 9.768675499999999], [42.7034532, 9.7584042], [42.7133802, 9.741257599999999], [42.7137246, 9.7406627], [42.72707039999999, 9.7250926], [42.7305323, 9.721053699999999], [42.740058499999996, 9.7160637], [42.750141299999996, 9.7107822], [42.7724657, 9.701420599999997], [42.779088, 9.698643200000001], [42.7902932, 9.6930406], [42.8229749, 9.674365300000002], [42.85378910000001, 9.6622263], [42.897676, 9.6500873], [42.9079474, 9.6500873], [42.9172851, 9.657557299999999], [42.925689, 9.672497400000001], [42.935026699999995, 9.6799675], [42.9509007, 9.672497299999998], [42.9639734, 9.6556896], [42.9779797, 9.628610499999999], [42.979847199999995, 9.607134000000002], [42.968641999999996, 9.5921939], [42.943430299999996, 9.5875252], [42.9384416, 9.583486399999998], [42.93019429999999, 9.574789599999999], [42.929003900000005, 9.5735342], [42.9210198, 9.565115], [42.9088809, 9.5632476], [42.8920731, 9.5744527], [42.8799342, 9.584724099999999], [42.8640602, 9.586591699999998], [42.840716099999995, 9.5828568], [42.8136368, 9.572585499999997], [42.8014978, 9.549241499999997], [42.787491200000005, 9.523096299999999], [42.776286, 9.511891199999999], [42.74733929999999, 9.50162], [42.73644749999999, 9.4952665], [42.7361341, 9.4950837], [42.7292379, 9.483877600000001], [42.7286639, 9.4829448], [42.71962219999999, 9.47752], [42.7146574, 9.474541000000002], [42.7006509, 9.4717398], [42.6819756, 9.469872299999999], [42.666101499999996, 9.4586673], [42.655830099999996, 9.455866], [42.6408898, 9.4474622], [42.6175456, 9.426919600000002], [42.60353909999999, 9.4166483], [42.58486380000001, 9.409178299999999], [42.5671222, 9.396105699999998], [42.5521819, 9.3820993], [42.54772, 9.3793372], [42.53913959999999, 9.3740256], [42.537453299999996, 9.3729818], [42.5435192, 9.361070600000001], [42.5454331, 9.3573126], [42.5515805, 9.345241300000001], [42.5548182, 9.3286123], [42.556290399999995, 9.321051299999999], [42.54695029999999, 9.305231299999999], [42.5513603, 9.2865714], [42.5610803, 9.2703013], [42.5709903, 9.258181299999999], [42.57961019999999, 9.237501299999998], [42.58359019999999, 9.2153814], [42.595480099999996, 9.193591399999999], [42.6143001, 9.1739613], [42.6247701, 9.166031299999998], [42.6347002, 9.158521300000002], [42.6351101, 9.1439713], [42.629072199999996, 9.1361254], [42.6274612, 9.134032], [42.62596, 9.132081399999997], [42.619029999999995, 9.1264314], [42.6156788, 9.123649300000002], [42.609429899999995, 9.1184614], [42.6025618, 9.110092999999999], [42.602075, 9.1094999], [42.59934560000001, 9.1061743], [42.6192999, 9.0892815], [42.644349899999995, 9.0729814], [42.646813900000005, 9.0696823], [42.6622899, 9.0489614], [42.6724842, 9.0312248], [42.67406270000001, 9.0284785], [42.680129799999996, 9.015021399999998], [42.7030698, 8.9809114], [42.730639800000006, 8.948021299999999], [42.7611798, 8.917711299999999], [42.783999800000004, 8.8928412], [42.8012137, 8.874284999999999], [42.8051598, 8.870031200000001], [42.82338099999999, 8.8587057], [42.828069799999994, 8.855791099999998], [42.84954990000001, 8.8442911], [42.85977990000001, 8.831861100000001], [42.8653299, 8.825111099999999], [42.865342299999995, 8.8164555], [42.8653598, 8.8043511], [42.859902399999996, 8.790925600000001], [42.8575437, 8.785123200000001], [42.8439196, 8.757921200000002], [42.837129499999996, 8.7278313], [42.8319893, 8.695231399999999], [42.8384192, 8.6643914], [42.85987919999999, 8.636301399999999], [42.861320299999996, 8.635080799999999], [42.8618301, 8.634649], [42.8840292, 8.6158463], [42.8987893, 8.602671299999999], [42.90531920000001, 8.5822213], [42.907609099999995, 8.5490314], [42.9116759, 8.526023], [42.912369000000005, 8.522101400000002], [42.910829, 8.498781399999999], [42.9020369, 8.472641399999999], [42.901050399999995, 8.469708299999999], [42.8970288, 8.457751499999999], [42.8985787, 8.4291716], [42.8987675, 8.415134400000001], [42.89883460000001, 8.4101427], [42.8988486, 8.409101600000001], [42.88440860000001, 8.398511699999998], [42.8721075, 8.395323099999999], [42.858098399999996, 8.3916918], [42.83091829999999, 8.381151899999999], [42.8004076, 8.370823399999999], [42.79818819999999, 8.370072], [42.779378099999995, 8.373262], [42.768167999999996, 8.3631721], [42.7539479, 8.337122200000001], [42.7511088, 8.3307513], [42.7475329, 8.3227272], [42.7348777, 8.294372300000001], [42.719147500000005, 8.2456624], [42.711157400000005, 8.2067625], [42.701597299999996, 8.1796125], [42.6793617, 8.148504299999999], [42.6785171, 8.1473227], [42.661356999999995, 8.130282700000002], [42.6585687, 8.1301118], [42.6514069, 8.1296728], [42.630626899999996, 8.140432800000001], [42.6159769, 8.1596028], [42.6047804, 8.179798800000002], [42.5947769, 8.1978428], [42.578097, 8.2285328], [42.56702699999999, 8.2556128], [42.5654827, 8.263604800000001], [42.5599971, 8.2919928], [42.556641500000005, 8.3117852], [42.5500773, 8.3505028], [42.5387274, 8.397222699999999], [42.534510499999996, 8.4290039], [42.53236659999999, 8.4406788], [42.5297675, 8.454832699999999], [42.5201375, 8.4787127], [42.502557499999995, 8.492082700000001], [42.447554499999995, 8.5057754], [42.421147399999995, 8.5123492], [42.416554, 8.5134928], [42.40605339999999, 8.5161068], [42.340095999999996, 8.5325265], [42.3364729, 8.5334284], [42.335502600000005, 8.533669999999999], [42.3313842, 8.534695200000002], [42.323037, 8.5367732], [42.307147, 8.5596432], [42.29468709999999, 8.586043199999999], [42.278064, 8.6105769], [42.2768295, 8.612398899999997], [42.27499710000001, 8.6151033], [42.263077100000004, 8.6359533], [42.23966699999999, 8.639883300000001], [42.232676999999995, 8.635033400000001], [42.2293771, 8.630424], [42.2196405, 8.616823700000001], [42.2156169, 8.611203399999999], [42.1983465, 8.5976922], [42.1917471, 8.592529299999997], [42.1905293, 8.5915766], [42.184009499999995, 8.586475799999999], [42.183756900000006, 8.5862783], [42.1759116, 8.5801406], [42.0993632, 8.520254000000001], [42.097746099999995, 8.5189889], [42.06972599999999, 8.493974], [42.0594064, 8.4770861], [42.0519616, 8.464902600000002], [42.041305699999995, 8.4474642], [42.02600559999999, 8.425834199999999], [42.0270538, 8.323024799999999], [42.008790100000006, 8.2947496], [41.9626048, 8.223604600000002], [41.948404599999996, 8.2008947], [41.9374744, 8.1435748], [41.929814300000004, 8.1013949], [41.926344199999996, 8.080564899999999], [41.92544409999999, 8.039745], [41.923248799999996, 7.998491499999999], [41.923120499999996, 7.996080900000003], [41.923043299999996, 7.9946299], [41.922163899999994, 7.978104999999998], [41.918883799999996, 7.9359251], [41.9184257, 7.9298924], [41.91713370000001, 7.912875100000001], [41.9151636, 7.883345099999999], [41.913023499999994, 7.8538152], [41.912403499999996, 7.844395199999998], [41.9571435, 7.7747851], [41.942493299999995, 7.7274652], [41.93893619999999, 7.719152599999999], [41.9294632, 7.6970153], [41.9048029, 7.6359254], [41.8883528, 7.5911254999999995], [41.878072599999996, 7.562615499999999], [41.8677925, 7.538175600000001], [41.8671025, 7.532775599999998], [41.867461000000006, 7.531233200000003], [41.8674682, 7.531202200000001], [41.8700894, 7.519924199999998], [41.8727525, 7.508465600000001], [41.882732399999995, 7.4654856], [41.8936023, 7.4186856], [41.8961223, 7.411205600000001], [41.9652325, 7.384115400000001], [42.0707427, 7.3427552], [42.100567999999996, 7.3306837], [42.11126279999999, 7.326355100000001], [42.1228586, 7.321669000000001], [42.1335829, 7.317335099999998], [42.145992899999996, 7.313235000000001], [42.155502999999996, 7.308725], [42.174933, 7.300115000000001], [42.1869774, 7.295793400000002], [42.199110100000006, 7.291440200000001], [42.209853, 7.264004900000001], [42.209845099999995, 7.2348597], [42.2098429, 7.2269049], [42.2083829, 7.217605], [42.2063265, 7.2080157], [42.2034568, 7.1946330000000005], [42.2039636, 7.176057300000001], [42.2041123, 7.1706059999999985], [42.204422699999995, 7.159224999999998], [42.2047027, 7.141034999999999], [42.199257300000006, 7.1273328], [42.19699850000001, 7.121648899999999], [42.1869625, 7.0963951], [42.1782792, 7.083061100000001], [42.176796, 7.080783499999999], [42.167696600000006, 7.0668106], [42.1576123, 7.051325199999998], [42.1577844, 7.0498123999999995], [42.1608101, 7.0232186], [42.1626422, 7.007115199999999], [42.161018899999995, 7.0042599999999995], [42.147582099999994, 6.9806253], [42.140465, 6.9681798], [42.139942, 6.967265300000001], [42.136088199999996, 6.958531], [42.13473140000001, 6.955455799999999], [42.134161999999996, 6.954165299999999], [42.124604399999996, 6.946022199999999], [42.1085583, 6.9323510000000015], [42.1060518, 6.9302154], [42.098731799999996, 6.915735499999999], [42.09313480000001, 6.908521599999999], [42.092137099999995, 6.9072358], [42.0762316, 6.8867354999999995], [42.075521599999995, 6.8639855], [42.0669215, 6.8410855999999995], [42.062880799999995, 6.8259231], [42.0596327, 6.7918294999999995], [42.059545, 6.790908999999999], [42.055531200000004, 6.7487556999999985], [42.025490999999995, 6.7064157999999985], [42.014640899999996, 6.6804458], [42.0134609, 6.658605799999999], [42.0101713, 6.654691999999999], [41.9991808, 6.641615900000001], [42.0003808, 6.6286459], [42.0064807, 6.614385899999999], [42.004040700000004, 6.5976259], [42.001062399999995, 6.5924768], [41.9995407, 6.5898458999999985], [41.987920599999995, 6.5823959], [41.964700500000006, 6.570276], [41.9364104, 6.553176], [41.913680299999996, 6.5440160999999994], [41.90845029999999, 6.542256099999998], [41.896974799999995, 6.538382400000001], [41.894998699999995, 6.5377154], [41.8879802, 6.535346199999999], [41.8607301, 6.5353411999999995], [41.853665899999996, 6.5689091], [41.81966, 6.570476299999998], [41.798769899999996, 6.5574663], [41.7578797, 6.540536399999999], [41.7389296, 6.5199064999999985], [41.731962100000004, 6.506248], [41.71819179999999, 6.4792504], [41.704499399999996, 6.452406599999999], [41.692851999999995, 6.4335097], [41.691052, 6.4305892], [41.690329299999995, 6.4294166], [41.6841692, 6.4241367], [41.667748399999994, 6.4153758], [41.6662446, 6.4145734999999995], [41.6561291, 6.4091767], [41.65086780000001, 6.405067900000001], [41.633348999999995, 6.391386799999999], [41.619748699999995, 6.361846700000001], [41.61968890000001, 6.361716799999998], [41.6193643, 6.362082300000001], [41.571888799999996, 6.415536899999999], [41.54753089999999, 6.442959], [41.528008799999995, 6.464937], [41.519907800000006, 6.472032799999999], [41.4960284, 6.492949200000001], [41.4885071, 6.4995373], [41.4762687, 6.5102571000000005], [41.469340100000004, 6.5163268], [41.4377887, 6.543967200000001], [41.3800385, 6.565527299999999], [41.358388399999995, 6.565527299999999], [41.31853830000001, 6.5831574], [41.283048199999996, 6.5988575], [41.2284681, 6.623007599999999], [41.180220399999996, 6.6550183], [41.174327999999996, 6.6589277], [41.156287899999995, 6.6768877], [41.1310279, 6.691257799999999], [41.082549400000005, 6.693782499999999], [41.08229169999999, 6.6928773999999995], [41.0809589, 6.6930017], [41.08077629999999, 6.6930188], [41.080343899999995, 6.6930432999999985], [41.0773905, 6.693207200000001], [41.0761752, 6.6934729], [41.075578199999995, 6.6941456], [41.0720777, 6.694327899999999], [41.07120769999999, 6.687897899999999], [41.0155374, 6.644558], [40.989967199999995, 6.6042381], [40.9722371, 6.5870780999999985], [40.9361469, 6.551158200000001], [40.9000567, 6.5116382999999995], [40.8856165, 6.4721183], [40.8603564, 6.436198399999999], [40.8587163, 6.413352100000001], [40.856746199999996, 6.3859084], [40.8610062, 6.3611084], [40.8644362, 6.352278399999999], [40.8639624, 6.351030100000001], [40.8619462, 6.345718399999999], [40.8645061, 6.320258399999999], [40.872996099999995, 6.290858399999999], [40.8796961, 6.266508399999999], [40.881620999999996, 6.2443433], [40.88002600000001, 6.2172284], [40.877975899999996, 6.187668399999999], [40.873500899999996, 6.1698784], [40.8678758, 6.151288399999999], [40.86642899999999, 6.133653399999999], [40.8664357, 6.1137684], [40.8695157, 6.0944984], [40.866675699999995, 6.076638399999999], [40.87118559999999, 6.055768400000001], [40.8784055, 5.9875183], [40.8783738, 5.9859434], [40.87753539999999, 5.944348300000001], [40.876455299999996, 5.8904882999999995], [40.875735299999995, 5.854648300000001], [40.8747952, 5.8078983], [40.886302, 5.778444599999999], [40.887526199999996, 5.775310999999999], [40.893097, 5.761051699999999], [40.9012752, 5.7401183], [40.921324199999994, 5.6859992], [40.9222951, 5.6833782], [40.8650049, 5.669018299999999], [40.8374181, 5.6579837], [40.83220480000001, 5.6558984], [40.8114847, 5.6349084], [40.7834445, 5.6146484], [40.7609699, 5.5997562], [40.7528844, 5.594398499999999], [40.7162976, 5.5773715], [40.7057048, 5.5724418], [40.6959266, 5.567891099999999], [40.6943741, 5.5671686000000005], [40.681469199999995, 5.5440201], [40.679584, 5.5406385999999985], [40.641531, 5.531994399999999], [40.633634799999996, 5.530200599999999], [40.6330538, 5.5300687], [40.615963699999995, 5.506898699999999], [40.61445359999999, 5.504527899999999], [40.6072257, 5.4931806], [40.6072193, 5.4931705], [40.6053837, 5.4902887], [40.594051500000006, 5.4836123], [40.5815415, 5.4762420999999994], [40.5810436, 5.4759487], [40.5635035, 5.4539088], [40.5493928, 5.4284183], [40.54898339999999, 5.4276788], [40.5480379, 5.426678100000001], [40.5328933, 5.4106488], [40.5011656, 5.405726200000001], [40.46132659999999, 5.399542299999999], [40.455892999999996, 5.398698899999999], [40.4093131, 5.392072499999999], [40.4092361, 5.3920615], [40.3864483, 5.3888197], [40.383784399999996, 5.3884408], [40.3695026, 5.386409], [40.358096, 5.384460700000001], [40.329301699999995, 5.3795424], [40.3140276, 5.3769335], [40.3103724, 5.3763091], [40.2766723, 5.3681692], [40.2443753, 5.366296300000001], [40.240632100000006, 5.3660792], [40.22785770000001, 5.3619122], [40.2247104, 5.360885499999999], [40.208352000000005, 5.355549299999999], [40.1985434, 5.3549218], [40.1981536, 5.3545222], [40.1951353, 5.354703799999999], [40.17443189999999, 5.353379299999999], [40.1345917, 5.357869399999999], [40.109304, 5.3627075], [40.097951599999995, 5.3648795], [40.0634015, 5.3785495], [40.0336814, 5.3967896], [39.99265889999999, 5.3466059], [39.9889724, 5.3420961], [39.9798128, 5.330891], [39.942290899999996, 5.2849897], [39.916527099999996, 5.236849500000001], [39.9073007, 5.2196096999999995], [39.888628000000004, 5.1683797], [39.8784004, 5.140319600000001], [39.858716, 5.093074700000001], [39.84561279999999, 5.0616255], [39.8394566, 5.046849799999999], [39.833590099999995, 5.0327696], [39.81286000000001, 5.0020696000000004], [39.804449899999994, 4.9514796], [39.7839897, 4.8905896], [39.7714141, 4.861517], [39.765069600000004, 4.8468496], [39.758509499999995, 4.8010695], [39.756108399999995, 4.7886078], [39.75600109999999, 4.7880511], [39.7528026, 4.7714511], [39.746787999999995, 4.7402356999999995], [39.7452542, 4.732275699999999], [39.743559399999995, 4.723479500000001], [39.7441246, 4.709734300000001], [39.7443478, 4.704307099999999], [39.7458993, 4.6665794], [39.7397093, 4.654729400000001], [39.735543400000005, 4.648537900000001], [39.7251292, 4.633059399999999], [39.7170091, 4.615679399999999], [39.7098291, 4.5973694], [39.703269, 4.5681693999999995], [39.6901489, 4.5432894], [39.6746488, 4.5051893000000005], [39.655588699999996, 4.468889299999999], [39.64205859999999, 4.435939299999999], [39.640575999999996, 4.431291299999999], [39.6314585, 4.402709300000001], [39.61881839999999, 4.3684692], [39.6032083, 4.3337692], [39.5857782, 4.2965392], [39.5750447, 4.2783077], [39.566968100000004, 4.2645892], [39.5633188, 4.2606536], [39.539688000000005, 4.2351692], [39.5287879, 4.1667391], [39.5274419, 4.1631627], [39.516671699999996, 4.1345445], [39.5090977, 4.114419100000001], [39.4782775, 4.040328999999999], [39.4996775, 3.9657289], [39.496375, 3.961072499999999], [39.4828475, 3.9419988], [39.458120799999996, 3.8988934000000004], [39.4356983, 3.859804600000001], [39.4318172, 3.8530387999999993], [39.4237544, 3.8386711], [39.399617, 3.7956586999999993], [39.369237, 3.7500378], [39.3530996, 3.725801999999999], [39.3496679, 3.7206484000000004], [39.3454178, 3.7142659999999994], [39.2907705, 3.6322014], [39.2846964, 3.6230786], [39.2204961, 3.6024785999999995], [39.097917699999996, 3.5366901000000004], [39.091118, 3.531104], [39.090587, 3.5313807999999995], [39.08472, 3.53444], [39.04611, 3.5288899999999996], [39.0457603, 3.5288499], [39.03875319999999, 3.5280472], [39.0333447, 3.527427499999999], [39.02177179999999, 3.5261017000000003], [39.0096998, 3.5247186000000004], [38.9607097, 3.5191059999999994], [38.956379999999996, 3.5186100000000002], [38.91361, 3.51389], [38.9074245, 3.5156476000000003], [38.809999999999995, 3.54333], [38.7750943, 3.5536813000000005], [38.7616726, 3.5576615], [38.7563022, 3.5592539999999997], [38.7477531, 3.5617893], [38.72944, 3.56722], [38.621939999999995, 3.60167], [38.5933582, 3.6085487], [38.5802281, 3.6117087], [38.51694, 3.6269399999999994], [38.448049999999995, 3.5994399999999995], [38.436575999999995, 3.6003132000000004], [38.33230789999999, 3.608248599999999], [38.323879999999996, 3.6088899999999993], [38.322349700000004, 3.6089109999999995], [38.298038399999996, 3.6092443000000003], [38.297984899999996, 3.609245], [38.2809262, 3.6094789000000005], [38.12111, 3.61167], [38.05611, 3.6519399999999997], [38.0400771, 3.6848038000000005], [38.033609999999996, 3.6980599999999995], [38.026023599999995, 3.7045776000000004], [37.99805, 3.72861], [37.989384199999996, 3.734236200000001], [37.943628499999996, 3.7639426999999994], [37.648260199999996, 3.9557076999999996], [37.5509533, 4.0188833], [37.546837000000004, 4.0215556999999995], [37.54370410000001, 4.023589699999999], [37.523238299999996, 4.036877], [37.509203299999996, 4.045988999999999], [37.28055, 4.19444], [37.130269999999996, 4.286390000000001], [37.12225879999999, 4.2980502], [37.099160000000005, 4.33167], [37.0951415, 4.3346366000000005], [37.084465099999996, 4.3425181], [37.0472354, 4.3700019], [37.039719999999996, 4.3755500000000005], [37.0369453, 4.3766305], [36.951481699999995, 4.4099104], [36.94853080000001, 4.411059499999999], [36.887769999999996, 4.43472], [36.8865027, 4.4347137], [36.714254, 4.4338505], [36.712582000000005, 4.4392483], [36.7024625, 4.4662456], [36.6914938, 4.4955082], [36.678045299999994, 4.529114300000001], [36.6575323, 4.5803737], [36.680841199999996, 4.6043006], [36.64640910000001, 4.7107571], [36.82652319999999, 4.7091918], [36.82848, 4.7091747999999995], [36.82875070000001, 4.709452], [36.8547395, 4.736059600000001], [36.863475699999995, 4.793039399999999], [36.8608495, 4.9350651], [36.8647986, 4.944198399999999], [36.860709, 4.9787672999999995], [36.8675332, 5.007016], [36.8706093, 5.0243721], [36.871440199999995, 5.029060399999999], [36.882185799999995, 5.0749837], [36.892970999999996, 5.109787699999999], [36.9212279, 5.1451306], [36.9489667, 5.1946864999999995], [36.9587145, 5.1940371], [36.9633984, 5.193725], [36.966481, 5.1935196], [36.968608599999996, 5.1933777999999995], [36.9831, 5.1924123], [36.9925709, 5.1958911], [37.002648400000005, 5.1988859], [37.0033111, 5.1990829], [37.022551799999995, 5.1964732], [37.05222129999999, 5.1917728], [37.0821208, 5.186382300000001], [37.1122303, 5.1862723], [37.1453097, 5.188942600000001], [37.173973800000006, 5.1928518], [37.17908089999999, 5.193548300000001], [37.1818291, 5.193923], [37.1819773, 5.194081499999999], [37.1834317, 5.195636699999999], [37.1971588, 5.210314499999999], [37.2169084, 5.212684799999999], [37.2381081, 5.1994335], [37.2498371, 5.198296099999999], [37.2631677, 5.1970033], [37.29235709999999, 5.1943630999999995], [37.3172467, 5.173531199999999], [37.3407363, 5.159599899999999], [37.3671759, 5.155099499999999], [37.41721499999999, 5.1665506], [37.423643, 5.1701036], [37.4249329, 5.1708166], [37.4283893, 5.172727], [37.431845599999995, 5.1746374], [37.4326505, 5.1750824], [37.4415146, 5.1799818], [37.44695949999999, 5.182965899999999], [37.4485144, 5.1838181], [37.4655841, 5.193173], [37.4912737, 5.2029138999999995], [37.517863199999994, 5.2204755], [37.5352447, 5.2274569], [37.5513526, 5.2339267], [37.5778536, 5.242388900000001], [37.5783718, 5.2437754], [37.579830199999996, 5.247677400000001], [37.5974417, 5.254211], [37.6002118, 5.2552387000000005], [37.6202675, 5.262555699999999], [37.6297348, 5.2660097], [37.6372864, 5.283167], [37.64547819999999, 5.2971859], [37.646706, 5.299287299999999], [37.6550108, 5.301812899999999], [37.66225790000001, 5.3040114], [37.664552, 5.304707400000001], [37.6742305, 5.307643500000001], [37.7008801, 5.3058833], [37.728939600000004, 5.292182099999999], [37.74226709999999, 5.280773], [37.7437368, 5.279514799999999], [37.7446464, 5.2787361], [37.746003699999996, 5.277574200000001], [37.7471293, 5.2766107], [37.7498442, 5.2773227], [37.7542816, 5.2784866], [37.75825619999999, 5.279529099999999], [37.7619809, 5.280505999999999], [37.7728288, 5.2833513], [37.7926085, 5.2742204], [37.8100782, 5.268299900000001], [37.8271279, 5.249738199999999], [37.83949, 5.2424306], [37.8526574, 5.2346468999999995], [37.8831948, 5.2343297], [37.885085499999995, 5.23431], [37.8867622, 5.2354337], [37.900819299999995, 5.2448540999999995], [37.90205960000001, 5.2542974], [37.9024346, 5.259385700000001], [37.9043846, 5.2793767], [37.904774599999996, 5.3039578], [37.9010347, 5.326918900000001], [37.896374699999996, 5.3498799], [37.9005192, 5.369899399999999], [37.9012124, 5.3732478], [37.9192739, 5.395977300000001], [37.9352245, 5.4230333], [37.940214499999996, 5.449924499999999], [37.94681449999999, 5.4742856], [37.949254499999995, 5.507597100000001], [37.9478145, 5.5376885], [37.941534499999996, 5.568449900000001], [37.941128299999995, 5.585105299999999], [37.9371046, 5.597391299999999], [37.9301746, 5.616672099999999], [37.94352, 5.6394642], [37.9637355, 5.645694199999999], [37.977465200000005, 5.649404500000001], [37.9996437, 5.6499491], [38.0080147, 5.6501546], [38.024074399999996, 5.6600655], [38.0408141, 5.6736467], [38.0555039, 5.680337300000001], [38.0751638, 5.6889404], [38.0804637, 5.7010359], [38.0870837, 5.721256799999999], [38.0884381, 5.7395800999999995], [38.0888837, 5.745608], [38.0720778, 5.762558999999999], [38.0641544, 5.7632617999999995], [38.054153899999996, 5.7641488], [38.039214, 5.772389199999999], [38.0345575, 5.7766391], [38.0198742, 5.7900399999999985], [38.0122742, 5.8042707], [38.0090143, 5.8265417], [38.0071343, 5.8492728], [38.002545399999995, 5.8567602999999995], [37.99630440000001, 5.8669436], [37.9909405, 5.8750422], [37.9893222, 5.8774855], [37.984105899999996, 5.8853613], [37.9835633, 5.886180499999999], [37.9824745, 5.8878245], [37.982242, 5.889143700000001], [37.9789945, 5.9075754], [37.9775845, 5.927776400000002], [37.9685746, 5.956017699999999], [37.952694699999995, 5.963348000000001], [37.944654799999995, 5.962987999999999], [37.9364818, 5.961898499999999], [37.922824899999995, 5.960077899999999], [37.903974999999996, 5.9605079], [37.8949851, 5.974498599999999], [37.894773199999996, 5.974652600000001], [37.8825061, 5.98357], [37.880485199999995, 5.9850389999999996], [37.8655353, 5.986629100000001], [37.8567681, 5.998703], [37.8565453, 5.9990097], [37.8429654, 6.0109402], [37.82709549999999, 6.0099902], [37.8133256, 5.997789699999999], [37.8037361, 5.9931788], [37.7914858, 5.9959096], [37.78317579999999, 6.010600300000001], [37.7863658, 6.028751100000002], [37.78977580000001, 6.049442000000001], [37.7851358, 6.072633100000001], [37.77772590000001, 6.0981243], [37.775736800000004, 6.1135755], [37.774770499999995, 6.1231188], [37.7746959, 6.123855400000001], [37.778095900000004, 6.1495966], [37.7905333, 6.172462200000001], [37.809798, 6.196094], [37.8233602, 6.2172836], [37.8246179, 6.2192487], [37.82556699999999, 6.2207316], [37.840265599999995, 6.2482511], [37.84804559999999, 6.2788224999999995], [37.8514191, 6.299468], [37.852155599999996, 6.304783600000001], [37.8502856, 6.3268447], [37.8482056, 6.3316649], [37.8454156, 6.351875799999998], [37.840085699999996, 6.378746999999999], [37.819595799999995, 6.3934277], [37.80783589999999, 6.4101785], [37.797456, 6.429239399999998], [37.796286, 6.449460300000001], [37.799926, 6.478181599999999], [37.8077749, 6.5006553], [37.8121283, 6.506985500000001], [37.8125682, 6.5067658999999995], [37.8130528, 6.508329799999999], [37.8145948, 6.5105718999999995], [37.823397699999994, 6.520533299999999], [37.8424774, 6.541685200000001], [37.8437365, 6.5433806], [37.854427199999996, 6.5577765999999995], [37.871482799999995, 6.582228499999999], [37.892776, 6.5960705], [37.89898170000001, 6.5943807], [37.8996919, 6.5941873], [37.912612, 6.590668999999999], [37.914736899999994, 6.5836535000000005], [37.918460800000005, 6.574375799999999], [37.9327006, 6.5572064], [37.95266290000001, 6.5496199], [37.9687658, 6.548954399999999], [37.96929749999999, 6.5492444999999995], [37.9723809, 6.5509265], [37.973658799999995, 6.549719599999999], [37.977215199999996, 6.550851199999999], [37.9796872, 6.553436700000001], [37.980511299999996, 6.555361699999999], [37.9809333, 6.556347499999999], [37.9833581, 6.557317500000001], [37.9837511, 6.557420899999999], [37.9864296, 6.558125800000001], [37.989594800000006, 6.5581932], [37.9929576, 6.5603629], [37.995159, 6.563298699999999], [37.9977455, 6.566208500000001], [38.00097859999999, 6.5684717], [38.0028362, 6.568724999999999], [38.0045351, 6.5689567], [38.0074449, 6.5691183], [38.01067799999999, 6.570249899999999], [38.014880999999995, 6.5725131], [38.0161887, 6.572758299999999], [38.0188461, 6.573269399999999], [38.0335132, 6.5614931], [38.0375128, 6.555575200000001], [38.0515952, 6.5347387999999995], [38.05611379999999, 6.533557699999999], [38.0733926, 6.529041099999999], [38.0907315, 6.526068399999999], [38.095190099999996, 6.521609399999999], [38.1011348, 6.512691299999998], [38.114510599999996, 6.4995619], [38.1375982, 6.5055653], [38.1392804, 6.5060027], [38.143581, 6.502111300000001], [38.1471101, 6.498918000000001], [38.1496837, 6.4965892], [38.149369199999995, 6.4945809], [38.1464636, 6.4760279999999995], [38.1462222, 6.474579299999999], [38.1449372, 6.4668681999999995], [38.1447701, 6.4658657], [38.1434913, 6.458191800000001], [38.1552221, 6.439255999999999], [38.1706218, 6.4498269], [38.1919247, 6.456635799999999], [38.1929314, 6.4569576], [38.194256599999996, 6.4573399], [38.200360599999996, 6.4591008], [38.2088665, 6.461554500000001], [38.211091100000004, 6.462196299999999], [38.215215799999996, 6.4633862], [38.215500299999995, 6.4634683], [38.2158926, 6.463311999999999], [38.2214509, 6.461097999999999], [38.2232316, 6.461623899999999], [38.224547199999996, 6.4620125999999996], [38.2455905, 6.4682286], [38.250946, 6.4626573], [38.2535239, 6.4599755], [38.2536555, 6.4598386], [38.2551874, 6.4580071], [38.25602879999999, 6.457001099999999], [38.2560635, 6.4569595999999985], [38.2600803, 6.4521572], [38.274194800000004, 6.443060399999999], [38.2824035, 6.43777], [38.2824142, 6.437702799999999], [38.282511400000004, 6.436602], [38.2825604, 6.4358362], [38.282657, 6.435166299999999], [38.282849799999994, 6.4341614], [38.2829945, 6.4333957], [38.2825419, 6.431983], [38.282255899999996, 6.431168899999999], [38.2824959, 6.4306427], [38.2827367, 6.4295421], [38.28331239999999, 6.4284419999999995], [38.2836966, 6.4274374], [38.2836498, 6.426671499999999], [38.2831246, 6.425857], [38.2825986, 6.4256648], [38.282169700000004, 6.4243717999999985], [38.2820281, 6.4229835], [38.2821255, 6.421786999999999], [38.28227109999999, 6.4203034], [38.2825118, 6.4192507], [38.28248899999999, 6.4184609], [38.2824424, 6.417599200000001], [38.2821078, 6.417311499999999], [38.2813908, 6.416784], [38.28100990000001, 6.4154911], [38.281318399999996, 6.414946799999999], [38.2819248, 6.414531], [38.2828645, 6.414469700000001], [38.284308900000006, 6.411965], [38.2842449, 6.411490599999999], [38.284365, 6.411427199999999], [38.2847004, 6.4110447], [38.2849406, 6.410374999999998], [38.284606200000006, 6.4099916], [38.28393729999999, 6.409320499999999], [38.2829339, 6.408303], [38.2831134, 6.408254299999999], [38.2837124, 6.4075850999999995], [38.284407, 6.407035599999999], [38.2850055, 6.4067253], [38.2857966, 6.405577599999999], [38.286563300000005, 6.4047769], [38.2872098, 6.404346999999999], [38.2884309, 6.4036307], [38.2890057, 6.4032246], [38.28989189999999, 6.40246], [38.290514699999996, 6.401934399999999], [38.291258, 6.4006669], [38.2918576, 6.3996386], [38.2925289, 6.3985745], [38.293152, 6.3979529], [38.292759700000005, 6.3959221], [38.292770999999995, 6.3953515], [38.2932297, 6.372039899999999], [38.2882304, 6.3598422], [38.272512899999995, 6.347885299999999], [38.2676936, 6.3455461], [38.2561335, 6.339935], [38.2486031, 6.3362798], [38.23136319999999, 6.3311046], [38.2307845, 6.3310737999999995], [38.215610999999996, 6.330266000000001], [38.213893299999995, 6.3301746], [38.2052626, 6.324268099999999], [38.1975778, 6.319003299999999], [38.194788599999995, 6.3145104], [38.188421500000004, 6.3042538], [38.1867058, 6.2990981999999995], [38.1817716, 6.284272], [38.1816701, 6.284021000000001], [38.180822899999995, 6.2819275], [38.1783317, 6.2757711999999986], [38.1765792, 6.2723499], [38.173741799999995, 6.266810400000001], [38.1719118, 6.255329399999999], [38.174838199999996, 6.248365100000001], [38.1790517, 6.2383378], [38.19331149999999, 6.2261767], [38.1951901, 6.2181315], [38.197921400000006, 6.206435], [38.1964404, 6.203026099999999], [38.1873968, 6.182210299999999], [38.1847932, 6.1797721999999995], [38.1710334, 6.166887199999999], [38.1583935, 6.159526799999999], [38.1413836, 6.1544566000000005], [38.127454799999995, 6.155028499999999], [38.1250637, 6.155126699999999], [38.117003800000006, 6.1670572], [38.10997150000001, 6.1734624], [38.102301499999996, 6.1804483999999995], [38.089399, 6.1643724], [38.0882566, 6.1629489], [38.086728400000005, 6.1610448], [38.0830534, 6.1371987], [38.0798634, 6.1169869], [38.092073199999994, 6.096324999999999], [38.0939963, 6.093597899999999], [38.0954438, 6.091545099999999], [38.0968456, 6.0895572], [38.0985931, 6.0870792], [38.1001431, 6.077273300000001], [38.104983, 6.0660323], [38.116492799999996, 6.050200800000001], [38.1166936, 6.0488629000000005], [38.119042799999995, 6.033209299999999], [38.1201881, 6.025784100000001], [38.1215927, 6.0166778], [38.1388324, 6.0102672], [38.1469957, 6.003273499999999], [38.1503422, 6.0004063], [38.152791400000005, 5.9962111], [38.15406649999999, 5.994027000000001], [38.1551369, 5.9921936], [38.1593221, 5.9850249], [38.162552, 5.9756141000000005], [38.1701519, 5.957022399999999], [38.18097169999999, 5.941650999999999], [38.191799599999996, 5.9384965], [38.2037313, 5.9350204], [38.2066979, 5.928265699999999], [38.2117912, 5.916668800000001], [38.2148111, 5.8932466], [38.214236299999996, 5.8918707], [38.212497899999995, 5.887709900000001], [38.208883900000004, 5.879059600000001], [38.2041203, 5.871664], [38.203756399999996, 5.871099000000001], [38.199699599999995, 5.864800499999999], [38.199306899999996, 5.860193600000001], [38.198391400000006, 5.8494527000000005], [38.207991199999995, 5.8401917999999995], [38.223380999999996, 5.8386116999999995], [38.232217399999996, 5.8418233], [38.2392307, 5.8443722000000005], [38.2545004, 5.858508500000001], [38.27043020000001, 5.8685244], [38.2739368, 5.8676629], [38.2818659, 5.865714799999999], [38.284762799999996, 5.865003000000001], [38.2885849, 5.864063999999999], [38.30374959999999, 5.861443800000001], [38.310392300000004, 5.8637125999999995], [38.3116975, 5.864158400000001], [38.3253292, 5.868814399999999], [38.3365615, 5.8797061], [38.339788999999996, 5.8828357], [38.349418799999995, 5.8922566], [38.3581387, 5.902137499999999], [38.380878300000006, 5.9039976], [38.3901752, 5.9131704], [38.3960857, 5.920052399999999], [38.3884284, 5.933001], [38.3748091, 5.943043299999999], [38.3624785, 5.947129599999999], [38.3557887, 5.9489716999999995], [38.3503773, 5.9512065000000005], [38.3382529, 5.955583599999999], [38.3275292, 5.9553723], [38.324774999999995, 5.963223300000001], [38.3189491, 5.9750627], [38.3045434, 5.979980599999999], [38.2931295, 5.9733397], [38.2904553, 5.9726912], [38.28226, 5.9707037], [38.2790128, 5.974734899999999], [38.2739131, 5.9830063], [38.2729602, 5.9845519000000005], [38.2717101, 5.9865793], [38.27440299999999, 5.993627099999999], [38.275968899999995, 5.997725600000001], [38.27702850000001, 6.000498800000001], [38.278170499999995, 6.003487799999999], [38.27924000000001, 6.0062869], [38.2855335, 6.0104166], [38.286791799999996, 6.0112404], [38.2987841, 6.019091199999999], [38.313880499999996, 6.027833500000001], [38.3181288, 6.0392003], [38.3198693, 6.047420600000001], [38.32256519999999, 6.051826900000001], [38.328060799999996, 6.060796799999999], [38.3332032, 6.069171999999999], [38.337029, 6.074813100000001], [38.3421726, 6.0824229], [38.351505700000004, 6.0962308], [38.3525207, 6.098434499999999], [38.3531525, 6.099806399999999], [38.3536019, 6.100782], [38.35497099999999, 6.1037547], [38.3625122, 6.120194899999999], [38.3641806, 6.1338051], [38.3652243, 6.1423199], [38.36528320000001, 6.1428001], [38.37324479999999, 6.157589799999999], [38.374901099999995, 6.1606666], [38.3766239, 6.1638668999999995], [38.3769737, 6.164516699999999], [38.3824312, 6.169977900000001], [38.3835536, 6.171100999999998], [38.3836158, 6.171163300000001], [38.3898869, 6.1774387], [38.39421799999999, 6.1817728], [38.4132877, 6.189123400000001], [38.4215106, 6.1928293], [38.434682699999996, 6.198765799999999], [38.4389718, 6.2168792], [38.437942199999995, 6.225016699999999], [38.437931899999995, 6.225097499999999], [38.4363228, 6.237815599999998], [38.43598180000001, 6.2405102999999995], [38.4351752, 6.2472373999999995], [38.4329818, 6.265531499999999], [38.426527, 6.286419500000001], [38.425391899999994, 6.2900925999999995], [38.4262541, 6.294299899999999], [38.427042900000004, 6.298148399999999], [38.4274619, 6.300193], [38.4249319, 6.3066132999999995], [38.4249176, 6.3068091], [38.4235419, 6.325664199999999], [38.423458, 6.3267365], [38.4228001, 6.335136899999999], [38.4217749, 6.3482265], [38.422492500000004, 6.3546584], [38.4237511, 6.3655544], [38.4242363, 6.368094900000001], [38.4243471, 6.3686751], [38.4245707, 6.369846], [38.42541899999999, 6.3742878], [38.42600830000001, 6.3773732999999995], [38.427195399999995, 6.383589100000001], [38.4276453, 6.3859449999999995], [38.441037200000004, 6.405362999999999], [38.4461771, 6.4101471], [38.44738220000001, 6.4112687], [38.4483983, 6.4122145], [38.449285800000006, 6.4130405], [38.451525700000005, 6.4151254], [38.453291699999994, 6.416769200000001], [38.46253679999999, 6.4223645], [38.4666168, 6.4249279999999995], [38.4681541, 6.4258939], [38.47051719999999, 6.427378599999999], [38.4752866, 6.430375199999999], [38.480301499999996, 6.431425399999999], [38.503796099999995, 6.436345800000001], [38.51574569999999, 6.4365178], [38.52978410000001, 6.4366965], [38.5375805, 6.4367958], [38.550607899999996, 6.4383979999999985], [38.56020019999999, 6.4395777], [38.564920799999996, 6.440231299999999], [38.566545000000005, 6.4404561000000005], [38.579544299999995, 6.4377893], [38.583314699999995, 6.437015799999999], [38.583824500000006, 6.4367016], [38.5845314, 6.436265800000001], [38.598161399999995, 6.4278637000000005], [38.5989972, 6.427348499999999], [38.5990003, 6.4273466], [38.599018799999996, 6.427335199999999], [38.6063172, 6.4228361], [38.6064551, 6.4227969], [38.626743999999995, 6.417034], [38.645016, 6.423179], [38.654726, 6.4213666], [38.6582934, 6.4201562999999995], [38.6614534, 6.419084199999999], [38.672013199999995, 6.4089833], [38.6906229, 6.406223], [38.6959128, 6.4011726000000015], [38.6960894, 6.4010356999999996], [38.6989393, 6.398826499999999], [38.700774599999995, 6.397403799999999], [38.70257449999999, 6.3960085], [38.7071626, 6.3924518], [38.717502499999995, 6.3970322], [38.7386521, 6.4089533], [38.7468055, 6.409362100000001], [38.75001960000001, 6.4095233], [38.75276039999999, 6.4093662], [38.757956799999995, 6.4090682999999995], [38.7664816, 6.403202799999999], [38.767382, 6.4025845], [38.7714915, 6.3997625000000005], [38.7795224, 6.3918854], [38.783431300000004, 6.3880514], [38.785800099999996, 6.3850085], [38.79552139999999, 6.3725205], [38.8121308, 6.3559185], [38.828778899999996, 6.3452892], [38.8315231, 6.3435371], [38.8320254, 6.343216399999999], [38.849928500000004, 6.3232482], [38.851258, 6.321765299999999], [38.8525401, 6.320335300000001], [38.8632117, 6.310686799999999], [38.8741098, 6.3008334999999995], [38.8855796, 6.2847721000000005], [38.8977394, 6.2586097], [38.9036426, 6.2509561], [38.920919000000005, 6.2285569999999995], [38.925478899999995, 6.220306299999999], [38.92899469999999, 6.213940099999999], [38.9365087, 6.200334499999999], [38.9366488, 6.2001279], [38.9422186, 6.191913700000001], [38.9500485, 6.180372699999999], [38.96059830000001, 6.1592706999999995], [38.968570799999995, 6.155746], [38.9881278, 6.147099700000001], [38.995061799999995, 6.145655299999999], [38.996787600000005, 6.1452958], [39.011317399999996, 6.1422691999999985], [39.034487, 6.137438799999999], [39.045034199999996, 6.1416670999999985], [39.0556167, 6.145909500000001], [39.0797163, 6.153000200000001], [39.083473000000005, 6.1537036], [39.089947, 6.1549159], [39.1028959, 6.1573405999999995], [39.131859999999996, 6.158786199999999], [39.1304172, 6.1659964], [39.1211485, 6.171684], [39.11320740000001, 6.1765569000000005], [39.1035975, 6.2022480999999985], [39.0998939, 6.2177488], [39.0997075, 6.2185288000000005], [39.0955191, 6.2297765], [39.0942039, 6.2333085], [39.0939875, 6.233889500000001], [39.092497699999996, 6.237255900000001], [39.092003299999995, 6.2383728], [39.0859676, 6.2520103], [39.090850599999996, 6.2708026], [39.091279899999996, 6.271184199999999], [39.0967328, 6.276031400000001], [39.09794499999999, 6.277108999999999], [39.103222099999996, 6.281799899999999], [39.1052606, 6.283612], [39.109445699999995, 6.2873323], [39.119546199999995, 6.2989942999999995], [39.1257474, 6.3218935], [39.1269114, 6.3360699], [39.1273874, 6.3443545], [39.125266499999995, 6.3569567000000005], [39.1246474, 6.360635200000001], [39.121397900000005, 6.379591899999999], [39.121285799999995, 6.3802463000000005], [39.121227499999996, 6.3805861], [39.11952339999999, 6.387], [39.119399699999995, 6.387465700000001], [39.11871889999999, 6.390028300000002], [39.116657499999995, 6.397786900000001], [39.1154254, 6.402967399999999], [39.1118576, 6.4179679], [39.11118059999999, 6.4210512], [39.10752759999999, 6.4376887], [39.107076899999996, 6.438755400000001], [39.0999677, 6.455579599999999], [39.0953977, 6.472090299999999], [39.0957033, 6.486104699999999], [39.095787200000004, 6.489951899999999], [39.0958412, 6.4924257], [39.0958878, 6.4945613], [39.0960241, 6.499613500000001], [39.096617800000004, 6.5216126], [39.086217899999994, 6.545168599999999], [39.069787999999996, 6.553293999999998], [39.052568099999995, 6.556984199999999], [39.0484481, 6.569824800000001], [39.0529201, 6.5840476], [39.0645251, 6.598816800000001], [39.059308099999996, 6.608786500000001], [39.0356306, 6.6114242999999995], [39.0321983, 6.611806699999999], [39.0112984, 6.6090966], [38.9957183, 6.606185], [38.9932755, 6.6057285], [38.9842709, 6.6040456], [38.983258600000006, 6.6038564], [38.9805618, 6.6035165], [38.959640199999996, 6.600879399999998], [38.9416788, 6.6103366999999995], [38.9444588, 6.630277599999999], [38.9494238, 6.6438032], [38.94035739999999, 6.650940899999999], [38.934425, 6.6556114], [38.9338849, 6.655728600000001], [38.930979, 6.6563593], [38.9251042, 6.6576343], [38.9239874, 6.6578767], [38.91784899999999, 6.659208899999999], [38.901769099999996, 6.6656591999999995], [38.8769493, 6.668209399999999], [38.872382099999996, 6.6683119], [38.8551194, 6.6686993999999995], [38.837751, 6.674915700000001], [38.836019, 6.681802299999999], [38.8356544, 6.6832519], [38.8335396, 6.6916604999999985], [38.8179297, 6.703611], [38.8098798, 6.701320899999999], [38.8094476, 6.7013053], [38.7793, 6.7002109], [38.7542401, 6.697030799999999], [38.7423298, 6.700927999999999], [38.74229019999999, 6.700940999999998], [38.727360299999994, 6.7119715], [38.7209404, 6.7301022999999995], [38.7055505, 6.7420428999999995], [38.7003364, 6.7427541], [38.688540599999996, 6.744363000000001], [38.678420599999995, 6.7489631999999995], [38.675974599999996, 6.754034599999999], [38.6720007, 6.7622738], [38.6582108, 6.7696242], [38.6574021, 6.769574700000001], [38.6508134, 6.7691719], [38.6467969, 6.7689262999999995], [38.6445794, 6.7687907], [38.64349089999999, 6.7687241], [38.6399022, 6.7700963000000005], [38.6356709, 6.771714299999998], [38.635704, 6.7751804999999985], [38.635717799999995, 6.776621899999999], [38.635740899999995, 6.7790408], [38.6358033, 6.7855732], [38.63596019999999, 6.7893449], [38.636042599999996, 6.791328300000002], [38.636390999999996, 6.7997055], [38.637095699999996, 6.8023478], [38.6376573, 6.8044533], [38.63985340000001, 6.8126869], [38.6476936, 6.818110099999999], [38.649959, 6.8196771], [38.6553135, 6.8233806], [38.66221339999999, 6.827731], [38.6675983, 6.832275399999999], [38.6748585, 6.8360359], [38.683153000000004, 6.8403320999999995], [38.687044799999995, 6.8424435], [38.6898241, 6.8439514], [38.698342800000006, 6.848572900000001], [38.699469199999996, 6.8494319], [38.70193299999999, 6.8513107], [38.7099158, 6.857398300000001], [38.7112534, 6.8584183], [38.71408470000001, 6.8605773999999995], [38.7130954, 6.863976399999999], [38.7109905, 6.8712086999999995], [38.70480059999999, 6.8854393], [38.6997606, 6.9033402], [38.7018506, 6.915030700000001], [38.7046306, 6.930631399999998], [38.701200699999994, 6.945092], [38.6947707, 6.9574925999999975], [38.7005312, 6.968644999999999], [38.703269299999995, 6.969960899999999], [38.71116789999999, 6.9737570999999985], [38.71192860000001, 6.977937699999999], [38.71438059999999, 6.9914141], [38.7110141, 7.0101305], [38.7105007, 7.012985099999999], [38.6976598, 7.013830100000001], [38.6944778, 7.0088474], [38.6893816, 7.000867299999999], [38.6774128, 7.005354700000001], [38.6771485, 7.006324], [38.674380899999996, 7.0164753], [38.6780757, 7.0287973], [38.684450700000006, 7.0339514], [38.681523, 7.0457325], [38.680870899999995, 7.048356699999999], [38.668001000000004, 7.0598572], [38.6535111, 7.061707299999998], [38.644411, 7.064119900000001], [38.6426061, 7.0645983999999995], [38.6369512, 7.066097499999999], [38.6404212, 7.078018099999999], [38.6461711, 7.0955430999999995], [38.6303412, 7.110849600000001], [38.617063900000005, 7.1202394], [38.61573889999999, 7.1211763999999995], [38.6114914, 7.1241802], [38.6099328, 7.1242982999999995], [38.60708290000001, 7.124514199999999], [38.6020299, 7.124897100000001], [38.601082999999996, 7.1249688], [38.599325199999996, 7.125102], [38.5987632, 7.1251446], [38.5978584, 7.1252131], [38.589228399999996, 7.1258671], [38.58364159999999, 7.1262903], [38.5700564, 7.115306899999999], [38.566361699999995, 7.112319699999999], [38.5646523, 7.1105094], [38.563471899999996, 7.1092593], [38.5513493, 7.0964208], [38.54611450000001, 7.090876799999999], [38.5375173, 7.090949500000001], [38.5281319, 7.0910288], [38.51038769999999, 7.088570799999999], [38.5100332, 7.0885217], [38.5067658, 7.0880691], [38.505101999999994, 7.0878385999999995], [38.501815099999995, 7.088174200000001], [38.494598399999994, 7.0889108], [38.49002529999999, 7.0893777], [38.4820553, 7.090191099999999], [38.4820214, 7.0901947], [38.4800222, 7.0903988], [38.475988699999995, 7.0927599], [38.4729167, 7.0945582], [38.4639123, 7.099829199999999], [38.4602303, 7.1172084], [38.4600223, 7.118189999999999], [38.4425483, 7.1268126], [38.4256944, 7.123480599999999], [38.4245607, 7.123256400000001], [38.422014100000005, 7.122753000000001], [38.4208419, 7.1225211999999996], [38.400632699999996, 7.121470199999999], [38.39492039999999, 7.1235694], [38.3944964, 7.1237252], [38.3780728, 7.129760600000001], [38.356913, 7.1458514], [38.3558539, 7.147189699999999], [38.3421931, 7.1644521999999995], [38.32189489999999, 7.1617424000000005], [38.3134293, 7.1471097], [38.3098245, 7.1358602], [38.30525900000001, 7.121612799999999], [38.2931291, 7.110669400000001], [38.289183400000006, 7.1071097], [38.2718935, 7.0834786], [38.25443069999999, 7.0598977], [38.2463404, 7.0390299999999995], [38.2423115, 7.029952799999999], [38.2415549, 7.0282484], [38.2379206, 7.020054699999998], [38.23712179999999, 7.0198453999999995], [38.216363799999996, 7.0144056], [38.2007378, 7.0129793], [38.1991888, 7.012837899999999], [38.1975996, 7.012692899999999], [38.195376499999995, 7.012489899999999], [38.193793899999996, 7.0123455], [38.170074, 7.000875000000001], [38.1688736, 6.999678599999999], [38.168071, 6.9988787], [38.16009859999999, 6.990933099999999], [38.153240700000005, 6.9840981], [38.14658419999999, 6.977463899999999], [38.1366011, 6.975365200000001], [38.1301543, 6.9740099], [38.1292979, 6.9738299], [38.1171144, 6.980914100000001], [38.1089394, 6.999629999999999], [38.10191450000001, 7.0107754999999985], [38.08787459999999, 7.022945999999999], [38.0733647, 7.0296064], [38.064154699999996, 7.043387], [38.0634387, 7.0571171], [38.0634125, 7.0576205000000005], [38.0630048, 7.065438], [38.061429000000004, 7.072212999999999], [38.062799000000005, 7.0764289], [38.0634377, 7.0783943], [38.06646479999999, 7.087708999999999], [38.0665826, 7.0890663], [38.069474799999995, 7.122390500000001], [38.0729952, 7.1385136], [38.076394799999996, 7.154082], [38.0780148, 7.1802630999999995], [38.0869652, 7.194943399999999], [38.100212899999995, 7.207095], [38.101033699999995, 7.2078481], [38.1043328, 7.2108754], [38.1248425, 7.221886399999999], [38.1439722, 7.232207299999999], [38.1637918, 7.245048399999999], [38.1810815, 7.2578996], [38.18755869999999, 7.259250000000002], [38.198591199999996, 7.261549899999999], [38.205776, 7.2654793], [38.2074966, 7.266693799999999], [38.2200309, 7.2755412], [38.2336306, 7.287932299999999], [38.2451578, 7.295710199999998], [38.2465404, 7.296643100000001], [38.25247160000001, 7.2998457000000005], [38.2652101, 7.306724000000001], [38.27567419999999, 7.3189417], [38.281527399999995, 7.3386834], [38.2771774, 7.3611834], [38.2772384, 7.3617059000000005], [38.2794428, 7.380599399999999], [38.2801561, 7.381190500000001], [38.292489599999996, 7.3914116000000005], [38.3088693, 7.401492500000001], [38.3189119, 7.414167399999999], [38.32519779999999, 7.433893399999999], [38.3282178, 7.456383399999999], [38.327244900000004, 7.461681700000001], [38.3291138, 7.463939999999999], [38.33367499999999, 7.469451699999999], [38.341228799999996, 7.4785794], [38.3617584, 7.487730200000001], [38.3783582, 7.494820800000001], [38.3917279, 7.5019215], [38.401492399999995, 7.502912899999999], [38.40688529999999, 7.503460500000001], [38.4138576, 7.5041717], [38.4267487, 7.514721300000001], [38.429372300000004, 7.532728099999998], [38.4295429, 7.5338987], [38.4256629, 7.553869600000002], [38.421754899999996, 7.5628973], [38.4214868, 7.5635164999999995], [38.42102429999999, 7.564584999999999], [38.41904359999999, 7.5691605], [38.41891479999999, 7.569458000000001], [38.4184213, 7.5697132], [38.4131597, 7.572434400000002], [38.408464099999996, 7.574862800000001], [38.40104309999999, 7.578700800000001], [38.4008593, 7.5926662], [38.4008246, 7.595303200000001], [38.4085606, 7.605142799999999], [38.41183379999999, 7.6105130999999995], [38.419855999999996, 7.6236751], [38.420263000000006, 7.6243428], [38.4199753, 7.626901499999999], [38.4187872, 7.6374665], [38.418223, 7.642483599999999], [38.41088310000001, 7.6622345], [38.411166, 7.6657597], [38.4123016, 7.679911199999999], [38.41243329999999, 7.681553399999999], [38.4258205, 7.696760799999999], [38.438653, 7.718867], [38.442623, 7.7388278999999995], [38.443376199999996, 7.745838800000001], [38.4433981, 7.746043199999999], [38.4438398, 7.750154399999998], [38.444716899999996, 7.7583191], [38.4448474, 7.759533899999998], [38.4540935, 7.7666713], [38.4554829, 7.767743899999998], [38.46833660000001, 7.7776661], [38.4769662, 7.784012099999999], [38.4781088, 7.784852399999997], [38.487232799999994, 7.791562], [38.4924429, 7.7953933000000015], [38.499962700000005, 7.8112211], [38.5001148, 7.8120783000000005], [38.50346269999999, 7.830952], [38.51290809999999, 7.848910399999999], [38.5170684, 7.8515087999999995], [38.5281556, 7.858433300000001], [38.5323955, 7.861283599999999], [38.5387111, 7.8648279], [38.5494852, 7.870874400000002], [38.5630872, 7.8851961999999975], [38.5666024, 7.905365199999998], [38.5757155, 7.924194], [38.57575729999999, 7.924280400000001], [38.579872900000005, 7.929632500000002], [38.5865073, 7.9382600000000005], [38.5877458, 7.9513077999999995], [38.587918200000004, 7.953123100000001], [38.58793709999999, 7.953322199999999], [38.5886723, 7.961067700000002], [38.591932299999996, 7.974598299999998], [38.592846099999996, 7.977286699999999], [38.5973677, 7.9905889000000005], [38.612198899999996, 8.006840799999999], [38.609965599999995, 8.0115803], [38.6134195, 8.015033299999999], [38.6245453, 8.0261558], [38.6277018, 8.0335953], [38.612682199999995, 8.0433013], [38.6142593, 8.049444500000002], [38.6161122, 8.056661899999998], [38.6218522, 8.0684124], [38.607062299999996, 8.079192899999999], [38.5980378, 8.086921999999998], [38.5969079, 8.087889700000002], [38.5934124, 8.0908835], [38.5839449, 8.108104500000001], [38.5884824, 8.1272351], [38.5879925, 8.142425799999998], [38.5872625, 8.1562364], [38.5814625, 8.1718771], [38.5680226, 8.193928099999997], [38.567557099999995, 8.194468099999998], [38.56501, 8.1974232], [38.5574559, 8.2061869], [38.5522169, 8.2122648], [38.5515928, 8.212988900000001], [38.54952959999999, 8.2159241], [38.542552799999996, 8.2258495], [38.542338699999995, 8.234525399999999], [38.5420528, 8.2461104], [38.54338, 8.249163], [38.5492587, 8.2626834], [38.560745, 8.266089599999999], [38.5792247, 8.263609399999998], [38.589906, 8.2610656], [38.5935445, 8.2601991], [38.600724299999996, 8.2496282], [38.603544299999996, 8.222935800000002], [38.612844100000004, 8.194653299999999], [38.623754, 8.162910499999997], [38.63002379999999, 8.144058800000002], [38.63513379999999, 8.132337699999999], [38.643683599999996, 8.124767100000001], [38.6513055, 8.1166977], [38.6540934, 8.1137461], [38.666593199999994, 8.0956045], [38.6728431, 8.089864], [38.6792587, 8.0958118], [38.6822734, 8.111101799999998], [38.6845119, 8.122454800000002], [38.6827037, 8.137819499999999], [38.6814519, 8.148455900000002], [38.678641899999995, 8.171226899999997], [38.682187299999995, 8.1904279], [38.69315280000001, 8.2033841], [38.716018399999996, 8.2194478], [38.7159218, 8.2311596], [38.7020519, 8.244470200000002], [38.69287089999999, 8.2507921], [38.68240199999999, 8.258000799999998], [38.6744281, 8.2630347], [38.667797799999995, 8.267220400000001], [38.6620621, 8.2708414], [38.6509522, 8.285082], [38.6513721, 8.286302], [38.657612199999996, 8.304432899999998], [38.6660252, 8.3269602], [38.6663789, 8.3338544], [38.6670244, 8.346435999999999], [38.6672318, 8.3504852], [38.6616415, 8.376016], [38.6544516, 8.394637099999999], [38.6396416, 8.4120977], [38.63723139999999, 8.414102699999999], [38.6321873, 8.4182986], [38.6167517, 8.431138399999998], [38.604272, 8.4315684], [38.5908821, 8.426018599999999], [38.584172099999996, 8.4326786], [38.57578420000001, 8.4448916], [38.5656722, 8.4482793], [38.5481023, 8.4530696], [38.5268425, 8.4576196], [38.5132225, 8.4495195], [38.5014525, 8.443969399999999], [38.483501, 8.4465514], [38.477883399999996, 8.4473594], [38.4774939, 8.446857800000002], [38.468288199999996, 8.4350051], [38.46778039999999, 8.431834799999997], [38.4673978, 8.4294469], [38.4652666, 8.416142899999999], [38.462801899999995, 8.405131299999999], [38.46275380000001, 8.4049166], [38.4616067, 8.3997915], [38.4525746, 8.386324000000002], [38.4517633, 8.385114300000001], [38.4517068, 8.3850302], [38.4478045, 8.365366099999997], [38.440726999999995, 8.3352658], [38.44015709999999, 8.3336752], [38.432607399999995, 8.3126052], [38.4324672, 8.3122137], [38.4322999, 8.3112168], [38.4302087, 8.298750799999999], [38.42163359999999, 8.2890224], [38.400863699999995, 8.279512], [38.3824038, 8.273471800000001], [38.375495, 8.2659368], [38.3669539, 8.262821299999999], [38.3665665, 8.2626518], [38.347344, 8.254241], [38.3331751, 8.258550699999999], [38.326219599999995, 8.2670464], [38.32188420000001, 8.272341800000001], [38.3070343, 8.299693], [38.3077866, 8.3267127], [38.30787430000001, 8.3298644], [38.3122043, 8.3524453], [38.3114644, 8.3699461], [38.300824399999996, 8.376356399999999], [38.2993731, 8.376900899999999], [38.2892545, 8.3806966], [38.2820446, 8.399557499999998], [38.266314699999995, 8.4066378], [38.2383348, 8.4093079], [38.21754500000001, 8.4087779], [38.19837510000001, 8.4013376], [38.1800302, 8.392867299999999], [38.164180900000005, 8.4080506], [38.1567553, 8.409248], [38.1389554, 8.409418], [38.1300714, 8.407885900000002], [38.12254550000001, 8.4065879], [38.11846059999999, 8.401952699999999], [38.11, 8.390368200000001], [38.1029556, 8.3890072], [38.0865357, 8.3900972], [38.0813249, 8.384821399999998], [38.077095799999995, 8.3806168], [38.0667058, 8.375966599999998], [38.0631778, 8.377574800000001], [38.059012800000005, 8.379473299999999], [38.0525251, 8.382430600000001], [38.038926, 8.3892172], [38.02804109999999, 8.390282299999999], [38.0221004, 8.384950300000002], [38.0167697, 8.3801657], [38.0082362, 8.3725065], [37.988166299999996, 8.359526], [37.974252799999995, 8.3627109], [37.9733564, 8.362916099999998], [37.9483765, 8.367416300000002], [37.9450737, 8.369157699999999], [37.9279867, 8.3781668], [37.9099868, 8.370486500000002], [37.8876269, 8.349875599999999], [37.862947, 8.335704999999999], [37.8391471, 8.3321449], [37.816257300000004, 8.3318049], [37.7965874, 8.334714999999997], [37.778997499999996, 8.3396953], [37.766498, 8.346543400000002], [37.765452499999995, 8.3471163], [37.7568792, 8.3493961], [37.7479677, 8.351765799999997], [37.747291600000004, 8.351425200000001], [37.74373130000001, 8.349631699999998], [37.74258770000001, 8.3490557], [37.7308878, 8.3431555], [37.7170479, 8.334095099999999], [37.704548, 8.337035199999999], [37.692218, 8.3535659], [37.689174699999995, 8.3591575], [37.6836476, 8.3693127], [37.6787081, 8.377707], [37.6762832, 8.3788251], [37.666063199999996, 8.3835373], [37.6306584, 8.364556499999999], [37.611968499999996, 8.354085999999999], [37.6068493, 8.3582132], [37.603023, 8.361298000000001], [37.598038599999995, 8.3653165], [37.58728869999999, 8.389697600000002], [37.5824979, 8.4001132], [37.576078800000005, 8.4140687], [37.57518410000001, 8.414634199999998], [37.557978899999995, 8.4255092], [37.5349335, 8.423591799999999], [37.52482309999999, 8.4206452], [37.516837599999995, 8.418317799999999], [37.5122092, 8.4169689], [37.498569599999996, 8.4036189], [37.485980999999995, 8.3801341], [37.4858231, 8.3798395], [37.481625199999996, 8.371370299999999], [37.4739171, 8.355818899999997], [37.4713833, 8.350706899999999], [37.466153399999996, 8.331315199999999], [37.465516, 8.326793], [37.465461499999996, 8.326406599999999], [37.4648203, 8.3218569], [37.46418010000001, 8.3173151], [37.4633877, 8.311693199999999], [37.4625735, 8.305933000000001], [37.4640834, 8.2824209], [37.4720233, 8.266089400000002], [37.480860899999996, 8.258579300000001], [37.482891200000005, 8.2580527], [37.48370799999999, 8.258008], [37.48553210000001, 8.2583019], [37.487884199999996, 8.2587414], [37.48918419999999, 8.257933], [37.489525900000004, 8.2564989], [37.4901057, 8.255592], [37.493276, 8.255604], [37.493561799999995, 8.256152099999998], [37.49365729999999, 8.256329299999999], [37.49632830000001, 8.2561282], [37.4990431, 8.2558992], [37.4998604, 8.2557108], [37.50154349999999, 8.2551908], [37.5044275, 8.2546752], [37.5057592, 8.2544762], [37.5063019, 8.2543951], [37.50750049999999, 8.2549738], [37.5101857, 8.256227899999997], [37.5121031, 8.2572877], [37.5149812, 8.2583511], [37.516538700000005, 8.2593139], [37.518552899999996, 8.2601826], [37.5199874, 8.260531199999999], [37.5209525, 8.2607657], [37.5233024, 8.261779199999998], [37.5245935, 8.263363100000001], [37.5256447, 8.264850299999997], [37.5263151, 8.265426999999999], [37.5272256, 8.266004499999998], [37.527706699999996, 8.265814899999999], [37.529147699999996, 8.2658202], [37.530157900000006, 8.2654411], [37.5308816, 8.2645824], [37.5317483, 8.2640114], [37.532327099999996, 8.263391499999997], [37.5324149, 8.2631652], [37.532957499999995, 8.2617669], [37.533274299999995, 8.260523899999999], [37.5342405, 8.259044099999999], [37.53505729999999, 8.2589993], [37.5355397, 8.258426799999999], [37.5357352, 8.2575184], [37.53617330000001, 8.2559409], [37.5365127, 8.2550808], [37.5370485, 8.253073100000002], [37.5378003, 8.251666700000001], [37.5379675, 8.2513538], [37.5391245, 8.250209599999998], [37.5402315, 8.2495916], [37.5409033, 8.2497854], [37.54162240000001, 8.2501709], [37.5427761, 8.2499358], [37.54440819999999, 8.2502288], [37.5462815, 8.250235600000002], [37.547700899999995, 8.2495709], [37.548378299999996, 8.2482335], [37.548864800000004, 8.2457616], [37.548867699999995, 8.245746999999998], [37.5495911, 8.244936199999998], [37.5496117, 8.244921699999999], [37.55026530000001, 8.244460100000001], [37.55117739999999, 8.244607000000002], [37.5515617, 8.244608399999999], [37.552136999999995, 8.244897500000002], [37.55309679999999, 8.2451403], [37.5542978, 8.2450967], [37.55569289999999, 8.244527600000001], [37.5567042, 8.2438134], [37.5578131, 8.242669], [37.559451900000006, 8.2410958], [37.5611099, 8.239722], [37.5612345, 8.239618799999997], [37.562435799999996, 8.2394796], [37.56370859999999, 8.239722000000002], [37.5647398, 8.2399185], [37.565867999999995, 8.2400661], [37.5669244, 8.2401655], [37.56798249999999, 8.2397865], [37.5680542, 8.239722], [37.5685126, 8.2393099], [37.569380800000005, 8.238308100000001], [37.57068249999999, 8.2369729], [37.571985, 8.2353985], [37.572308099999994, 8.2352496], [37.5733189, 8.234784099999997], [37.573428400000005, 8.2347337], [37.5743437, 8.233971300000002], [37.5760778, 8.232589800000001], [37.5775687, 8.2320687], [37.57881750000001, 8.2320731], [37.5804021, 8.2322223], [37.5823688, 8.232946999999998], [37.5833997, 8.233476999999999], [37.5855584, 8.2342502], [37.587908899999995, 8.2351198], [37.58892060000001, 8.234262000000001], [37.589499599999996, 8.233546299999999], [37.590379999999996, 8.2332428], [37.590461399999995, 8.233214700000001], [37.5908964, 8.2324506], [37.5915694, 8.232309399999998], [37.5933474, 8.2320764], [37.5936875, 8.230977], [37.593976500000004, 8.2307388], [37.594650699999995, 8.2302626], [37.5958043, 8.230027399999999], [37.596714899999995, 8.230604800000002], [37.5975279, 8.231612499999999], [37.5990132, 8.2326704], [37.600808, 8.2344951], [37.601768199999995, 8.234642000000001], [37.6021531, 8.2344519], [37.6029725, 8.2336413], [37.603262099999995, 8.233259399999998], [37.6038892, 8.232496], [37.6043708, 8.2321149], [37.6052866, 8.231208900000002], [37.60548180000001, 8.230348199999998], [37.6057738, 8.2292486], [37.6062027, 8.2289584], [37.6066886, 8.228629699999999], [37.6079394, 8.2280598], [37.6096212, 8.2278742], [37.6119735, 8.228265200000001], [37.6134144, 8.228270199999999], [37.6142315, 8.2281294], [37.6150531, 8.2276164], [37.6151461, 8.2275583], [37.6162056, 8.2267485], [37.617244899999996, 8.224838], [37.617682699999996, 8.223973299999997], [37.6179704, 8.2234049], [37.6178518, 8.222844], [37.617686799999994, 8.222064099999999], [37.617234499999995, 8.220650599999999], [37.617227899999996, 8.220421399999998], [37.6171436, 8.219818199999999], [37.6166568, 8.218897799999999], [37.6163853, 8.218250799999998], [37.6162444, 8.2173316], [37.6159245, 8.2162559], [37.6157903, 8.2149276], [37.61550149999999, 8.2134158], [37.6154536, 8.2126776], [37.615368999999994, 8.212131800000002], [37.615296900000004, 8.2114645], [37.6216808, 8.2090344], [37.62388680000001, 8.200043599999999], [37.6169709, 8.177201600000002], [37.60800460000001, 8.1557633], [37.605761099999995, 8.150399199999997], [37.6048239, 8.1470825], [37.59954580000001, 8.128403000000002], [37.59917120000001, 8.1270771], [37.5954313, 8.1117257], [37.5921373, 8.0931341], [37.591963799999995, 8.0832585], [37.5918014, 8.074012399999999], [37.5944213, 8.0569709], [37.594471899999995, 8.056601], [37.596518100000004, 8.041649099999999], [37.59659039999999, 8.041120900000001], [37.5972913, 8.035999], [37.5999212, 8.0198776], [37.6015812, 8.0106667], [37.601466099999996, 8.0052215], [37.601391199999995, 8.0016759], [37.6014966, 8.000267599999999], [37.601891200000004, 7.9949952999999985], [37.6015399, 7.985992299999999], [37.6010762, 7.974108500000001], [37.602829799999995, 7.964857699999999], [37.5935998, 7.961407099999998], [37.58870829999999, 7.959578499999999], [37.5804319, 7.9557672], [37.5727684, 7.9522382], [37.5575185, 7.948338], [37.549438599999995, 7.949257999999999], [37.539278599999996, 7.953858299999999], [37.532808700000004, 7.959608500000001], [37.529191600000004, 7.9649068], [37.528418699999996, 7.966038799999998], [37.5269219, 7.968625899999999], [37.5249587, 7.9720191], [37.5217288, 7.977069299999999], [37.520338800000005, 7.983509599999999], [37.518428799999995, 7.99186], [37.513998799999996, 7.999670300000001], [37.5067989, 8.007470699999997], [37.501688900000005, 8.0118209], [37.4996468, 8.013026800000002], [37.497048899999996, 8.014561], [37.490798999999996, 8.0170611], [37.4776391, 8.014211], [37.4771783, 8.014043], [37.47439180000001, 8.0130268], [37.459649199999994, 8.0076507], [37.454891599999996, 8.0068164], [37.446019199999995, 8.0052606], [37.4326193, 8.003340499999998], [37.42453940000001, 8.0028205], [37.416689399999996, 8.001160500000001], [37.4103804, 7.9986788], [37.4094478, 7.998311900000001], [37.4041245, 7.9935901000000005], [37.3981609, 7.993256699999999], [37.3917903, 7.992900499999998], [37.389814799999996, 7.9847244], [37.3877348, 7.974383499999999], [37.389814799999996, 7.961972399999999], [37.39897359999999, 7.9540207999999994], [37.4038114, 7.9511577], [37.416614300000006, 7.9435807], [37.428854099999995, 7.930709599999999], [37.432024299999995, 7.925796499999998], [37.4330625, 7.924187599999999], [37.436713999999995, 7.918528499999999], [37.4344041, 7.8980667], [37.4242442, 7.877604799999999], [37.4219054, 7.8731629], [37.4201957, 7.8699159], [37.4117745, 7.8539227], [37.40484459999999, 7.8272603], [37.4037046, 7.800137899999999], [37.40209459999999, 7.7704753], [37.400024699999996, 7.7410526], [37.4016447, 7.709559799999998], [37.4011947, 7.682667400000001], [37.4069746, 7.657605199999998], [37.4182195, 7.6368037], [37.4198416, 7.633803200000001], [37.427023, 7.613293399999999], [37.42800419999999, 7.610491000000001], [37.4350847, 7.5851996999999995], [37.4354041, 7.5840586000000005], [37.445104, 7.564316899999999], [37.4386541, 7.546135199999998], [37.4252743, 7.5238233], [37.4072196, 7.492180400000001], [37.4006247, 7.460597600000001], [37.3989766, 7.4491311], [37.3967248, 7.4334652], [37.3952823, 7.4265117], [37.39496329999999, 7.424973799999999], [37.39028489999999, 7.4024224], [37.3797336, 7.3800007999999995], [37.356589299999996, 7.3609318], [37.34947989999999, 7.3577354999999995], [37.3381494, 7.352641399999998], [37.3311571, 7.349708499999999], [37.33119020000001, 7.346625200000002], [37.331224299999995, 7.343444700000001], [37.2876397, 7.3344206], [37.2622699, 7.325430299999999], [37.237829999999995, 7.3120597], [37.212389099999996, 7.293336200000001], [37.21182609999999, 7.292921899999999], [37.2115502, 7.2927188], [37.2005676, 7.282160599999999], [37.1827503, 7.2648576], [37.1578941, 7.2438109], [37.154180499999995, 7.2406665000000014], [37.131008400000006, 7.2296005999999995], [37.130206699999995, 7.2292176999999995], [37.128590599999995, 7.228446000000001], [37.1285679, 7.228441999999999], [37.1106036, 7.225275499999998], [37.1048308, 7.2244958], [37.068131, 7.235246300000001], [37.0544711, 7.237526399999998], [37.0395112, 7.240016500000001], [37.037938499999996, 7.2397743], [37.0362143, 7.239508599999997], [37.003291399999995, 7.2344363], [36.970673700000006, 7.2262464], [36.9696211, 7.2259820999999995], [36.96464519999999, 7.2247327], [36.964664899999995, 7.2250269], [36.965798899999996, 7.2419245], [36.955464299999996, 7.260491], [36.943962199999994, 7.2709969999999995], [36.93113219999999, 7.282716000000001], [36.914131499999996, 7.2982421], [36.8791546, 7.329694400000002], [36.8450234, 7.326385999999999], [36.8409362, 7.325989900000001], [36.8230072, 7.298858999999999], [36.8035031, 7.269344599999999], [36.79538590000001, 7.258167499999998], [36.793593699999995, 7.255699799999999], [36.7926758, 7.254435900000002], [36.791174, 7.252368000000001], [36.7911126, 7.2522834000000005], [36.791070399999995, 7.252301900000001], [36.7842269, 7.2552946], [36.76252289999999, 7.265907899999999], [36.739393, 7.284718700000001], [36.71987879999999, 7.2985014999999995], [36.7141832, 7.302139499999998], [36.6940733, 7.313130000000001], [36.6769451, 7.325003400000001], [36.6725635, 7.328040699999999], [36.6517436, 7.345011500000002], [36.6380537, 7.371202699999998], [36.6329537, 7.377863], [36.6227938, 7.3792230000000005], [36.6129439, 7.3728728], [36.6059639, 7.368362600000001], [36.5983339, 7.3690326], [36.57498410000001, 7.379333100000001], [36.5412343, 7.393043699999999], [36.5065545, 7.4058342999999995], [36.496501800000004, 7.4103535], [36.48391970000001, 7.416009799999999], [36.4701543, 7.4153978], [36.453164799999996, 7.417424899999999], [36.427074999999995, 7.4132047], [36.4062951, 7.4085445000000005], [36.376411000000004, 7.4151805], [36.3753715, 7.4154113], [36.3746353, 7.415574800000001], [36.36164540000001, 7.4314155], [36.348665499999996, 7.4454161999999995], [36.32370559999999, 7.446956200000001], [36.301755799999995, 7.449876400000002], [36.2955409, 7.4540071999999995], [36.293985299999996, 7.455041199999999], [36.2882442, 7.4588572], [36.286935899999996, 7.4597268], [36.284718999999996, 7.460792499999999], [36.2795299, 7.4632869], [36.265415999999995, 7.4693273000000024], [36.2408961, 7.477297699999999], [36.228656199999996, 7.482654799999999], [36.2246962, 7.484388000000001], [36.216312599999995, 7.490781600000001], [36.21623579999999, 7.490845500000001], [36.215481499999996, 7.491472500000002]], [[38.70674969999999, 9.0818317], [38.70657489999999, 9.0817937], [38.706483999999996, 9.0817739], [38.70182020000001, 9.0807595], [38.7006816, 9.0805119], [38.699113, 9.079800499999997], [38.69539869999999, 9.0781159], [38.695142, 9.0779994], [38.694552, 9.0777319], [38.685407999999995, 9.0730271], [38.685327, 9.0727101], [38.683693600000005, 9.0663165], [38.683699399999995, 9.0595417], [38.6835586, 9.0510869], [38.68354110000001, 9.050037699999999], [38.676763699999995, 9.0431669], [38.6725978, 9.0386726], [38.6720815, 9.0331453], [38.67174939999999, 9.032672799999999], [38.6704633, 9.0308429], [38.6682974, 9.0277612], [38.667223, 9.026232499999999], [38.667054199999995, 9.023895999999999], [38.6665367, 9.0167326], [38.6670364, 9.0100278], [38.660077599999994, 9.009336000000001], [38.6524147, 9.010229299999999], [38.651942, 9.0102844], [38.651744300000004, 9.0085543], [38.651368999999995, 9.00527], [38.651051599999995, 9.0024933], [38.65519739999999, 8.997772699999999], [38.6557755, 8.9971144], [38.6577919, 8.9948184], [38.6593865, 8.9854025], [38.654644700000006, 8.9769366], [38.6526194, 8.976626], [38.6485099, 8.975995600000001], [38.6394054, 8.9740358], [38.639706499999996, 8.973313899999999], [38.642818500000004, 8.9658534], [38.644923299999995, 8.9652637], [38.6462998, 8.964878100000002], [38.65336039999999, 8.9629], [38.659063499999995, 8.9620391], [38.6600217, 8.9618945], [38.6610152, 8.9617445], [38.662464299999996, 8.9615258], [38.662647799999995, 8.9614981], [38.6637686, 8.9613289], [38.6654086, 8.9610813], [38.669158700000004, 8.9598763], [38.6693509, 8.9598145], [38.669423099999996, 8.9597913], [38.670917599999996, 8.959311099999997], [38.6762272, 8.9576049], [38.676428, 8.957268], [38.6806882, 8.9501227], [38.68096130000001, 8.949664700000001], [38.680835200000004, 8.9462755], [38.68076149999999, 8.9442942], [38.6806423, 8.9410899], [38.687902099999995, 8.939741900000001], [38.69061339999999, 8.9407255], [38.690663, 8.940743500000002], [38.6915932, 8.9410809], [38.6927288, 8.9414929], [38.6938446, 8.9418977], [38.6956377, 8.9363755], [38.6957156, 8.9361356], [38.695857399999994, 8.9356989], [38.69597279999999, 8.935343500000002], [38.6960165, 8.935208900000001], [38.696127499999996, 8.9348671], [38.6963754, 8.9341036], [38.6965319, 8.9336215], [38.6966913, 8.9331306], [38.696828599999996, 8.932707799999998], [38.698997999999996, 8.929718399999999], [38.6992105, 8.9294256], [38.699410199999996, 8.9291503], [38.7019662, 8.9256283], [38.7026074, 8.925160599999998], [38.7029377, 8.924919599999999], [38.7084279, 8.920914999999999], [38.7124321, 8.920466799999998], [38.713799, 8.920313700000001], [38.7172467, 8.9199278], [38.7189458, 8.9197376], [38.71914230000001, 8.919715599999998], [38.7195346, 8.919235500000001], [38.7197233, 8.9190046], [38.7198186, 8.918887899999998], [38.7202941, 8.918306000000001], [38.720587, 8.917947499999999], [38.7233374, 8.914581499999999], [38.7238138, 8.9141234], [38.724540000000005, 8.913425], [38.727217599999996, 8.910850199999999], [38.727224, 8.910843999999999], [38.7273417, 8.910668], [38.72744610000001, 8.9105118], [38.727456499999995, 8.9104964], [38.73059130000001, 8.905809999999999], [38.730989199999996, 8.9052151], [38.7310722, 8.9050909], [38.731406, 8.904857999999999], [38.7365163, 8.901290600000001], [38.7435894, 8.9025856], [38.743711999999995, 8.901138099999999], [38.7437489, 8.9007027], [38.7437664, 8.900496700000001], [38.7438755, 8.8992089], [38.7440187, 8.897519100000002], [38.7440706, 8.896907100000002], [38.7444181, 8.892805999999998], [38.744476999999996, 8.8921113], [38.7444256, 8.8916557], [38.743159399999996, 8.8804124], [38.744433699999995, 8.8794098], [38.7472947, 8.877159], [38.7452006, 8.8694904], [38.745256399999995, 8.868422899999999], [38.7455176, 8.863423699999998], [38.754117099999995, 8.8585933], [38.756465, 8.8532406], [38.761558699999995, 8.853614499999999], [38.7667901, 8.855377500000001], [38.7729918, 8.857467399999999], [38.77308070000001, 8.8573671], [38.774704799999995, 8.8555365], [38.77531119999999, 8.854853], [38.77625199999999, 8.853792599999998], [38.7773835, 8.8525172], [38.777465299999996, 8.852425], [38.7783832, 8.841808799999999], [38.778841299999996, 8.840589099999999], [38.7804734, 8.8362429], [38.7805949, 8.8359196], [38.7807118, 8.8359072], [38.78665350000001, 8.8352809], [38.7887026, 8.835469999999999], [38.7908176, 8.835665200000001], [38.791311, 8.8357107], [38.7920248, 8.835776599999999], [38.7926539, 8.835517299999998], [38.793292099999995, 8.835254299999999], [38.7953737, 8.834396299999998], [38.7964011, 8.8339728], [38.7975839, 8.833485300000001], [38.797722300000004, 8.833551], [38.802604699999996, 8.835870600000002], [38.802644799999996, 8.8358896], [38.8035188, 8.836304799999999], [38.805427699999996, 8.837211699999997], [38.805496399999996, 8.8372443], [38.80568939999999, 8.837320199999999], [38.809247299999996, 8.838718400000001], [38.81067399999999, 8.8392791], [38.812076999999995, 8.8398305], [38.8125472, 8.8400153], [38.8128757, 8.8399673], [38.8131736, 8.8399237], [38.813704099999995, 8.8398462], [38.814087199999996, 8.839790299999999], [38.81749, 8.839293099999999], [38.82439299999999, 8.8413323], [38.8238321, 8.8464486], [38.82388379999999, 8.8507622], [38.82388889999999, 8.851189200000002], [38.8239077, 8.8527583], [38.826277399999995, 8.857618], [38.826924600000005, 8.862364399999999], [38.8270464, 8.863258], [38.8294097, 8.8687822], [38.82693599999999, 8.873665899999999], [38.8269058, 8.873876899999999], [38.8260425, 8.8799007], [38.8260014, 8.880187299999998], [38.8329837, 8.882912000000001], [38.833884299999994, 8.882554299999999], [38.8339061, 8.8825456], [38.8347663, 8.882203899999999], [38.835180799999996, 8.882039299999999], [38.8406879, 8.8798516], [38.8470774, 8.8800201], [38.852982100000006, 8.881783700000002], [38.8550719, 8.8825007], [38.858388, 8.883638299999998], [38.863808999999996, 8.8828506], [38.8639182, 8.8826323], [38.86871709999999, 8.873035699999999], [38.8697133, 8.8799554], [38.8698313, 8.880774900000002], [38.8702327, 8.8816177], [38.8703082, 8.881776000000002], [38.8722608, 8.8858753], [38.87261110000001, 8.8866107], [38.873412, 8.888292299999998], [38.8740528, 8.8894694], [38.8774916, 8.8957872], [38.8737644, 8.9040822], [38.87330939999999, 8.905095], [38.877183599999995, 8.9125269], [38.879437599999996, 8.918289999999997], [38.8794471, 8.9183142], [38.878950599999996, 8.918767899999999], [38.8742431, 8.9230687], [38.8734922, 8.9237547], [38.87161150000001, 8.925094999999999], [38.8704959, 8.9258901], [38.8698269, 8.9263669], [38.8695103, 8.9265925], [38.86874280000001, 8.9271395], [38.8680702, 8.927618899999999], [38.867863400000005, 8.927749199999997], [38.8643124, 8.929986399999997], [38.8608337, 8.932178], [38.855555200000005, 8.938292900000002], [38.8596431, 8.941349599999999], [38.8614184, 8.9426771], [38.86949339999999, 8.939619599999999], [38.882081, 8.9361971], [38.8914235, 8.934332099999999], [38.8967592, 8.9370269], [38.8986066, 8.940906700000001], [38.900018599999996, 8.943872099999998], [38.9010989, 8.9461411], [38.89623479999999, 8.954837499999998], [38.9027847, 8.962411699999999], [38.90352999999999, 8.966471799999999], [38.90357770000001, 8.966731200000002], [38.903741, 8.967621000000001], [38.9040937, 8.969541999999999], [38.9062437, 8.9774187], [38.905353999999996, 8.9818541], [38.905349, 8.9818791], [38.905346699999996, 8.9818902], [38.90530289999999, 8.982108799999999], [38.9052789, 8.9822282], [38.9049628, 8.9838042], [38.904900399999995, 8.9841154], [38.904853599999996, 8.9847848], [38.9045863, 8.988611999999998], [38.904387899999996, 8.991452599999999], [38.9043387, 8.992156999999999], [38.906053799999995, 8.997531999999998], [38.90583279999999, 9.0000432], [38.905546, 9.003304000000002], [38.905355, 9.0054748], [38.905143599999995, 9.0078785], [38.905080999999996, 9.0085903], [38.9050429, 9.009023100000002], [38.9050053, 9.009450900000001], [38.905001000000006, 9.009499800000002], [38.9042695, 9.011419999999998], [38.9039552, 9.012245199999999], [38.9038721, 9.012463300000002], [38.9038064, 9.0126358], [38.9032956, 9.013976800000002], [38.90115960000001, 9.019584199999999], [38.90000209999999, 9.0223915], [38.8966598, 9.030497999999998], [38.896610900000006, 9.0305973], [38.8942587, 9.035370399999998], [38.8938157, 9.0362694], [38.8933438, 9.037226999999998], [38.890975700000006, 9.0404621], [38.890636799999996, 9.040925099999999], [38.886715599999995, 9.0462818], [38.8863238, 9.046817], [38.886254799999996, 9.046925], [38.8861274, 9.047124300000002], [38.8860026, 9.0473195], [38.8855992, 9.047950699999998], [38.885570699999995, 9.0479954], [38.8855272, 9.0480634], [38.885483, 9.048132599999999], [38.8831887, 9.0517222], [38.8829438, 9.0521054], [38.882976299999996, 9.060476999999999], [38.8819571, 9.068558699999997], [38.879110399999995, 9.0755303], [38.8790526, 9.075655800000002], [38.8773832, 9.0792785], [38.8767918, 9.080561900000001], [38.876320799999995, 9.081584099999997], [38.8754606, 9.081937100000001], [38.87222860000001, 9.0832634], [38.8682199, 9.0849085], [38.856751599999996, 9.083522499999997], [38.850697, 9.0790356], [38.84952749999999, 9.0781689], [38.8466954, 9.078349800000002], [38.8425696, 9.078613299999999], [38.8393967, 9.078128500000002], [38.832733499999996, 9.0771105], [38.82473619999999, 9.0758887], [38.82413, 9.0761092], [38.81728199999999, 9.078600499999999], [38.8142979, 9.0796862], [38.81337639999999, 9.0800214], [38.8100034, 9.0809649], [38.8081539, 9.081482199999998], [38.8078881, 9.081556500000001], [38.8061937, 9.082030399999999], [38.80609739999999, 9.0820574], [38.8051256, 9.0823292], [38.7999635, 9.078564100000001], [38.795967, 9.0781564], [38.791311799999995, 9.077681499999999], [38.784369600000005, 9.086128500000001], [38.780843499999996, 9.0904189], [38.778988, 9.092676700000002], [38.7788616, 9.0928304], [38.7788239, 9.092876300000002], [38.7781868, 9.093651500000002], [38.7733418, 9.096823200000001], [38.7726641, 9.097266899999997], [38.7723534, 9.0974703], [38.7712468, 9.098194699999999], [38.7706423, 9.098190299999999], [38.768545800000005, 9.098174799999999], [38.7675237, 9.0981673], [38.7674133, 9.098166500000001], [38.765945200000004, 9.098155700000001], [38.765769399999996, 9.0981544], [38.765214199999996, 9.0981503], [38.7592901, 9.0958949], [38.7549175, 9.0931128], [38.7529085, 9.091834500000001], [38.752722899999995, 9.0917163], [38.752459, 9.091548500000002], [38.752387399999996, 9.0915029], [38.7508564, 9.090528699999998], [38.7504665, 9.0904174], [38.750059199999995, 9.090301100000001], [38.7488795, 9.0899641], [38.74880319999999, 9.089942299999997], [38.7411482, 9.087755999999999], [38.740800099999994, 9.087656599999999], [38.7401909, 9.0874826], [38.7397342, 9.087352100000002], [38.7390446, 9.087155199999998], [38.7389936, 9.0871406], [38.7380201, 9.086862499999999], [38.73752940000001, 9.0868109], [38.73737, 9.086794099999999], [38.7333857, 9.086375], [38.73320749999999, 9.086356199999999], [38.7317538, 9.086203299999998], [38.731262799999996, 9.086151599999999], [38.72816919999999, 9.0858261], [38.727680899999996, 9.0857747], [38.727444299999995, 9.0857499], [38.727101399999995, 9.085713799999999], [38.725838599999996, 9.0859596], [38.7194536, 9.087202900000001], [38.717593699999995, 9.087565], [38.7166427, 9.0877502], [38.715644000000005, 9.087152699999999], [38.7139279, 9.0861261], [38.7136639, 9.0859681], [38.7129973, 9.0855693], [38.7126903, 9.0853856], [38.7119046, 9.084915599999999], [38.7084817, 9.082867900000002], [38.707111, 9.0820479], [38.70674969999999, 9.0818317]], [[42.208488700000004, 9.211932599999997], [42.22078870000001, 9.1963726], [42.2337187, 9.1859126], [42.246028800000005, 9.187002500000002], [42.2529088, 9.189702500000001], [42.259448899999995, 9.192272499999998], [42.2647189, 9.197887399999999], [42.272039, 9.215667399999997], [42.268719, 9.2296024], [42.26225899999999, 9.2436224], [42.2563291, 9.252552399999999], [42.255307200000004, 9.255976299999999], [42.2536491, 9.2615324], [42.249349099999996, 9.2700324], [42.25030909999999, 9.285532399999997], [42.259909199999996, 9.298832299999999], [42.2660493, 9.309772299999997], [42.265057899999995, 9.3203749], [42.26496929999999, 9.3213223], [42.2585193, 9.3344123], [42.2646094, 9.3490522], [42.2662188, 9.3526113], [42.2703127, 9.361664400000002], [42.26613950000001, 9.3659822], [42.2612695, 9.3735122], [42.257866, 9.377746999999998], [42.2529995, 9.383802199999998], [42.23807939999999, 9.384942200000001], [42.230513200000004, 9.382387499999998], [42.2218793, 9.3794723], [42.2079283, 9.371933900000002], [42.2047792, 9.370232399999999], [42.198187499999996, 9.366982199999999], [42.1874391, 9.3616824], [42.1863295, 9.3617501], [42.168579099999995, 9.3628325], [42.157943599999996, 9.3757463], [42.1574691, 9.3763225], [42.146619099999995, 9.3875125], [42.134854999999995, 9.3882937], [42.129149, 9.388672599999998], [42.1142289, 9.3725127], [42.108708799999995, 9.364122700000001], [42.0996288, 9.3503528], [42.0961219, 9.3451695], [42.09570909999999, 9.344559199999997], [42.095483699999996, 9.344226200000001], [42.09422740000001, 9.3423692], [42.0903797, 9.336682099999999], [42.0852586, 9.329112799999999], [42.085227599999996, 9.329060000000002], [42.0776083, 9.3160934], [42.0769587, 9.314988000000001], [42.07272689999999, 9.307786299999998], [42.0704685, 9.3039429], [42.0650766, 9.286203200000001], [42.0646784, 9.284892999999999], [42.0629123, 9.2768374], [42.060508299999995, 9.265873], [42.0594811, 9.2555129], [42.0592739, 9.2534228], [42.058878299999996, 9.249433000000002], [42.0591544, 9.245650999999999], [42.0597382, 9.237653], [42.0613322, 9.226459099999998], [42.0736882, 9.220963], [42.0908483, 9.225123], [42.1092483, 9.2299192], [42.11240839999999, 9.2307429], [42.1206184, 9.228442900000001], [42.12734849999999, 9.2265529], [42.1372685, 9.2158228], [42.1485585, 9.206262800000001], [42.154223099999996, 9.207635999999999], [42.165718600000005, 9.2104228], [42.1821486, 9.216892699999999], [42.1974587, 9.2198726], [42.208488700000004, 9.211932599999997]]]}}, {"type": "Feature", "properties": {"region": "Sidama", "source_region": "Sidama", "source_reg_pcode": "ET16", "analytical_region": true, "source_polygon_n": 37}, "geometry": {"type": "Polygon", "coordinates": [[[38.2536555, 6.4598386], [38.2535239, 6.4599755], [38.250946, 6.4626573], [38.2455905, 6.4682286], [38.224547199999996, 6.4620125999999996], [38.2232316, 6.461623899999999], [38.2214509, 6.461097999999999], [38.2158926, 6.463311999999999], [38.215500299999995, 6.4634683], [38.215215799999996, 6.4633862], [38.211091100000004, 6.462196299999999], [38.2088665, 6.461554500000001], [38.200360599999996, 6.4591008], [38.194256599999996, 6.4573399], [38.1929314, 6.4569576], [38.1919247, 6.456635799999999], [38.1706218, 6.4498269], [38.1552221, 6.439255999999999], [38.1434913, 6.458191800000001], [38.1447701, 6.4658657], [38.1449372, 6.4668681999999995], [38.1462222, 6.474579299999999], [38.1464636, 6.4760279999999995], [38.149369199999995, 6.4945809], [38.1496837, 6.4965892], [38.1471101, 6.498918000000001], [38.143581, 6.502111300000001], [38.1392804, 6.5060027], [38.1375982, 6.5055653], [38.114510599999996, 6.4995619], [38.1011348, 6.512691299999998], [38.095190099999996, 6.521609399999999], [38.0907315, 6.526068399999999], [38.0733926, 6.529041099999999], [38.05611379999999, 6.533557699999999], [38.0515952, 6.5347387999999995], [38.0375128, 6.555575200000001], [38.0335132, 6.5614931], [38.0188461, 6.573269399999999], [38.0164686, 6.5751783], [38.018994400000004, 6.5770916999999995], [38.0188475, 6.5778049], [38.0187738, 6.578162999999999], [38.0177377, 6.5823239], [38.017270100000005, 6.584202099999999], [38.0156424, 6.5843903], [38.0138706, 6.584865499999999], [38.0131995, 6.5853906], [38.0124335, 6.585484800000001], [38.01271859999999, 6.586538399999999], [38.01275929999999, 6.590128099999998], [38.01270890000001, 6.591420299999999], [38.012516000000005, 6.592185699999999], [38.0125362, 6.5940763], [38.01267730000001, 6.595320999999999], [38.0127666, 6.598575800000001], [38.01256749999999, 6.602404399999998], [38.0125653, 6.6035052], [38.0126572, 6.6054678], [38.01262880000001, 6.6076933], [38.0110889, 6.6118542], [38.0101255, 6.6149154999999995], [38.009739599999996, 6.6164463], [38.0095947, 6.617068199999999], [38.00971079999999, 6.6182412], [38.0098528, 6.619677200000001], [38.010563700000006, 6.623220499999999], [38.011039000000004, 6.6249443999999995], [38.0108934, 6.6259493], [38.01146500000001, 6.627338399999999], [38.0117955, 6.629636400000001], [38.012127199999995, 6.6309125999999985], [38.0129593, 6.634113900000001], [38.0136241, 6.6367955], [38.0140497, 6.6393809], [38.0146183, 6.642301599999999], [38.014616, 6.6434503], [38.0157789, 6.6484062999999995], [38.0159802, 6.6494108], [38.016584699999996, 6.652428299999998], [38.0170579, 6.6552052999999995], [38.018221800000006, 6.6596348], [38.0183617, 6.6615018], [38.0193886, 6.6656035], [38.0194365, 6.6656439], [38.0205457, 6.6665718], [38.021557400000006, 6.6664216], [38.0224721, 6.668187499999999], [38.02360309999999, 6.667710099999999], [38.0237845, 6.667646599999999], [38.025132199999994, 6.6671754], [38.02604120000001, 6.667416499999999], [38.026901599999995, 6.6680883], [38.027856500000006, 6.6693346], [38.0283338, 6.6700535], [38.0289224, 6.670855799999999], [38.0299666, 6.6710717], [38.03090819999999, 6.6712665], [38.0325676, 6.671425900000001], [38.0350556, 6.672052899999999], [38.0364887, 6.6736352000000005], [38.0368216, 6.6747366999999995], [38.03710720000001, 6.6755509], [38.037345599999995, 6.676077900000001], [38.03787, 6.6771797], [38.0379166, 6.6778499], [38.0383936, 6.6787123], [38.0386296, 6.680435799999999], [38.0382928, 6.6812967], [38.038720999999995, 6.6830943], [38.03787559999999, 6.684063999999999], [38.0356904, 6.685415900000001], [38.037078199999996, 6.6862356], [38.0378058, 6.6862005999999985], [38.03805570000001, 6.686147399999999], [38.0391151, 6.6856556000000005], [38.039916700000006, 6.6846695], [38.040364600000004, 6.6841765], [38.040766, 6.6840120999999995], [38.0410162, 6.684486799999999], [38.0413488, 6.6857797], [38.0418506, 6.686211499999999], [38.0427594, 6.6865961], [38.0444804, 6.687795999999999], [38.04519559999999, 6.6892812], [38.045528499999996, 6.6904305], [38.0456214, 6.6919144], [38.0461473, 6.692250500000001], [38.0468186, 6.691725300000001], [38.047537199999994, 6.6914395], [38.048255, 6.691584499999999], [38.049116, 6.691969099999999], [38.0499274, 6.693215], [38.0502129, 6.6941250000000005], [38.049876399999995, 6.6948423], [38.0496832, 6.695703399999999], [38.048962599999996, 6.6969943], [38.049343799999995, 6.697952300000001], [38.0494382, 6.698622599999998], [38.0491978, 6.699148600000001], [38.049316, 6.6999146], [38.0499856, 6.700251], [38.0507181, 6.7009861], [38.0515624, 6.701833499999999], [38.0521388, 6.7026767], [38.0532332, 6.704277699999999], [38.053327, 6.7053308], [38.0536123, 6.7062886], [38.0550913, 6.7089718], [38.0552808, 6.7099773], [38.0554213, 6.7116049], [38.0550589, 6.7133750999999995], [38.054577099999996, 6.714953599999999], [38.053905099999994, 6.715861699999999], [38.05390339999999, 6.716723200000001], [38.0546675, 6.717682000000001], [38.0554311, 6.7189279], [38.055477499999995, 6.7196937], [38.0560508, 6.7203171], [38.056240599999995, 6.7212268], [38.057099099999995, 6.7229037], [38.057362100000006, 6.7243131], [38.0574218, 6.724633400000001], [38.0576441, 6.725824299999999], [38.0577378, 6.7268775], [38.057793800000006, 6.7283477], [38.0578289, 6.7292708], [38.059357399999996, 6.7311404], [38.059984799999995, 6.7321811], [38.0606439, 6.734349600000001], [38.0609769, 6.7354511], [38.0617643, 6.7373078999999985], [38.0622161, 6.7383731], [38.062812699999995, 6.7393315000000005], [38.064006500000005, 6.7409611], [38.0649136, 6.742303], [38.0647673, 6.7436907999999995], [38.065053299999995, 6.7443614], [38.0657703, 6.744985], [38.066007899999995, 6.7458947999999985], [38.0665803, 6.7470446], [38.0670547, 6.7493428999999985], [38.0674845, 6.7498702999999995], [38.0674353, 6.7505881], [38.0682213, 6.752695600000001], [38.0684586, 6.753796899999998], [38.068073999999996, 6.754609800000001], [38.0670674, 6.755182199999999], [38.0664434, 6.7559947], [38.0674937, 6.757576200000001], [38.067779099999996, 6.758581799999999], [38.0687336, 6.760211000000001], [38.0692103, 6.761264899999998], [38.06939920000001, 6.7626532], [38.069685299999996, 6.763275999999999], [38.070087, 6.766052800000001], [38.070179599999996, 6.767680299999999], [38.069985700000004, 6.7689243999999995], [38.0705418, 6.7702974], [38.0708261, 6.771877399999999], [38.0714341, 6.773170899999999], [38.071971, 6.774105199999999], [38.073153999999995, 6.7751844000000006], [38.074013799999996, 6.7762629], [38.075177599999996, 6.7779703], [38.075836699999996, 6.779061100000001], [38.07650219999999, 6.7801624999999985], [38.07721670000001, 6.782102299999999], [38.0775028, 6.782749000000001], [38.07768739999999, 6.784122], [38.0778215, 6.7851187999999985], [38.07807009999999, 6.7865552], [38.078619700000004, 6.790271499999999], [38.0791074, 6.7917436], [38.0794766, 6.792857799999999], [38.0799223, 6.7938278], [38.080335, 6.794726], [38.0801897, 6.795587299999999], [38.0800085, 6.7964484999999994], [38.0807412, 6.798298600000001], [38.081206300000005, 6.799232799999999], [38.0822179, 6.8005118], [38.0829976, 6.8014977], [38.08391149999999, 6.803047100000001], [38.0846085, 6.8042289], [38.0855035, 6.805738300000001], [38.086451, 6.8079477], [38.087275299999995, 6.8088826], [38.088674100000006, 6.809818600000001], [38.0891046, 6.8100707], [38.089570099999996, 6.810789499999999], [38.089819, 6.8121182000000005], [38.0906071, 6.8131965999999995], [38.0908927, 6.814094500000001], [38.0914773, 6.8149159], [38.091435, 6.816485500000001], [38.0913709, 6.8176312999999995], [38.0913693, 6.8184928], [38.0916906, 6.819498499999999], [38.092622299999995, 6.820577200000001], [38.093338900000006, 6.8215119], [38.093416, 6.8229484], [38.0934777, 6.8240967], [38.093959, 6.8259463], [38.0947468, 6.8272042], [38.0953193, 6.828318100000001], [38.09624689999999, 6.8316224], [38.0966258, 6.8328292], [38.0971038, 6.8343522], [38.097657999999996, 6.8356635], [38.098230699999995, 6.8371024], [38.0986589, 6.8381781], [38.09951919999999, 6.8390772], [38.10002029999999, 6.8400114], [38.101023, 6.8415928], [38.1019181, 6.843066299999999], [38.102095500000004, 6.843960999999998], [38.10239849999999, 6.8454901999999995], [38.1028273, 6.8466397], [38.103171700000004, 6.847854300000001], [38.1054126, 6.8490657000000015], [38.1063735, 6.8496444], [38.106797300000004, 6.849899499999999], [38.1078044, 6.850506], [38.108330699999996, 6.851033999999999], [38.108588999999995, 6.8512930999999995], [38.1088082, 6.851513], [38.109285099999994, 6.8525669], [38.10980939999999, 6.853908], [38.110262, 6.8552012], [38.111265100000004, 6.856591099999999], [38.1124595, 6.8581249], [38.11317520000001, 6.8595621], [38.1135191, 6.860795500000001], [38.11393640000001, 6.8622917], [38.114936400000005, 6.8653568], [38.1162484, 6.868087399999999], [38.11744170000001, 6.8702434], [38.1184443, 6.8719205], [38.118681800000005, 6.872973899999999], [38.118584, 6.874074599999998], [38.1177668, 6.875700399999999], [38.117765399999996, 6.8764543], [38.1177652, 6.8765619], [38.118482199999995, 6.8773291], [38.1191981, 6.8786705999999995], [38.119927499999996, 6.8794265999999995], [38.1206321, 6.880156899999999], [38.1213238, 6.881689799999999], [38.121417099999995, 6.883030199999999], [38.12064949999999, 6.8837467], [38.1191612, 6.8857064], [38.1186013, 6.886772], [38.1183135, 6.8877963000000015], [38.118054099999995, 6.888719699999999], [38.1189585, 6.8897069], [38.11967919999999, 6.8904936], [38.1199933, 6.8907982], [38.1211134, 6.891884300000001], [38.1216471, 6.8924427999999995], [38.1222129, 6.893035000000001], [38.123479100000004, 6.8946168], [38.12429100000001, 6.895862799999998], [38.1249105, 6.897587], [38.1252895, 6.8998372], [38.126004599999995, 6.9016573], [38.1263562, 6.902518199999999], [38.12676749999999, 6.9035253999999995], [38.127339600000006, 6.9049623], [38.127554, 6.9060344], [38.1281714, 6.908409999999999], [38.128845399999996, 6.909040999999999], [38.1296058, 6.9097528], [38.1304181, 6.910807300000001], [38.13113459999999, 6.9118616], [38.131324, 6.9130585], [38.130938300000004, 6.9144458], [38.130648, 6.9160726000000015], [38.130933500000005, 6.9170783], [38.1310747, 6.918418699999998], [38.1306903, 6.919088099999998], [38.130328299999995, 6.920618999999999], [38.1306138, 6.921672599999999], [38.1306596, 6.922773500000001], [38.1309931, 6.923779199999999], [38.1310856, 6.925550299999999], [38.1309662, 6.926606899999999], [38.1308422, 6.927703699999999], [38.1298823, 6.928802800000001], [38.12906559999999, 6.930093599999999], [38.1291112, 6.931386], [38.1294388, 6.9329953], [38.1296554, 6.9340592999999995], [38.129657099999996, 6.934067400000001], [38.13003919999999, 6.9346424], [38.130978299999995, 6.934896900000001], [38.1325286, 6.9353171], [38.134347399999996, 6.9360383], [38.1354472, 6.937093299999999], [38.136210999999996, 6.938482699999999], [38.1365919, 6.939727899999999], [38.1365426, 6.940493600000001], [38.136444, 6.942072899999999], [38.13620089999999, 6.9430847], [38.1359613, 6.9440823], [38.135359799999996, 6.945612799999998], [38.13377599999999, 6.947333], [38.1331146, 6.9483090999999995], [38.1323831, 6.9493884999999995], [38.1326215, 6.9500112], [38.1335306, 6.9505393999999985], [38.13482309999999, 6.950972500000001], [38.1354446, 6.9515958], [38.1355387, 6.952553300000001], [38.1354404, 6.953893300000001], [38.135725, 6.955425399999999], [38.13567460000001, 6.9568132999999985], [38.13528960000001, 6.9578178], [38.1357207, 6.958969199999999], [38.13403029999999, 6.960043], [38.1327345, 6.961368799999999], [38.13147409999999, 6.9618313], [38.130706100000005, 6.9626914], [38.130272, 6.9643657999999995], [38.1302701, 6.9653709], [38.130236800000006, 6.9663167], [38.130168999999995, 6.968242500000001], [38.130022700000005, 6.9696302999999995], [38.130595899999996, 6.970540699999999], [38.1307622, 6.971259000000001], [38.130711, 6.9730298], [38.1301543, 6.9740099], [38.1366011, 6.975365200000001], [38.14658419999999, 6.977463899999999], [38.153240700000005, 6.9840981], [38.16009859999999, 6.990933099999999], [38.168071, 6.9988787], [38.1688736, 6.999678599999999], [38.170074, 7.000875000000001], [38.193793899999996, 7.0123455], [38.195376499999995, 7.012489899999999], [38.1975996, 7.012692899999999], [38.1991888, 7.012837899999999], [38.2007378, 7.0129793], [38.216363799999996, 7.0144056], [38.23712179999999, 7.0198453999999995], [38.2379206, 7.020054699999998], [38.2415549, 7.0282484], [38.2423115, 7.029952799999999], [38.2463404, 7.0390299999999995], [38.25443069999999, 7.0598977], [38.2718935, 7.0834786], [38.289183400000006, 7.1071097], [38.2931291, 7.110669400000001], [38.30525900000001, 7.121612799999999], [38.3098245, 7.1358602], [38.3134293, 7.1471097], [38.32189489999999, 7.1617424000000005], [38.3421931, 7.1644521999999995], [38.3558539, 7.147189699999999], [38.356913, 7.1458514], [38.3780728, 7.129760600000001], [38.3944964, 7.1237252], [38.39492039999999, 7.1235694], [38.400632699999996, 7.121470199999999], [38.4208419, 7.1225211999999996], [38.422014100000005, 7.122753000000001], [38.4245607, 7.123256400000001], [38.4256944, 7.123480599999999], [38.4425483, 7.1268126], [38.4600223, 7.118189999999999], [38.4602303, 7.1172084], [38.4639123, 7.099829199999999], [38.4729167, 7.0945582], [38.475988699999995, 7.0927599], [38.4800222, 7.0903988], [38.4820214, 7.0901947], [38.4820553, 7.090191099999999], [38.49002529999999, 7.0893777], [38.494598399999994, 7.0889108], [38.501815099999995, 7.088174200000001], [38.505101999999994, 7.0878385999999995], [38.5067658, 7.0880691], [38.5100332, 7.0885217], [38.51038769999999, 7.088570799999999], [38.5281319, 7.0910288], [38.5375173, 7.090949500000001], [38.54611450000001, 7.090876799999999], [38.5513493, 7.0964208], [38.563471899999996, 7.1092593], [38.5646523, 7.1105094], [38.566361699999995, 7.112319699999999], [38.5700564, 7.115306899999999], [38.58364159999999, 7.1262903], [38.589228399999996, 7.1258671], [38.5978584, 7.1252131], [38.5987632, 7.1251446], [38.599325199999996, 7.125102], [38.601082999999996, 7.1249688], [38.6020299, 7.124897100000001], [38.60708290000001, 7.124514199999999], [38.6099328, 7.1242982999999995], [38.6114914, 7.1241802], [38.61573889999999, 7.1211763999999995], [38.617063900000005, 7.1202394], [38.6303412, 7.110849600000001], [38.6461711, 7.0955430999999995], [38.6404212, 7.078018099999999], [38.6369512, 7.066097499999999], [38.6426061, 7.0645983999999995], [38.644411, 7.064119900000001], [38.6535111, 7.061707299999998], [38.668001000000004, 7.0598572], [38.680870899999995, 7.048356699999999], [38.681523, 7.0457325], [38.684450700000006, 7.0339514], [38.6780757, 7.0287973], [38.674380899999996, 7.0164753], [38.6771485, 7.006324], [38.6774128, 7.005354700000001], [38.6893816, 7.000867299999999], [38.6944778, 7.0088474], [38.6976598, 7.013830100000001], [38.7105007, 7.012985099999999], [38.7110141, 7.0101305], [38.71438059999999, 6.9914141], [38.71192860000001, 6.977937699999999], [38.71116789999999, 6.9737570999999985], [38.703269299999995, 6.969960899999999], [38.7005312, 6.968644999999999], [38.6947707, 6.9574925999999975], [38.701200699999994, 6.945092], [38.7046306, 6.930631399999998], [38.7018506, 6.915030700000001], [38.6997606, 6.9033402], [38.70480059999999, 6.8854393], [38.7109905, 6.8712086999999995], [38.7130954, 6.863976399999999], [38.71408470000001, 6.8605773999999995], [38.7112534, 6.8584183], [38.7099158, 6.857398300000001], [38.70193299999999, 6.8513107], [38.699469199999996, 6.8494319], [38.698342800000006, 6.848572900000001], [38.6898241, 6.8439514], [38.687044799999995, 6.8424435], [38.683153000000004, 6.8403320999999995], [38.6748585, 6.8360359], [38.6675983, 6.832275399999999], [38.66221339999999, 6.827731], [38.6553135, 6.8233806], [38.649959, 6.8196771], [38.6476936, 6.818110099999999], [38.63985340000001, 6.8126869], [38.6376573, 6.8044533], [38.637095699999996, 6.8023478], [38.636390999999996, 6.7997055], [38.636042599999996, 6.791328300000002], [38.63596019999999, 6.7893449], [38.6358033, 6.7855732], [38.635740899999995, 6.7790408], [38.635717799999995, 6.776621899999999], [38.635704, 6.7751804999999985], [38.6356709, 6.771714299999998], [38.6399022, 6.7700963000000005], [38.64349089999999, 6.7687241], [38.6445794, 6.7687907], [38.6467969, 6.7689262999999995], [38.6508134, 6.7691719], [38.6574021, 6.769574700000001], [38.6582108, 6.7696242], [38.6720007, 6.7622738], [38.675974599999996, 6.754034599999999], [38.678420599999995, 6.7489631999999995], [38.688540599999996, 6.744363000000001], [38.7003364, 6.7427541], [38.7055505, 6.7420428999999995], [38.7209404, 6.7301022999999995], [38.727360299999994, 6.7119715], [38.74229019999999, 6.700940999999998], [38.7423298, 6.700927999999999], [38.7542401, 6.697030799999999], [38.7793, 6.7002109], [38.8094476, 6.7013053], [38.8098798, 6.701320899999999], [38.8179297, 6.703611], [38.8335396, 6.6916604999999985], [38.8356544, 6.6832519], [38.836019, 6.681802299999999], [38.837751, 6.674915700000001], [38.8551194, 6.6686993999999995], [38.872382099999996, 6.6683119], [38.8769493, 6.668209399999999], [38.901769099999996, 6.6656591999999995], [38.91784899999999, 6.659208899999999], [38.9239874, 6.6578767], [38.9251042, 6.6576343], [38.930979, 6.6563593], [38.9338849, 6.655728600000001], [38.934425, 6.6556114], [38.94035739999999, 6.650940899999999], [38.9494238, 6.6438032], [38.9444588, 6.630277599999999], [38.9416788, 6.6103366999999995], [38.959640199999996, 6.600879399999998], [38.9805618, 6.6035165], [38.983258600000006, 6.6038564], [38.9842709, 6.6040456], [38.9932755, 6.6057285], [38.9957183, 6.606185], [39.0112984, 6.6090966], [39.0321983, 6.611806699999999], [39.0356306, 6.6114242999999995], [39.059308099999996, 6.608786500000001], [39.0645251, 6.598816800000001], [39.0529201, 6.5840476], [39.0484481, 6.569824800000001], [39.052568099999995, 6.556984199999999], [39.069787999999996, 6.553293999999998], [39.086217899999994, 6.545168599999999], [39.096617800000004, 6.5216126], [39.0960241, 6.499613500000001], [39.0958878, 6.4945613], [39.0958412, 6.4924257], [39.095787200000004, 6.489951899999999], [39.0957033, 6.486104699999999], [39.0953977, 6.472090299999999], [39.0999677, 6.455579599999999], [39.107076899999996, 6.438755400000001], [39.10752759999999, 6.4376887], [39.11118059999999, 6.4210512], [39.1118576, 6.4179679], [39.1154254, 6.402967399999999], [39.116657499999995, 6.397786900000001], [39.11871889999999, 6.390028300000002], [39.119399699999995, 6.387465700000001], [39.11952339999999, 6.387], [39.121227499999996, 6.3805861], [39.121285799999995, 6.3802463000000005], [39.121397900000005, 6.379591899999999], [39.1246474, 6.360635200000001], [39.125266499999995, 6.3569567000000005], [39.1273874, 6.3443545], [39.1269114, 6.3360699], [39.1257474, 6.3218935], [39.119546199999995, 6.2989942999999995], [39.109445699999995, 6.2873323], [39.1052606, 6.283612], [39.103222099999996, 6.281799899999999], [39.09794499999999, 6.277108999999999], [39.0967328, 6.276031400000001], [39.091279899999996, 6.271184199999999], [39.090850599999996, 6.2708026], [39.0859676, 6.2520103], [39.092003299999995, 6.2383728], [39.092497699999996, 6.237255900000001], [39.0939875, 6.233889500000001], [39.0942039, 6.2333085], [39.0955191, 6.2297765], [39.0997075, 6.2185288000000005], [39.0998939, 6.2177488], [39.1035975, 6.2022480999999985], [39.11320740000001, 6.1765569000000005], [39.1211485, 6.171684], [39.1304172, 6.1659964], [39.131859999999996, 6.158786199999999], [39.1028959, 6.1573405999999995], [39.089947, 6.1549159], [39.083473000000005, 6.1537036], [39.0797163, 6.153000200000001], [39.0556167, 6.145909500000001], [39.045034199999996, 6.1416670999999985], [39.034487, 6.137438799999999], [39.011317399999996, 6.1422691999999985], [38.996787600000005, 6.1452958], [38.995061799999995, 6.145655299999999], [38.9881278, 6.147099700000001], [38.968570799999995, 6.155746], [38.96059830000001, 6.1592706999999995], [38.9500485, 6.180372699999999], [38.9422186, 6.191913700000001], [38.9366488, 6.2001279], [38.9365087, 6.200334499999999], [38.92899469999999, 6.213940099999999], [38.925478899999995, 6.220306299999999], [38.920919000000005, 6.2285569999999995], [38.9036426, 6.2509561], [38.8977394, 6.2586097], [38.8855796, 6.2847721000000005], [38.8741098, 6.3008334999999995], [38.8632117, 6.310686799999999], [38.8525401, 6.320335300000001], [38.851258, 6.321765299999999], [38.849928500000004, 6.3232482], [38.8320254, 6.343216399999999], [38.8315231, 6.3435371], [38.828778899999996, 6.3452892], [38.8121308, 6.3559185], [38.79552139999999, 6.3725205], [38.785800099999996, 6.3850085], [38.783431300000004, 6.3880514], [38.7795224, 6.3918854], [38.7714915, 6.3997625000000005], [38.767382, 6.4025845], [38.7664816, 6.403202799999999], [38.757956799999995, 6.4090682999999995], [38.75276039999999, 6.4093662], [38.75001960000001, 6.4095233], [38.7468055, 6.409362100000001], [38.7386521, 6.4089533], [38.717502499999995, 6.3970322], [38.7071626, 6.3924518], [38.70257449999999, 6.3960085], [38.700774599999995, 6.397403799999999], [38.6989393, 6.398826499999999], [38.6960894, 6.4010356999999996], [38.6959128, 6.4011726000000015], [38.6906229, 6.406223], [38.672013199999995, 6.4089833], [38.6614534, 6.419084199999999], [38.6582934, 6.4201562999999995], [38.654726, 6.4213666], [38.645016, 6.423179], [38.626743999999995, 6.417034], [38.6064551, 6.4227969], [38.6063172, 6.4228361], [38.599018799999996, 6.427335199999999], [38.5990003, 6.4273466], [38.5989972, 6.427348499999999], [38.598161399999995, 6.4278637000000005], [38.5845314, 6.436265800000001], [38.583824500000006, 6.4367016], [38.583314699999995, 6.437015799999999], [38.579544299999995, 6.4377893], [38.566545000000005, 6.4404561000000005], [38.564920799999996, 6.440231299999999], [38.56020019999999, 6.4395777], [38.550607899999996, 6.4383979999999985], [38.5375805, 6.4367958], [38.52978410000001, 6.4366965], [38.51574569999999, 6.4365178], [38.503796099999995, 6.436345800000001], [38.480301499999996, 6.431425399999999], [38.4752866, 6.430375199999999], [38.47051719999999, 6.427378599999999], [38.4681541, 6.4258939], [38.4666168, 6.4249279999999995], [38.46253679999999, 6.4223645], [38.453291699999994, 6.416769200000001], [38.451525700000005, 6.4151254], [38.449285800000006, 6.4130405], [38.4483983, 6.4122145], [38.44738220000001, 6.4112687], [38.4461771, 6.4101471], [38.441037200000004, 6.405362999999999], [38.4276453, 6.3859449999999995], [38.427195399999995, 6.383589100000001], [38.42600830000001, 6.3773732999999995], [38.42541899999999, 6.3742878], [38.4245707, 6.369846], [38.4243471, 6.3686751], [38.4174668, 6.3699723], [38.41612730000001, 6.3697793], [38.4157361, 6.369286700000001], [38.4153746, 6.3686709], [38.4149148, 6.368030199999999], [38.4148793, 6.3677429], [38.41368489999999, 6.366161999999999], [38.413422, 6.3659582], [38.41274080000001, 6.3654429], [38.4123224, 6.3651911000000005], [38.411276400000006, 6.3646454], [38.4110855, 6.3642742000000005], [38.4108707, 6.3638312], [38.41078739999999, 6.3634602], [38.410142799999996, 6.3622746999999995], [38.4100178, 6.3618019], [38.4092657, 6.360484700000001], [38.4090275, 6.3595989], [38.4088912, 6.3584439], [38.4085101, 6.357031399999999], [38.4081884, 6.355930100000001], [38.407855399999995, 6.3553574], [38.4072321, 6.3550927], [38.40573429999999, 6.3555559], [38.40392670000001, 6.3560704], [38.4036688, 6.3558634], [38.4031532, 6.355243], [38.402736399999995, 6.3550708], [38.402121699999995, 6.355214699999999], [38.401403599999995, 6.355596799999999], [38.4011639, 6.356027299999999], [38.4010198, 6.356505900000001], [38.401883399999996, 6.3572152], [38.401942999999996, 6.357418699999999], [38.4021804, 6.358998599999999], [38.4019814, 6.3603565999999985], [38.40205170000001, 6.3616731], [38.4010609, 6.3622977999999994], [38.400773099999995, 6.3629197], [38.4002463, 6.3633977999999995], [38.39952819999999, 6.363779899999999], [38.3991933, 6.3637795], [38.3984756, 6.3637787], [38.398201699999994, 6.365468000000001], [38.3979742, 6.3657191], [38.39784819999999, 6.3660719], [38.397823599999995, 6.366598499999999], [38.395937200000006, 6.365977599999999], [38.3950758, 6.3661681], [38.394453600000006, 6.366310899999999], [38.3941024, 6.367611300000001], [38.393862, 6.3682612999999995], [38.3951332, 6.369536000000001], [38.395470499999995, 6.371319], [38.3971662, 6.372424499999999], [38.3990307, 6.3742942], [38.3990286, 6.3761149], [38.3990279, 6.3767559], [38.3995189, 6.3789738], [38.400150100000005, 6.381111399999999], [38.40052480000001, 6.3823802], [38.40088299999999, 6.383661499999999], [38.40127379999999, 6.3850587999999995], [38.40177709999999, 6.386653599999999], [38.40260920000001, 6.3892903], [38.4035851, 6.3923824], [38.4038958, 6.3933668], [38.4039418, 6.3949465], [38.4041322, 6.395760399999999], [38.4044661, 6.396718099999999], [38.4028858, 6.3977694], [38.4020712, 6.3988215], [38.4013523, 6.399825900000001], [38.40087330000001, 6.4002561], [38.3996731, 6.4036772], [38.3995763, 6.4046344], [38.3993915, 6.4050248], [38.400042299999996, 6.4049513], [38.398642300000006, 6.406559499999999], [38.39804079999999, 6.408318400000001], [38.3980867, 6.409945899999999], [38.398038400000004, 6.410328799999999], [38.396984599999996, 6.4112849], [38.39640980000001, 6.4118585999999995], [38.3955956, 6.4124321], [38.39458969999999, 6.4133882], [38.3942541, 6.413866499999999], [38.393485399999996, 6.4143451], [38.392626299999996, 6.4146304999999995], [38.3916214, 6.4146771], [38.39099900000001, 6.414963599999999], [38.390280800000006, 6.4153934999999995], [38.3898493, 6.4160870999999995], [38.3893225, 6.4165173], [38.3892743, 6.4167565], [38.388966499999995, 6.416756199999999], [38.388748, 6.4167559], [38.38774420000001, 6.415845200000001], [38.3874096, 6.4155576], [38.38702709999999, 6.4153179], [38.3863097, 6.4149819], [38.3857834, 6.414933400000001], [38.3848743, 6.414884499999999], [38.3842042, 6.415075099999999], [38.383878599999996, 6.4151723999999986], [38.3827682, 6.4155042], [38.380901800000004, 6.415693399999999], [38.3800885, 6.4155967], [38.379418699999995, 6.415500199999999], [38.3788447, 6.415308], [38.378223, 6.4150201000000004], [38.3774577, 6.414827700000001], [38.376979399999996, 6.414683500000001], [38.3759272, 6.4142035], [38.3752646, 6.4142027], [38.3748746, 6.4142022], [38.37353439999999, 6.4144878], [38.3730556, 6.414774400000001], [38.372118, 6.4150618], [38.370566399999994, 6.415537199999999], [38.36965730000001, 6.415536100000001], [38.3684613, 6.4152952999999995], [38.3684414, 6.4152781999999995], [38.3676487, 6.4146003], [38.3671235, 6.4137379999999995], [38.3666931, 6.413498099999999], [38.3664854, 6.4134979], [38.3658797, 6.4134971], [38.365161900000004, 6.4134962], [38.364061, 6.41383], [38.362912, 6.4143072], [38.36185880000001, 6.4147367], [38.3612846, 6.414736], [38.3605289, 6.4149322], [38.36018369999999, 6.415021799999999], [38.3599301, 6.4150377999999995], [38.3587002, 6.415115699999999], [38.357599699999994, 6.4151143], [38.3560685, 6.415112399999999], [38.355966300000006, 6.4151308], [38.355542, 6.4152074], [38.3548237, 6.415637299999999], [38.3546323, 6.415685000000001], [38.3539621, 6.415923500000001], [38.3525735, 6.4166876], [38.3519986, 6.4172134], [38.35104079999999, 6.417834399999999], [38.3501793, 6.417976899999999], [38.3488872, 6.4181189000000005], [38.348217, 6.4184052], [38.346733199999996, 6.418690499999999], [38.3462507, 6.4187735], [38.3454889, 6.4189044], [38.3445314, 6.419238200000001], [38.3438613, 6.4194288], [38.3432867, 6.419763100000001], [38.34280749999999, 6.420289100000001], [38.34213739999999, 6.4204797], [38.34147660000001, 6.4203907], [38.341419699999996, 6.420382999999999], [38.3405111, 6.419950999999999], [38.33979499999999, 6.418705600000001], [38.3387912, 6.4178906], [38.337978199999995, 6.4175545], [38.33683, 6.4174093999999995], [38.3361601, 6.4174085], [38.3355858, 6.417455599999999], [38.3352505, 6.4177424], [38.3349628, 6.418172799999999], [38.3346757, 6.4182203], [38.3307037, 6.418598099999999], [38.3299862, 6.4184057], [38.3276416, 6.4183547], [38.327140199999995, 6.4183669], [38.3266214, 6.4183796], [38.3257754, 6.418400099999999], [38.324388, 6.418182900000001], [38.323814, 6.4180864], [38.3229051, 6.417893799999999], [38.321325900000005, 6.4179874], [38.320442799999995, 6.4181187], [38.320368699999996, 6.4181297], [38.3190762, 6.4185588], [38.318214499999996, 6.4188449], [38.31639560000001, 6.4193210999999994], [38.315869299999996, 6.4193204], [38.315151199999995, 6.4195588], [38.3147205, 6.419606099999998], [38.3142706, 6.4200549], [38.3141935, 6.4201318999999994], [38.314192999999996, 6.420466900000001], [38.313858100000004, 6.420466500000001], [38.3127579, 6.4201777999999985], [38.3121364, 6.4197462], [38.3115623, 6.4196976], [38.3107489, 6.419696499999999], [38.3099833, 6.419695399999999], [38.30931340000001, 6.4196944999999985], [38.3085953, 6.419932899999999], [38.307877000000005, 6.4203627], [38.30735, 6.420840699999999], [38.3072057, 6.4214148999999985], [38.3072528, 6.4219415], [38.3068692, 6.422563200000001], [38.3065814, 6.423041499999999], [38.3060547, 6.423280099999999], [38.305767599999996, 6.4233276], [38.305432599999996, 6.423375000000001], [38.3047621, 6.423804899999999], [38.3040922, 6.423803899999999], [38.303039899999995, 6.423515300000001], [38.3023703, 6.4232511], [38.3014614, 6.4231063], [38.300551799999994, 6.4233923], [38.3000249, 6.4238222999999985], [38.2994021, 6.424395899999999], [38.298922999999995, 6.424778099999998], [38.2984438, 6.425351900000001], [38.2980126, 6.4257342], [38.2979161, 6.426308499999999], [38.297627899999995, 6.427073899999999], [38.297627, 6.427791899999999], [38.2974352, 6.4280789], [38.296765199999996, 6.428125800000001], [38.296680699999996, 6.428125700000001], [38.296191, 6.4281250000000005], [38.2959652, 6.428076300000001], [38.2948516, 6.427835999999999], [38.293846699999996, 6.4278346], [38.29284210000001, 6.4276896], [38.29193250000001, 6.428023399999999], [38.2913095, 6.428644800000001], [38.2906871, 6.4289311], [38.2899224, 6.428260000000001], [38.2895402, 6.427828599999999], [38.2890612, 6.4282109], [38.2888691, 6.4287371], [38.2888679, 6.4295987], [38.2894407, 6.4306047], [38.28967879999999, 6.431418799999999], [38.289916999999996, 6.4321371], [38.29068180000001, 6.432760399999999], [38.2910163, 6.4330481], [38.290871599999996, 6.4339094], [38.2906318, 6.434291999999999], [38.2903922, 6.434531000000001], [38.290104899999996, 6.4347221], [38.2895782, 6.434912799999999], [38.28900360000001, 6.4352471], [38.2883334, 6.435437599999999], [38.287615599999995, 6.4354366], [38.286994199999995, 6.435004999999999], [38.2865636, 6.434956499999999], [38.286372199999995, 6.434956199999999], [38.285989, 6.435242899999999], [38.2859881, 6.435865100000001], [38.285986699999995, 6.4368703], [38.28603389999999, 6.437348999999998], [38.2858885, 6.438641199999999], [38.2857595, 6.439646499999999], [38.285695, 6.4401487], [38.284593699999995, 6.4406258], [38.282726800000006, 6.4411496999999995], [38.281051399999996, 6.4415782], [38.281741200000006, 6.4399037], [38.28202909999999, 6.4393297], [38.282269400000004, 6.4386120999999985], [38.2824035, 6.43777], [38.274194800000004, 6.443060399999999], [38.2600803, 6.4521572], [38.2560635, 6.4569595999999985], [38.25602879999999, 6.457001099999999], [38.2551874, 6.4580071], [38.2536555, 6.4598386]]]}}, {"type": "Feature", "properties": {"region": "Somali", "source_region": "Somali", "source_reg_pcode": "ET05", "analytical_region": true, "source_polygon_n": 100}, "geometry": {"type": "Polygon", "coordinates": [[[39.782779999999995, 3.678329999999999], [39.7164158, 3.6156023], [39.59499, 3.5008299999999997], [39.589525099999996, 3.4860093], [39.560269999999996, 3.4066699999999996], [39.5502296, 3.4073126000000005], [39.519020000000005, 3.40931], [39.5177835, 3.4102829999999997], [39.5177824, 3.4102838999999996], [39.50208000000001, 3.422640000000001], [39.4997529, 3.4482380999999998], [39.49958, 3.4501399999999993], [39.4993206, 3.450205799999999], [39.4586583, 3.4605152], [39.450829999999996, 3.4625], [39.430136999999995, 3.4606746000000004], [39.422489999999996, 3.4600000000000004], [39.331379999999996, 3.4691699999999996], [39.32864, 3.49965], [39.29613, 3.4764999999999993], [39.295, 3.47528], [39.248889999999996, 3.47139], [39.19693999999999, 3.4786099999999998], [39.129999999999995, 3.51083], [39.1032394, 3.5247835999999992], [39.09192439999999, 3.5306835], [39.091118, 3.531104], [39.097917699999996, 3.5366901000000004], [39.2204961, 3.6024785999999995], [39.2846964, 3.6230786], [39.2907705, 3.6322014], [39.3454178, 3.7142659999999994], [39.3496679, 3.7206484000000004], [39.3530996, 3.725801999999999], [39.369237, 3.7500378], [39.399617, 3.7956586999999993], [39.4237544, 3.8386711], [39.4318172, 3.8530387999999993], [39.4356983, 3.859804600000001], [39.458120799999996, 3.8988934000000004], [39.4828475, 3.9419988], [39.496375, 3.961072499999999], [39.4996775, 3.9657289], [39.4782775, 4.040328999999999], [39.5090977, 4.114419100000001], [39.516671699999996, 4.1345445], [39.5274419, 4.1631627], [39.5287879, 4.1667391], [39.539688000000005, 4.2351692], [39.5633188, 4.2606536], [39.566968100000004, 4.2645892], [39.5750447, 4.2783077], [39.5857782, 4.2965392], [39.6032083, 4.3337692], [39.61881839999999, 4.3684692], [39.6314585, 4.402709300000001], [39.640575999999996, 4.431291299999999], [39.64205859999999, 4.435939299999999], [39.655588699999996, 4.468889299999999], [39.6746488, 4.5051893000000005], [39.6901489, 4.5432894], [39.703269, 4.5681693999999995], [39.7098291, 4.5973694], [39.7170091, 4.615679399999999], [39.7251292, 4.633059399999999], [39.735543400000005, 4.648537900000001], [39.7397093, 4.654729400000001], [39.7458993, 4.6665794], [39.7443478, 4.704307099999999], [39.7441246, 4.709734300000001], [39.743559399999995, 4.723479500000001], [39.7452542, 4.732275699999999], [39.746787999999995, 4.7402356999999995], [39.7528026, 4.7714511], [39.75600109999999, 4.7880511], [39.756108399999995, 4.7886078], [39.758509499999995, 4.8010695], [39.765069600000004, 4.8468496], [39.7714141, 4.861517], [39.7839897, 4.8905896], [39.804449899999994, 4.9514796], [39.81286000000001, 5.0020696000000004], [39.833590099999995, 5.0327696], [39.8394566, 5.046849799999999], [39.84561279999999, 5.0616255], [39.858716, 5.093074700000001], [39.8784004, 5.140319600000001], [39.888628000000004, 5.1683797], [39.9073007, 5.2196096999999995], [39.916527099999996, 5.236849500000001], [39.942290899999996, 5.2849897], [39.9798128, 5.330891], [39.9889724, 5.3420961], [39.99265889999999, 5.3466059], [40.0336814, 5.3967896], [40.0634015, 5.3785495], [40.097951599999995, 5.3648795], [40.109304, 5.3627075], [40.1345917, 5.357869399999999], [40.17443189999999, 5.353379299999999], [40.1951353, 5.354703799999999], [40.1981536, 5.3545222], [40.1985434, 5.3549218], [40.208352000000005, 5.355549299999999], [40.2247104, 5.360885499999999], [40.22785770000001, 5.3619122], [40.240632100000006, 5.3660792], [40.2443753, 5.366296300000001], [40.2766723, 5.3681692], [40.3103724, 5.3763091], [40.3140276, 5.3769335], [40.329301699999995, 5.3795424], [40.358096, 5.384460700000001], [40.3695026, 5.386409], [40.383784399999996, 5.3884408], [40.3864483, 5.3888197], [40.4092361, 5.3920615], [40.4093131, 5.392072499999999], [40.455892999999996, 5.398698899999999], [40.46132659999999, 5.399542299999999], [40.5011656, 5.405726200000001], [40.5328933, 5.4106488], [40.5480379, 5.426678100000001], [40.54898339999999, 5.4276788], [40.5493928, 5.4284183], [40.5635035, 5.4539088], [40.5810436, 5.4759487], [40.5815415, 5.4762420999999994], [40.594051500000006, 5.4836123], [40.6053837, 5.4902887], [40.6072193, 5.4931705], [40.6072257, 5.4931806], [40.61445359999999, 5.504527899999999], [40.615963699999995, 5.506898699999999], [40.6330538, 5.5300687], [40.633634799999996, 5.530200599999999], [40.641531, 5.531994399999999], [40.679584, 5.5406385999999985], [40.681469199999995, 5.5440201], [40.6943741, 5.5671686000000005], [40.6959266, 5.567891099999999], [40.7057048, 5.5724418], [40.7162976, 5.5773715], [40.7528844, 5.594398499999999], [40.7609699, 5.5997562], [40.7834445, 5.6146484], [40.8114847, 5.6349084], [40.83220480000001, 5.6558984], [40.8374181, 5.6579837], [40.8650049, 5.669018299999999], [40.9222951, 5.6833782], [40.921324199999994, 5.6859992], [40.9012752, 5.7401183], [40.893097, 5.761051699999999], [40.887526199999996, 5.775310999999999], [40.886302, 5.778444599999999], [40.8747952, 5.8078983], [40.875735299999995, 5.854648300000001], [40.876455299999996, 5.8904882999999995], [40.87753539999999, 5.944348300000001], [40.8783738, 5.9859434], [40.8784055, 5.9875183], [40.87118559999999, 6.055768400000001], [40.866675699999995, 6.076638399999999], [40.8695157, 6.0944984], [40.8664357, 6.1137684], [40.86642899999999, 6.133653399999999], [40.8678758, 6.151288399999999], [40.873500899999996, 6.1698784], [40.877975899999996, 6.187668399999999], [40.88002600000001, 6.2172284], [40.881620999999996, 6.2443433], [40.8796961, 6.266508399999999], [40.872996099999995, 6.290858399999999], [40.8645061, 6.320258399999999], [40.8619462, 6.345718399999999], [40.8639624, 6.351030100000001], [40.8644362, 6.352278399999999], [40.8610062, 6.3611084], [40.856746199999996, 6.3859084], [40.8587163, 6.413352100000001], [40.8603564, 6.436198399999999], [40.8856165, 6.4721183], [40.9000567, 6.5116382999999995], [40.9361469, 6.551158200000001], [40.9722371, 6.5870780999999985], [40.989967199999995, 6.6042381], [41.0155374, 6.644558], [41.07120769999999, 6.687897899999999], [41.0720777, 6.694327899999999], [41.075578199999995, 6.6941456], [41.0761752, 6.6934729], [41.0773905, 6.693207200000001], [41.080343899999995, 6.6930432999999985], [41.08077629999999, 6.6930188], [41.0809589, 6.6930017], [41.08229169999999, 6.6928773999999995], [41.082549400000005, 6.693782499999999], [41.1310279, 6.691257799999999], [41.156287899999995, 6.6768877], [41.174327999999996, 6.6589277], [41.180220399999996, 6.6550183], [41.2284681, 6.623007599999999], [41.283048199999996, 6.5988575], [41.31853830000001, 6.5831574], [41.358388399999995, 6.565527299999999], [41.3800385, 6.565527299999999], [41.4377887, 6.543967200000001], [41.469340100000004, 6.5163268], [41.4762687, 6.5102571000000005], [41.4885071, 6.4995373], [41.4960284, 6.492949200000001], [41.519907800000006, 6.472032799999999], [41.528008799999995, 6.464937], [41.54753089999999, 6.442959], [41.571888799999996, 6.415536899999999], [41.6193643, 6.362082300000001], [41.61968890000001, 6.361716799999998], [41.619748699999995, 6.361846700000001], [41.633348999999995, 6.391386799999999], [41.65086780000001, 6.405067900000001], [41.6561291, 6.4091767], [41.6662446, 6.4145734999999995], [41.667748399999994, 6.4153758], [41.6841692, 6.4241367], [41.690329299999995, 6.4294166], [41.691052, 6.4305892], [41.692851999999995, 6.4335097], [41.704499399999996, 6.452406599999999], [41.71819179999999, 6.4792504], [41.731962100000004, 6.506248], [41.7389296, 6.5199064999999985], [41.7578797, 6.540536399999999], [41.798769899999996, 6.5574663], [41.81966, 6.570476299999998], [41.853665899999996, 6.5689091], [41.8607301, 6.5353411999999995], [41.8879802, 6.535346199999999], [41.894998699999995, 6.5377154], [41.896974799999995, 6.538382400000001], [41.90845029999999, 6.542256099999998], [41.913680299999996, 6.5440160999999994], [41.9364104, 6.553176], [41.964700500000006, 6.570276], [41.987920599999995, 6.5823959], [41.9995407, 6.5898458999999985], [42.001062399999995, 6.5924768], [42.004040700000004, 6.5976259], [42.0064807, 6.614385899999999], [42.0003808, 6.6286459], [41.9991808, 6.641615900000001], [42.0101713, 6.654691999999999], [42.0134609, 6.658605799999999], [42.014640899999996, 6.6804458], [42.025490999999995, 6.7064157999999985], [42.055531200000004, 6.7487556999999985], [42.059545, 6.790908999999999], [42.0596327, 6.7918294999999995], [42.062880799999995, 6.8259231], [42.0669215, 6.8410855999999995], [42.075521599999995, 6.8639855], [42.0762316, 6.8867354999999995], [42.092137099999995, 6.9072358], [42.09313480000001, 6.908521599999999], [42.098731799999996, 6.915735499999999], [42.1060518, 6.9302154], [42.1085583, 6.9323510000000015], [42.124604399999996, 6.946022199999999], [42.134161999999996, 6.954165299999999], [42.13473140000001, 6.955455799999999], [42.136088199999996, 6.958531], [42.139942, 6.967265300000001], [42.140465, 6.9681798], [42.147582099999994, 6.9806253], [42.161018899999995, 7.0042599999999995], [42.1626422, 7.007115199999999], [42.1608101, 7.0232186], [42.1577844, 7.0498123999999995], [42.1576123, 7.051325199999998], [42.167696600000006, 7.0668106], [42.176796, 7.080783499999999], [42.1782792, 7.083061100000001], [42.1869625, 7.0963951], [42.19699850000001, 7.121648899999999], [42.199257300000006, 7.1273328], [42.2047027, 7.141034999999999], [42.204422699999995, 7.159224999999998], [42.2041123, 7.1706059999999985], [42.2039636, 7.176057300000001], [42.2034568, 7.1946330000000005], [42.2063265, 7.2080157], [42.2083829, 7.217605], [42.2098429, 7.2269049], [42.209845099999995, 7.2348597], [42.209853, 7.264004900000001], [42.199110100000006, 7.291440200000001], [42.1869774, 7.295793400000002], [42.174933, 7.300115000000001], [42.155502999999996, 7.308725], [42.145992899999996, 7.313235000000001], [42.1335829, 7.317335099999998], [42.1228586, 7.321669000000001], [42.11126279999999, 7.326355100000001], [42.100567999999996, 7.3306837], [42.0707427, 7.3427552], [41.9652325, 7.384115400000001], [41.8961223, 7.411205600000001], [41.8936023, 7.4186856], [41.882732399999995, 7.4654856], [41.8727525, 7.508465600000001], [41.8700894, 7.519924199999998], [41.8674682, 7.531202200000001], [41.867461000000006, 7.531233200000003], [41.8671025, 7.532775599999998], [41.8677925, 7.538175600000001], [41.878072599999996, 7.562615499999999], [41.8883528, 7.5911254999999995], [41.9048029, 7.6359254], [41.9294632, 7.6970153], [41.93893619999999, 7.719152599999999], [41.942493299999995, 7.7274652], [41.9571435, 7.7747851], [41.912403499999996, 7.844395199999998], [41.913023499999994, 7.8538152], [41.9151636, 7.883345099999999], [41.91713370000001, 7.912875100000001], [41.9184257, 7.9298924], [41.918883799999996, 7.9359251], [41.922163899999994, 7.978104999999998], [41.923043299999996, 7.9946299], [41.923120499999996, 7.996080900000003], [41.923248799999996, 7.998491499999999], [41.92544409999999, 8.039745], [41.926344199999996, 8.080564899999999], [41.929814300000004, 8.1013949], [41.9374744, 8.1435748], [41.948404599999996, 8.2008947], [41.9626048, 8.223604600000002], [42.008790100000006, 8.2947496], [42.0270538, 8.323024799999999], [42.02600559999999, 8.425834199999999], [42.041305699999995, 8.4474642], [42.0519616, 8.464902600000002], [42.0594064, 8.4770861], [42.06972599999999, 8.493974], [42.097746099999995, 8.5189889], [42.0993632, 8.520254000000001], [42.1759116, 8.5801406], [42.183756900000006, 8.5862783], [42.184009499999995, 8.586475799999999], [42.1905293, 8.5915766], [42.1917471, 8.592529299999997], [42.1983465, 8.5976922], [42.2156169, 8.611203399999999], [42.2196405, 8.616823700000001], [42.2293771, 8.630424], [42.232676999999995, 8.635033400000001], [42.23966699999999, 8.639883300000001], [42.263077100000004, 8.6359533], [42.27499710000001, 8.6151033], [42.2768295, 8.612398899999997], [42.278064, 8.6105769], [42.29468709999999, 8.586043199999999], [42.307147, 8.5596432], [42.323037, 8.5367732], [42.3313842, 8.534695200000002], [42.335502600000005, 8.533669999999999], [42.3364729, 8.5334284], [42.340095999999996, 8.5325265], [42.40605339999999, 8.5161068], [42.416554, 8.5134928], [42.421147399999995, 8.5123492], [42.447554499999995, 8.5057754], [42.502557499999995, 8.492082700000001], [42.5201375, 8.4787127], [42.5297675, 8.454832699999999], [42.53236659999999, 8.4406788], [42.534510499999996, 8.4290039], [42.5387274, 8.397222699999999], [42.5500773, 8.3505028], [42.556641500000005, 8.3117852], [42.5599971, 8.2919928], [42.5654827, 8.263604800000001], [42.56702699999999, 8.2556128], [42.578097, 8.2285328], [42.5947769, 8.1978428], [42.6047804, 8.179798800000002], [42.6159769, 8.1596028], [42.630626899999996, 8.140432800000001], [42.6514069, 8.1296728], [42.6585687, 8.1301118], [42.661356999999995, 8.130282700000002], [42.6785171, 8.1473227], [42.6793617, 8.148504299999999], [42.701597299999996, 8.1796125], [42.711157400000005, 8.2067625], [42.719147500000005, 8.2456624], [42.7348777, 8.294372300000001], [42.7475329, 8.3227272], [42.7511088, 8.3307513], [42.7539479, 8.337122200000001], [42.768167999999996, 8.3631721], [42.779378099999995, 8.373262], [42.79818819999999, 8.370072], [42.8004076, 8.370823399999999], [42.83091829999999, 8.381151899999999], [42.858098399999996, 8.3916918], [42.8721075, 8.395323099999999], [42.88440860000001, 8.398511699999998], [42.8988486, 8.409101600000001], [42.89883460000001, 8.4101427], [42.8987675, 8.415134400000001], [42.8985787, 8.4291716], [42.8970288, 8.457751499999999], [42.901050399999995, 8.469708299999999], [42.9020369, 8.472641399999999], [42.910829, 8.498781399999999], [42.912369000000005, 8.522101400000002], [42.9116759, 8.526023], [42.907609099999995, 8.5490314], [42.90531920000001, 8.5822213], [42.8987893, 8.602671299999999], [42.8840292, 8.6158463], [42.8618301, 8.634649], [42.861320299999996, 8.635080799999999], [42.85987919999999, 8.636301399999999], [42.8384192, 8.6643914], [42.8319893, 8.695231399999999], [42.837129499999996, 8.7278313], [42.8439196, 8.757921200000002], [42.8575437, 8.785123200000001], [42.859902399999996, 8.790925600000001], [42.8653598, 8.8043511], [42.865342299999995, 8.8164555], [42.8653299, 8.825111099999999], [42.85977990000001, 8.831861100000001], [42.84954990000001, 8.8442911], [42.828069799999994, 8.855791099999998], [42.82338099999999, 8.8587057], [42.8051598, 8.870031200000001], [42.8012137, 8.874284999999999], [42.783999800000004, 8.8928412], [42.7611798, 8.917711299999999], [42.730639800000006, 8.948021299999999], [42.7030698, 8.9809114], [42.680129799999996, 9.015021399999998], [42.67406270000001, 9.0284785], [42.6724842, 9.0312248], [42.6622899, 9.0489614], [42.646813900000005, 9.0696823], [42.644349899999995, 9.0729814], [42.6192999, 9.0892815], [42.59934560000001, 9.1061743], [42.602075, 9.1094999], [42.6025618, 9.110092999999999], [42.609429899999995, 9.1184614], [42.6156788, 9.123649300000002], [42.619029999999995, 9.1264314], [42.62596, 9.132081399999997], [42.6274612, 9.134032], [42.629072199999996, 9.1361254], [42.6351101, 9.1439713], [42.6347002, 9.158521300000002], [42.6247701, 9.166031299999998], [42.6143001, 9.1739613], [42.595480099999996, 9.193591399999999], [42.58359019999999, 9.2153814], [42.57961019999999, 9.237501299999998], [42.5709903, 9.258181299999999], [42.5610803, 9.2703013], [42.5513603, 9.2865714], [42.54695029999999, 9.305231299999999], [42.556290399999995, 9.321051299999999], [42.5548182, 9.3286123], [42.5515805, 9.345241300000001], [42.5454331, 9.3573126], [42.5435192, 9.361070600000001], [42.537453299999996, 9.3729818], [42.53913959999999, 9.3740256], [42.54772, 9.3793372], [42.5521819, 9.3820993], [42.5671222, 9.396105699999998], [42.58486380000001, 9.409178299999999], [42.60353909999999, 9.4166483], [42.6175456, 9.426919600000002], [42.6408898, 9.4474622], [42.655830099999996, 9.455866], [42.666101499999996, 9.4586673], [42.6819756, 9.469872299999999], [42.7006509, 9.4717398], [42.7146574, 9.474541000000002], [42.71962219999999, 9.47752], [42.7286639, 9.4829448], [42.7292379, 9.483877600000001], [42.7361341, 9.4950837], [42.73644749999999, 9.4952665], [42.74733929999999, 9.50162], [42.776286, 9.511891199999999], [42.787491200000005, 9.523096299999999], [42.8014978, 9.549241499999997], [42.8136368, 9.572585499999997], [42.840716099999995, 9.5828568], [42.8640602, 9.586591699999998], [42.8799342, 9.584724099999999], [42.8920731, 9.5744527], [42.9088809, 9.5632476], [42.9210198, 9.565115], [42.929003900000005, 9.5735342], [42.93019429999999, 9.574789599999999], [42.9384416, 9.583486399999998], [42.943430299999996, 9.5875252], [42.968641999999996, 9.5921939], [42.979847199999995, 9.607134000000002], [42.9779797, 9.628610499999999], [42.9639734, 9.6556896], [42.9509007, 9.672497299999998], [42.935026699999995, 9.6799675], [42.925689, 9.672497400000001], [42.9172851, 9.657557299999999], [42.9079474, 9.6500873], [42.897676, 9.6500873], [42.85378910000001, 9.6622263], [42.8229749, 9.674365300000002], [42.7902932, 9.6930406], [42.779088, 9.698643200000001], [42.7724657, 9.701420599999997], [42.750141299999996, 9.7107822], [42.740058499999996, 9.7160637], [42.7305323, 9.721053699999999], [42.72707039999999, 9.7250926], [42.7137246, 9.7406627], [42.7133802, 9.741257599999999], [42.7034532, 9.7584042], [42.6941156, 9.768675499999999], [42.68104290000001, 9.7742782], [42.663794599999996, 9.7765491], [42.6474273, 9.775212], [42.6184806, 9.7584045], [42.59513640000001, 9.7481332], [42.5680571, 9.7369282], [42.529772699999995, 9.727590700000002], [42.4989584, 9.7210545], [42.4746805, 9.7210546], [42.4485351, 9.721988399999999], [42.4242572, 9.7191872], [42.4007691, 9.7161566], [42.39531050000001, 9.715452299999999], [42.392640799999995, 9.715222500000001], [42.3765722, 9.7138396], [42.3632196, 9.716420000000001], [42.355761, 9.717861299999997], [42.346191, 9.7213613], [42.3397728, 9.7196176], [42.293520900000004, 9.7574914], [42.2629138, 9.7762026], [42.2509908, 9.7834915], [42.215150799999996, 9.7837297], [42.2133507, 9.7837417], [42.1857705, 9.7735618], [42.1653123, 9.7530886], [42.15688259999999, 9.7446515], [42.12605670000001, 9.7138016], [42.12228609999999, 9.710028099999999], [42.117208600000005, 9.7049468], [42.0328328, 9.6205075], [42.030809399999995, 9.6184826], [42.0189093, 9.6179226], [42.0083893, 9.6221626], [41.99642929999999, 9.6311627], [41.9660983, 9.647335999999997], [41.9581917, 9.651551999999999], [41.9523392, 9.6546728], [41.9463018, 9.6578914], [41.93584899999999, 9.663464], [41.9261487, 9.668059900000001], [41.9061391, 9.6793029], [41.873239, 9.683883], [41.8620402, 9.678193900000002], [41.8532789, 9.673743100000001], [41.8377462, 9.662184300000002], [41.8309516, 9.657128000000002], [41.8245447, 9.6523602], [41.8156525, 9.645742999999998], [41.8086786, 9.640553299999999], [41.808388799999996, 9.6406238], [41.80459940000001, 9.6415464], [41.8010385, 9.642413299999998], [41.7995802, 9.6433748], [41.7991113, 9.6436841], [41.7909985, 9.6490333], [41.7738285, 9.6537034], [41.7606797, 9.6439728], [41.75574830000001, 9.640323400000002], [41.748601900000004, 9.6363535], [41.74886969999999, 9.615786700000001], [41.749068199999996, 9.6005535], [41.7316943, 9.508467600000001], [41.728027700000005, 9.4890338], [41.7346177, 9.4714838], [41.7307229, 9.470269499999999], [41.7239651, 9.4681628], [41.7219476, 9.4675338], [41.703421899999995, 9.466705099999999], [41.702277599999995, 9.466653899999999], [41.70065040000001, 9.4668557], [41.670197400000006, 9.470634], [41.6689365, 9.4714672], [41.65415739999999, 9.481233999999999], [41.64259750000001, 9.515144], [41.634416200000004, 9.5136339], [41.63273739999999, 9.513323999999997], [41.620837, 9.5126748], [41.597727299999995, 9.5114141], [41.564157099999996, 9.5069442], [41.540606999999994, 9.4995843], [41.5220669, 9.4853244], [41.506656799999995, 9.470504499999999], [41.5003213, 9.465223], [41.4909667, 9.4574245], [41.4790366, 9.4600246], [41.46326510000001, 9.4653835], [41.458876599999996, 9.466874599999997], [41.432616499999995, 9.475854700000001], [41.3930863, 9.485754799999999], [41.385363999999996, 9.486746199999999], [41.3590362, 9.4901249], [41.3369574, 9.494542700000002], [41.3364961, 9.494635], [41.308696, 9.503075100000002], [41.2796759, 9.5015351], [41.267555900000005, 9.4993652], [41.267441700000006, 9.499378499999999], [41.2629809, 9.499897299999999], [41.260505800000004, 9.500185199999999], [41.25826, 9.5002383], [41.25225079999999, 9.5003802], [41.239315700000006, 9.4987953], [41.2305857, 9.495680300000002], [41.2198856, 9.4907154], [41.2149656, 9.4860954], [41.211569999999995, 9.480993200000002], [41.19522889999999, 9.4627677], [41.1948054, 9.462295500000002], [41.1918435, 9.459754499999999], [41.1814272, 9.4508188], [41.1704553, 9.441405600000001], [41.1600529, 9.4344267], [41.1454451, 9.4246257], [41.114714899999996, 9.414055799999998], [41.0835448, 9.404415900000002], [41.0564846, 9.391066], [41.03008440000001, 9.3724561], [41.0140743, 9.357206099999999], [41.000577799999995, 9.3548805], [40.9960842, 9.354106200000002], [40.9773858, 9.352077999999999], [40.9763427, 9.351964799999998], [40.970714099999995, 9.351506299999999], [40.96310809999999, 9.344445799999999], [40.959809400000005, 9.341383200000001], [40.953554000000004, 9.3355763], [40.9269739, 9.3231264], [40.902963699999994, 9.3182165], [40.87410359999999, 9.309446599999998], [40.84410340000001, 9.304796699999999], [40.82475339999999, 9.3053568], [40.812563299999994, 9.310926799999999], [40.808513399999995, 9.3267568], [40.800323399999996, 9.3451268], [40.7926234, 9.3673968], [40.7888234, 9.386896799999999], [40.79205599999999, 9.390070699999997], [40.7976435, 9.3955567], [40.82806359999999, 9.393096600000002], [40.843133699999996, 9.3892366], [40.858223699999996, 9.3853666], [40.891213900000004, 9.3895365], [40.913854, 9.3971964], [40.927514099999996, 9.405136299999999], [40.9268591, 9.4062312], [40.9175241, 9.4218364], [40.889994099999996, 9.448646399999998], [40.862184, 9.463016500000002], [40.842363899999995, 9.4635865], [40.815763800000006, 9.4527366], [40.78322359999999, 9.4478867], [40.7486034, 9.4448668], [40.7342531, 9.4443785], [40.7195333, 9.4438769], [40.7070933, 9.4462269], [40.698563199999995, 9.447647], [40.69773179999999, 9.4471045], [40.6961389, 9.4460651], [40.6968421, 9.449470300000002], [40.6966521, 9.4508102], [40.696182199999996, 9.502225700000002], [40.70220239999999, 9.536092700000001], [40.717722800000004, 9.5693197], [40.725023, 9.593577499999999], [40.733733300000004, 9.610136099999998], [40.7385234, 9.6250447], [40.7518938, 9.6546121], [40.7552021, 9.658328899999999], [40.76629409999999, 9.670790600000002], [40.7717879, 9.6794589], [40.7794911, 9.6916134], [40.7787489, 9.6921065], [40.80147449999999, 9.726746300000002], [40.80210379999999, 9.7277052], [40.82556479999999, 9.7634562], [40.8473349, 9.7903261], [40.877535200000004, 9.818306], [40.9130454, 9.8509358], [40.9466757, 9.880355699999997], [40.9787459, 9.911545600000002], [40.996556000000005, 9.9286955], [41.013936099999995, 9.939205399999997], [41.0158725, 9.942514], [41.0195662, 9.948825399999999], [41.0133562, 9.9599954], [40.998936199999996, 9.967835400000002], [40.9806561, 9.969045499999998], [40.965806, 9.9716855], [40.9600716, 9.979038400000002], [40.953475999999995, 9.987495500000001], [40.946036, 10.001315499999999], [40.9365561, 10.0352455], [40.9486863, 10.0677554], [40.953846399999996, 10.0957254], [40.974676699999996, 10.156645199999998], [40.978512599999995, 10.191795200000001], [40.97882679999999, 10.194675199999999], [40.989947, 10.2399051], [40.9985969, 10.2830748], [40.9998272, 10.289215], [41.0050974, 10.3188449], [41.015027499999995, 10.343174800000002], [41.0304377, 10.4004447], [41.0318478, 10.422004699999999], [41.03763850000001, 10.443543799999999], [41.0384479, 10.446554599999999], [41.0471481, 10.477624499999997], [41.056978199999996, 10.5002845], [41.06137830000001, 10.5166544], [41.0713084, 10.540984299999998], [41.0803286, 10.5743643], [41.08703870000001, 10.6005642], [41.0824488, 10.632514199999997], [41.0778888, 10.639474199999997], [41.0789889, 10.658844099999998], [41.0772689, 10.681154099999997], [41.089979, 10.696973999999999], [41.11486920000001, 10.720313899999999], [41.133109399999995, 10.7440838], [41.1427152, 10.753425900000002], [41.1427084, 10.753433099999999], [41.1492195, 10.7597648], [41.166429699999995, 10.7797136], [41.166758, 10.7799379], [41.1908799, 10.796413499999998], [41.1970257, 10.8052695], [41.207460000000005, 10.8203034], [41.2200601, 10.834463399999999], [41.231980300000004, 10.8636533], [41.2336004, 10.8911832], [41.2407505, 10.921363099999999], [41.2504337, 10.9342547], [41.2681608, 10.957852999999998], [41.26942, 10.958096600000001], [41.2804609, 10.960232899999998], [41.30028099999999, 10.964062899999998], [41.3485812, 10.962532699999997], [41.3922214, 10.966312499999999], [41.41008149999999, 10.9584725], [41.484071799999995, 10.966902200000002], [41.5184225, 10.965211799999999], [41.58223230000001, 10.9620718], [41.5954244, 10.962891999999998], [41.6341825, 10.9653016], [41.680832699999996, 10.963881500000001], [41.699542799999996, 10.969311399999999], [41.71761289999999, 10.9647813], [41.73954299999999, 10.9683312], [41.7604532, 10.9819411], [41.7633632, 10.9908711], [41.7689132, 10.9912111], [41.7701388, 10.9910003], [41.7859656, 10.988278300000001], [41.78950989999999, 10.9876687], [41.81075250000001, 10.9840152], [41.8117046, 10.983851399999999], [41.811854100000005, 10.9837881], [41.8136012, 10.9830486], [41.837219999999995, 10.973049999999999], [41.88194, 10.96083], [41.91805, 10.953609999999998], [41.94028, 10.95], [41.99194, 10.942219999999999], [42.01972, 10.944720000000002], [42.08034, 10.977430000000002], [42.12555, 10.99944], [42.171659999999996, 11.00028], [42.30055, 11.011389999999999], [42.358889999999995, 11.01916], [42.50111, 11.063609999999999], [42.60823999999999, 11.091579999999999], [42.624671400000004, 11.0943892], [42.63988140000001, 11.096989599999999], [42.64041, 11.09708], [42.7469702, 11.0781369], [42.74819, 11.077919999999999], [42.759789999999995, 11.059099999999999], [42.7693, 11.02319], [42.79222, 10.997779999999997], [42.792710299999996, 10.997532900000001], [42.81097, 10.98833], [42.845410699999995, 10.985639299999999], [42.847706099999996, 10.98546], [42.8584221, 10.984622800000002], [42.862632399999995, 10.984293899999999], [42.890969999999996, 10.98208], [42.944089999999996, 11.00244], [42.937316599999996, 10.9904267], [42.917500000000004, 10.955280000000002], [42.85499999999999, 10.89222], [42.838609999999996, 10.87389], [42.76416, 10.78042], [42.664789999999996, 10.632909999999999], [42.68111, 10.58278], [42.709439999999994, 10.536109999999999], [42.72222, 10.517919999999998], [42.74666, 10.495690000000002], [42.78611, 10.455549999999999], [42.79708, 10.42278], [42.8009957, 10.396322200000002], [42.803329999999995, 10.380550000000001], [42.80611, 10.349999999999998], [42.8069588, 10.347169799999998], [42.81693999999999, 10.313889999999999], [42.821024699999995, 10.302458999999999], [42.85069, 10.219439999999997], [42.86416, 10.20055], [42.8799798, 10.1837507], [42.890969999999996, 10.172079999999998], [42.922779999999996, 10.14778], [42.95326, 10.1325], [42.972883499999995, 10.121814599999999], [42.98055000000001, 10.11764], [42.9833291, 10.1145163], [42.9996996, 10.096115799999998], [43.01304999999999, 10.081109999999999], [43.0251182, 10.049862000000001], [43.03471999999999, 10.025], [43.04277, 9.993059999999998], [43.05165999999999, 9.96819], [43.06305, 9.948750000000002], [43.0843, 9.924859999999999], [43.11028, 9.90889], [43.147839999999995, 9.902780000000002], [43.1619248, 9.902780000000002], [43.180409999999995, 9.902780000000002], [43.194665099999995, 9.8964651], [43.20409, 9.89229], [43.2159279, 9.875704299999999], [43.22044939999999, 9.8693695], [43.22486, 9.86319], [43.2250486, 9.862256799999997], [43.237770000000005, 9.799299999999999], [43.246379999999995, 9.750829999999999], [43.260549999999995, 9.68472], [43.267219999999995, 9.664439999999999], [43.275279999999995, 9.64556], [43.28333, 9.63472], [43.30527, 9.62833], [43.32846999999999, 9.619579999999997], [43.3329063, 9.6148045], [43.333072699999995, 9.614883100000002], [43.3338099, 9.6152312], [43.3338429, 9.6152467], [43.3390485, 9.6082394], [43.348308700000004, 9.5987602], [43.3493188, 9.597136799999998], [43.3828866, 9.561002], [43.38666, 9.556939999999999], [43.4006091, 9.532624799999997], [43.4273568, 9.486000299999999], [43.427769999999995, 9.485280000000001], [43.427075699999996, 9.4788255], [43.4266894, 9.4752342], [43.42514, 9.46083], [43.42583, 9.434580000000002], [43.4271305, 9.433188300000001], [43.441660000000006, 9.41764], [43.49311629999999, 9.3863115], [43.544849500000005, 9.3548155], [43.55527, 9.34847], [43.583059999999996, 9.33611], [43.623429800000004, 9.352866699999998], [43.62722, 9.354440000000002], [43.65483809999999, 9.3292662], [43.6566956, 9.3275731], [43.66318179999999, 9.321660999999999], [43.72778, 9.26278], [43.7492419, 9.2433833], [43.8607174, 9.1426347], [43.976405500000006, 9.0380788], [44.010549999999995, 9.007219999999998], [44.06447889999999, 8.989349599999999], [44.115113199999996, 8.9725709], [44.185769199999996, 8.949157699999999], [44.1874428, 8.9486031], [44.65047, 8.795169999999999], [44.661457899999995, 8.7915289], [44.6852112, 8.783657799999999], [44.697125899999996, 8.7797096], [45.504358599999996, 8.507762099999999], [45.9355664, 8.3653775], [46.0944424, 8.3120133], [46.100326499999994, 8.3100358], [46.318724599999996, 8.236580099999998], [46.40671950000001, 8.206898299999999], [46.4066495, 8.206786], [46.4322649, 8.1981004], [46.451712699999995, 8.191505099999999], [46.552769999999995, 8.157219999999999], [46.7477473, 8.0910181], [46.79083, 8.076389999999998], [46.840662099999996, 8.0592131], [46.8894295, 8.0424087], [46.99472, 8.00611], [47.011939999999996, 8.001109999999999], [47.04902319999999, 8.001522200000002], [47.086929999999995, 8.00194], [47.518964399999994, 8.0030936], [47.607499999999995, 8.00333], [47.74638, 8.00361], [47.85055, 8.00305], [47.90249, 8.00305], [47.9497974, 8.0036348], [47.98824, 8.004109999999999], [47.98722000000001, 8.001109999999999], [47.9841, 7.998080000000002], [47.962875000000004, 7.977505799999999], [47.9601245, 7.974838499999999], [47.939544999999995, 7.9548815], [47.9296826, 7.945317299999999], [47.90405, 7.92046], [47.89878979999999, 7.915508300000003], [47.8812163, 7.898965400000001], [47.848082999999995, 7.8677752000000005], [47.847001399999996, 7.866757100000003], [47.813676199999996, 7.835386199999998], [47.7851723, 7.808554000000002], [47.76184, 7.7865899999999995], [47.752707799999996, 7.777993599999999], [47.718277099999995, 7.7455832], [47.7129711, 7.740588499999998], [47.6855699, 7.714795199999999], [47.658049999999996, 7.688889999999999], [47.555550000000004, 7.59222], [47.550090399999995, 7.5870399], [47.543745799999996, 7.581020100000002], [47.2190365, 7.273334900000002], [46.99139, 7.05694], [46.967642399999995, 7.0327782], [46.965079599999996, 7.030170699999998], [46.77337, 6.835117299999999], [46.56139, 6.619440000000001], [46.304530799999995, 6.3570481999999995], [46.1540174, 6.202962299999999], [46.11398, 6.162030000000001], [45.996488, 6.0419072], [45.99027, 6.03555], [45.98922749999999, 6.034448800000001], [45.95583, 5.9991699999999994], [45.8960503, 5.934044], [45.71666, 5.7386099999999995], [45.633719299999996, 5.6477898], [45.489399999999996, 5.48976], [45.3792269, 5.369128499999999], [45.37447, 5.36392], [45.3717971, 5.361004299999999], [45.096109999999996, 5.06028], [45.0755146, 5.037482], [45.007839999999995, 4.9625699999999995], [45.0, 4.95431], [44.9900612, 4.943837600000001], [44.950829999999996, 4.902500000000001], [44.7668166, 4.914169399999999], [44.51276999999999, 4.93028], [44.466899999999995, 4.93353], [44.325965, 4.9420198], [44.29027, 4.944169999999999], [44.221669999999996, 4.9483299999999995], [44.05902999999999, 4.95861], [43.981939999999994, 4.963049999999999], [43.95986, 4.95139], [43.92221999999999, 4.9344399999999995], [43.887209999999996, 4.9227799999999995], [43.85583, 4.913889999999999], [43.83305, 4.910279999999999], [43.8270848, 4.9094977], [43.823424599999996, 4.9090178], [43.7986319, 4.869217699999999], [43.53971899999999, 4.7897422], [43.5127319, 4.8211802], [43.5085458, 4.829276600000001], [43.505815399999996, 4.828206], [43.490550000000006, 4.82222], [43.4166678, 4.7902676], [43.3896966, 4.778603099999999], [43.3753683, 4.7724065], [43.35888999999999, 4.76528], [43.35820449999999, 4.7649731], [43.32166, 4.74861], [43.19359999999999, 4.687780000000001], [43.15818999999999, 4.666390000000001], [43.08083, 4.604170000000001], [43.075801, 4.6000085], [42.98569, 4.5254199999999996], [42.96888, 4.504309999999999], [42.95722, 4.48111], [42.94652, 4.446110000000001], [42.93361, 4.38875], [42.930016099999996, 4.3822271], [42.91999, 4.36403], [42.87666, 4.31833], [42.855689999999996, 4.304719999999999], [42.831669999999995, 4.29528], [42.82252739999999, 4.2928225], [42.8040496, 4.287855899999999], [42.773573999999996, 4.279664299999999], [42.768609999999995, 4.278329999999999], [42.740829999999995, 4.27278], [42.72653, 4.27119], [42.65610999999999, 4.26472], [42.62228999999999, 4.26042], [42.5637894, 4.2469069], [42.566458700000005, 4.2449409], [42.5850873, 4.214725200000001], [42.5739403, 4.2120109], [42.56571580000001, 4.209838899999999], [42.55453109999999, 4.2062501999999995], [42.5426292, 4.2049518], [42.5273482, 4.2030047999999995], [42.51674800000001, 4.202878500000001], [42.4941186, 4.202609], [42.4858284, 4.203319999999999], [42.475521099999995, 4.202731099999999], [42.4720994, 4.2023468], [42.456862199999996, 4.2006350999999995], [42.445549, 4.1993642], [42.41903609999999, 4.195251499999999], [42.370979299999995, 4.189451199999999], [42.3269982, 4.1862698], [42.2661512, 4.1826809], [42.1934432, 4.1789702], [42.138561300000006, 4.1794761], [42.1171799, 4.179673200000001], [42.0977402, 4.1797271], [42.0876694, 4.1793652], [42.0845464, 4.1777977], [42.08440660000001, 4.177624], [42.0801582, 4.1753569], [42.069023099999995, 4.1683121], [42.0610886, 4.1615391], [42.0511398, 4.1515188], [42.04315950000001, 4.141768], [42.035346999999994, 4.1322231], [42.008708999999996, 4.1015147999999995], [42.0, 4.0933671], [41.979049700000004, 4.0951862], [41.9742203, 4.0805588], [41.97267909999999, 4.0793748], [41.9669113, 4.080088100000001], [41.94622040000001, 4.0556641], [41.9459915, 4.0445899999999995], [41.946090700000006, 4.0440249], [41.9469104, 4.0394042], [41.9489555, 4.027874899999999], [41.94345859999999, 4.0166588], [41.931463, 4.0067793], [41.92639919999999, 4.0026088], [41.9214249, 3.9941170000000006], [41.9137013, 3.991000600000001], [41.9130898, 3.990753899999999], [41.912446599999996, 3.9894298], [41.9068985, 3.978007999999999], [41.8990784, 3.9754939], [41.899071299999996, 3.9754983000000004], [41.8938293, 3.9787599999999994], [41.8900909, 3.9784390999999997], [41.8824374, 3.9715988999999996], [41.8814412, 3.9707085000000006], [41.8781509, 3.9677680000000004], [41.870424799999995, 3.9655983000000004], [41.863864899999996, 3.9637561], [41.8604584, 3.9612181000000004], [41.8600949, 3.9605639999999998], [41.8573177, 3.9555662], [41.85668179999999, 3.9544219999999997], [41.8520699, 3.950187], [41.845451399999995, 3.9500520000000003], [41.8450207, 3.9504892000000003], [41.840557100000005, 3.95502], [41.838115699999996, 3.952358], [41.836748799999995, 3.9495101999999997], [41.835556000000004, 3.9470250999999994], [41.833488499999994, 3.9458809], [41.829361, 3.9468141], [41.8243103, 3.9445291000000005], [41.8206482, 3.9461500999999997], [41.819969199999996, 3.948223099999999], [41.82250979999999, 3.9537369999999994], [41.8223244, 3.9539476000000002], [41.82215329999999, 3.954142], [41.820682500000004, 3.9558129], [41.81588130000001, 3.955929700000001], [41.8099098, 3.9560749999999993], [41.8057785, 3.9574679999999995], [41.8021088, 3.9554091], [41.798214, 3.9568009], [41.7947884, 3.9602621000000005], [41.792980199999995, 3.9690100999999998], [41.792989299999995, 3.9690607], [41.7941399, 3.9754479], [41.792549099999995, 3.9793638999999996], [41.7872696, 3.9770789], [41.785459700000004, 3.9772241999999993], [41.784290299999995, 3.977318], [41.7822342, 3.9793939999999988], [41.7780876, 3.9738860000000003], [41.772579199999996, 3.972291], [41.7540245, 3.9767178999999997], [41.753768900000004, 3.9784009], [41.753570599999996, 3.9797100999999997], [41.755420699999995, 3.9847659999999996], [41.7515259, 3.9854669999999994], [41.746933000000006, 3.9834099000000003], [41.7441902, 3.9859489999999993], [41.7407494, 3.9845791], [41.7357101, 3.9868938999999997], [41.7341194, 3.9914998999999995], [41.7302055, 3.9866799999999993], [41.7235603, 3.9871600000000003], [41.72058869999999, 3.99246], [41.713691700000005, 3.9832780000000003], [41.69258119999999, 3.978048099999999], [41.687511400000005, 3.9697799999999996], [41.6840706, 3.97071], [41.6806297, 3.9693400999999997], [41.6744118, 3.959924899999999], [41.663879400000006, 3.9657071], [41.65516660000001, 3.9655019999999994], [41.63159939999999, 3.982362000000001], [41.6277008, 3.983293999999999], [41.617820699999996, 3.9738890999999987], [41.6081848, 3.9729959999999997], [41.6022301, 3.9748520999999988], [41.5932732, 3.970046000000001], [41.588001299999995, 3.9693698999999993], [41.5820389, 3.9712268999999996], [41.5763092, 3.970783], [41.569774599999995, 3.9679250999999995], [41.566898300000005, 3.9666669], [41.56026079999999, 3.9708271], [41.557064100000005, 3.9758971], [41.554451, 3.9782529], [41.55332959999999, 3.979262299999999], [41.5506592, 3.9816661000000004], [41.5451584, 3.9821400999999996], [41.5315277, 3.9750518], [41.5240326, 3.971154], [41.5182686, 3.9596669999999996], [41.509769399999996, 3.9546279999999996], [41.50519179999999, 3.954870899999999], [41.50680919999999, 3.961998], [41.5056686, 3.9647620000000012], [41.4997101, 3.9636270999999996], [41.48937989999999, 3.9579029], [41.4843292, 3.958607], [41.482040399999995, 3.9574621000000008], [41.4803584, 3.953610200000001], [41.4797325, 3.952176999999999], [41.47717579999999, 3.9525254999999997], [41.4762917, 3.952645999999999], [41.4753669, 3.9533302], [41.4728584, 3.9551859], [41.46930270000001, 3.953590499999999], [41.468269299999996, 3.9531269000000004], [41.4664386, 3.95392], [41.4602547, 3.9565990000000006], [41.4589577, 3.9563428999999997], [41.4467187, 3.95392], [41.44533920000001, 3.9536469000000003], [41.443417499999995, 3.95392], [41.43709179999999, 3.9548189999999996], [41.4355646, 3.9479040000000003], [41.43546679999999, 3.9474609], [41.4301872, 3.944943899999999], [41.4276601, 3.9452889], [41.426750199999994, 3.945413099999999], [41.4259148, 3.9460639999999993], [41.4241679, 3.9474249], [41.4217148, 3.9493361000000005], [41.4191895, 3.947962999999999], [41.413688699999994, 3.948896899999999], [41.405448899999996, 3.953289000000001], [41.394695299999995, 3.962287899999999], [41.3912544, 3.9627571], [41.3786163, 3.9517459999999995], [41.3754001, 3.951607700000001], [41.373569499999995, 3.9515290000000003], [41.369920799999996, 3.9528318000000002], [41.3657837, 3.9543089999999994], [41.359603899999996, 3.958925], [41.359382599999996, 3.9609959], [41.3545647, 3.9603181], [41.3541908, 3.9597590000000005], [41.348350499999995, 3.9509010000000004], [41.3389397, 3.946553], [41.3353591, 3.9436931000000013], [41.333093899999994, 3.9418838], [41.33293129999999, 3.9417904], [41.3329533, 3.9417714999999998], [41.3297501, 3.939212999999999], [41.328064, 3.938992000000001], [41.3263092, 3.9387619999999997], [41.3226471, 3.9406109], [41.320724999999996, 3.9430782000000004], [41.3201332, 3.9438378999999997], [41.314933800000006, 3.9442749], [41.3098297, 3.9478668999999997], [41.28655239999999, 3.948429100000001], [41.28173830000001, 3.9485449999999997], [41.27806849999999, 3.9497941000000005], [41.2772751, 3.9517369], [41.2757759, 3.9554150000000003], [41.2521896, 3.9547018999999985], [41.235302, 3.9588849999999995], [41.2327042, 3.9574599000000004], [41.2301102, 3.9560349], [41.2270775, 3.9498911000000003], [41.21454999999999, 3.9535060000000013], [41.20887760000001, 3.950726999999999], [41.20320889999999, 3.947948], [41.2028785, 3.9414309999999997], [41.20280639999999, 3.9400091000000006], [41.2027512, 3.938919099999999], [41.20098110000001, 3.9381060999999997], [41.194887699999995, 3.9394400999999997], [41.1948985, 3.9395355], [41.194547799999995, 3.9395145000000005], [41.1858711, 3.9414141000000003], [41.181571999999996, 3.939518], [41.1692657, 3.9425800000000004], [41.1680425, 3.944252299999999], [41.1628609, 3.9513358999999992], [41.1488914, 3.9573491], [41.1358795, 3.9647418999999995], [41.1326294, 3.966588], [41.13562009999999, 3.9714118999999997], [41.1333389, 3.9741780999999996], [41.12485499999999, 3.974196], [41.122581499999995, 3.9824829000000004], [41.1180038, 3.9870951000000003], [41.111816399999995, 3.9875679000000006], [41.105388600000005, 3.9852819000000004], [41.104019199999996, 3.9891951000000008], [41.100131999999995, 3.9934380000000003], [41.09852980000001, 3.9951889999999994], [41.09186940000001, 4.0133171], [41.07265089999999, 4.022595900000001], [41.0653687, 4.036428], [41.0606995, 4.0430398], [41.0573883, 4.0477338], [41.0528554, 4.0515944], [41.044361099999996, 4.0588288], [41.040710399999995, 4.0648251], [41.0352287, 4.070367799999999], [41.031799299999996, 4.0715318], [41.0260658, 4.0708642], [41.023109399999996, 4.0766268], [41.009861, 4.0893331], [41.0014229, 4.102709799999999], [40.993419599999996, 4.1078019], [40.98219299999999, 4.110606199999999], [40.977168999999996, 4.1163769], [40.9721565, 4.1253690999999995], [40.9650803, 4.1320682], [40.9479103, 4.140876800000001], [40.9298058, 4.1441669], [40.913780200000005, 4.1511288], [40.9082171, 4.152197200000001], [40.906448399999995, 4.1525369], [40.9041595, 4.1546159], [40.90355549999999, 4.1563343999999995], [40.8984909, 4.170743], [40.8832054, 4.192657], [40.8814011, 4.198857799999999], [40.8837814, 4.206212999999999], [40.8840103, 4.2069349], [40.8825972, 4.2120562999999995], [40.8823814, 4.212838200000001], [40.8732185, 4.2208891], [40.870175499999995, 4.2219035], [40.8557663, 4.226706999999999], [40.8487937, 4.2383929], [40.844101, 4.2462577999999995], [40.8369651, 4.2474134], [40.83068850000001, 4.2484298], [40.813842799999996, 4.255150800000001], [40.80250929999999, 4.2620802], [40.7846413, 4.2730068999999995], [40.778389, 4.2809968], [40.7749214, 4.281918], [40.7743416, 4.281498099999999], [40.7733841, 4.2824523999999995], [40.771104199999996, 4.2812389], [40.682561799999995, 4.2341142000000005], [40.67222, 4.22861], [40.5138077, 4.167436999999999], [40.39889, 4.123060000000001], [40.393543199999996, 4.1104888], [40.38861, 4.098890000000001], [40.1825, 4.022499999999999], [40.0, 3.92858], [39.982768899999996, 3.9209375000000004], [39.9709922, 3.9157146999999988], [39.9610428, 3.9113019999999996], [39.933458300000005, 3.8990669000000002], [39.88622859999999, 3.8781191999999995], [39.866659999999996, 3.8694400000000004], [39.82436469999999, 3.7730753999999993], [39.813047399999995, 3.747290499999999], [39.8053907, 3.7298456], [39.782779999999995, 3.678329999999999]]]}}, {"type": "Feature", "properties": {"region": "South Ethiopia", "source_region": "South Ethiopia", "source_reg_pcode": "ET08", "analytical_region": true, "source_polygon_n": 93}, "geometry": {"type": "MultiPolygon", "coordinates": [[[[36.068684600000005, 4.4472097], [36.0453, 4.447080000000001], [36.031047199999996, 4.458282], [35.96518, 4.51005], [35.95111, 4.52111], [35.95031819999999, 4.5462321], [35.94826, 4.61154], [35.9477, 4.6293299999999995], [35.92472000000001, 4.64028], [35.92145, 4.64372], [35.79319549999999, 4.7788490999999995], [35.77444, 4.79861], [35.7780141, 4.981521900000001], [35.778245399999996, 4.9933578], [35.778376699999995, 5.0000765000000005], [35.77999, 5.08264], [35.802769999999995, 5.10528], [35.823609999999995, 5.13667], [35.83069, 5.168400000000001], [35.80513, 5.20681], [35.79624, 5.2351399999999995], [35.798739999999995, 5.265549999999999], [35.82166000000001, 5.328609999999999], [35.79694, 5.33111], [35.774989999999995, 5.337219999999999], [35.7636657, 5.342402300000001], [35.757041099999995, 5.3454339], [35.7569237, 5.359012099999999], [35.7567853, 5.3604278], [35.7567255, 5.3610393], [35.7566595, 5.3617137999999995], [35.756471, 5.363641899999999], [35.75609209999999, 5.367517899999999], [35.7557903, 5.367969199999999], [35.7559343, 5.3682986999999995], [35.75592940000001, 5.3692291999999995], [35.7551925, 5.372016899999999], [35.75425909999999, 5.3729425], [35.7541548, 5.376285399999999], [35.7541349, 5.3769225], [35.7542194, 5.3804384], [35.75369039999999, 5.382917], [35.7541953, 5.3849876], [35.754176, 5.3886062], [35.754259399999995, 5.392328900000001], [35.754585999999996, 5.3964151], [35.7547431, 5.3983799999999995], [35.754731, 5.4006546], [35.7552297, 5.4038625], [35.755616499999995, 5.408724100000001], [35.7560137, 5.4116212], [35.7557867, 5.4154973], [35.755761799999995, 5.4201499], [35.7559488, 5.4237697], [35.75562660000001, 5.426146], [35.755287800000005, 5.431624099999999], [35.7552474, 5.434945699999999], [35.755103399999996, 5.446770299999999], [35.754875399999996, 5.4508014], [35.7550687, 5.4532321999999995], [35.754745299999996, 5.455815299999999], [35.7546165, 5.460570700000001], [35.75419049999999, 5.463049900000001], [35.75451640000001, 5.4651933999999995], [35.755064399999995, 5.4687977], [35.7553862, 5.4709143000000005], [35.755632399999996, 5.4737545], [35.756022699999995, 5.4782569], [35.7562604, 5.4809999000000005], [35.7560194, 5.487409], [35.756002599999995, 5.4905107], [35.756039099999995, 5.4932108], [35.7561002, 5.4977399], [35.7561499, 5.501419600000001], [35.7561308, 5.5049349], [35.756842999999996, 5.506799799999999], [35.756927700000006, 5.5102123], [35.7578302, 5.5150250000000005], [35.7576008, 5.519262900000001], [35.7571718, 5.522259000000001], [35.757159099999996, 5.5245887], [35.757138, 5.5284625], [35.7570725, 5.533482800000001], [35.7569607, 5.5420578], [35.7568675, 5.5460058000000005], [35.7568264, 5.547743699999999], [35.756623499999996, 5.553981200000001], [35.75643660000001, 5.5597236], [35.7563302, 5.562991499999999], [35.7562054, 5.5669198], [35.7556845, 5.5701927], [35.7550915, 5.5739182], [35.7547129, 5.5762960999999995], [35.754388399999996, 5.5783347999999995], [35.754066300000005, 5.5806077], [35.7539312, 5.586396999999999], [35.7539022, 5.5910832], [35.7538816, 5.5944011], [35.7538535, 5.5989254], [35.7538427, 5.600657999999999], [35.7539549, 5.600820499999999], [35.75655100000001, 5.604233600000001], [35.75774579999999, 5.6058044], [35.7600065, 5.6075745999999995], [35.7610287, 5.609337900000001], [35.7621306, 5.6109808], [35.764509000000004, 5.6145269], [35.7675845, 5.6182662], [35.7694394, 5.6203379999999985], [35.7715849, 5.622734299999999], [35.77414559999999, 5.6260368000000005], [35.7772212, 5.630003199999999], [35.7799895, 5.633327200000001], [35.784185799999996, 5.638807], [35.7872651, 5.642828099999999], [35.7904446, 5.6464646], [35.79300719999999, 5.649684100000001], [35.7955687, 5.653110299999999], [35.8003874, 5.6589789], [35.80224289999999, 5.660947699999999], [35.8068524, 5.6658389], [35.811597899999995, 5.6662786], [35.813039499999995, 5.666907], [35.8158599, 5.667129300000001], [35.8172697, 5.667240400000001], [35.8231484, 5.668099899999999], [35.8261417, 5.6681164], [35.8283095, 5.6680765], [35.8315232, 5.6684777], [35.8369742, 5.6691579999999995], [35.8421306, 5.670013399999998], [35.8442164, 5.6703117999999995], [35.8473908, 5.6707659], [35.851622199999994, 5.670892299999999], [35.8548312, 5.671295799999999], [35.8567798, 5.6715408], [35.864297199999996, 5.672270300000001], [35.8663746, 5.6724717999999985], [35.870396299999996, 5.6732173999999995], [35.8728901, 5.6733591], [35.8744209, 5.673445999999999], [35.877416000000004, 5.673152], [35.8813452, 5.672017299999999], [35.8844463, 5.671121799999999], [35.895236800000006, 5.668239400000001], [35.899435499999996, 5.6671176999999995], [35.902942599999996, 5.6660128], [35.9087055, 5.6641971], [35.910085699999996, 5.663762199999999], [35.9133633, 5.662442399999999], [35.915154699999995, 5.6617211], [35.9231153, 5.6594367], [35.9287043, 5.6581183], [35.934691199999996, 5.6567059], [35.937088599999996, 5.6559387], [35.9432736, 5.653959100000001], [35.946274200000005, 5.6526306], [35.9485081, 5.651956800000001], [35.9515732, 5.651032399999999], [35.9534814, 5.6550246999999985], [35.954001399999996, 5.656198700000001], [35.954956599999996, 5.658521], [35.9553291, 5.6594267], [35.9561404, 5.660777899999999], [35.957242199999996, 5.662482], [35.957772999999996, 5.6625993], [35.958940000000005, 5.6630154], [35.9610957, 5.664432199999999], [35.96249470000001, 5.665200899999999], [35.9635405, 5.6664362], [35.96475289999999, 5.669370799999999], [35.9653176, 5.673180299999999], [35.9647822, 5.674934399999999], [35.96436070000001, 5.6772748], [35.9647614, 5.6789166], [35.9656848, 5.679675200000001], [35.9678466, 5.6814510999999985], [35.9681931, 5.6822728], [35.967082, 5.682325500000001], [35.965687700000004, 5.681827200000001], [35.963755899999995, 5.6811368], [35.961591, 5.6814767999999995], [35.96055739999999, 5.681914099999998], [35.959130099999996, 5.6825179], [35.9582455, 5.683977400000001], [35.9579446, 5.685615500000001], [35.958344, 5.6874917], [35.9590287, 5.6892682], [35.959497500000005, 5.6904845], [35.9616501, 5.692487], [35.96374889999999, 5.6936107], [35.96752, 5.6932873], [35.969245, 5.693522499999999], [35.970234500000004, 5.694347599999999], [35.9702859, 5.6956948999999994], [35.9695192, 5.6969791999999995], [35.967002799999996, 5.6974345], [35.9649772, 5.696866000000001], [35.9640255, 5.696598900000001], [35.9620378, 5.6965884], [35.9605732, 5.697166300000001], [35.95969099999999, 5.6981573], [35.95927679999999, 5.6990921000000005], [35.95903469999999, 5.700672], [35.9594291, 5.703485099999999], [35.960061399999994, 5.7055381999999994], [35.9615595, 5.7097041], [35.963183199999996, 5.7122309], [35.964006399999995, 5.714085399999999], [35.96451220000001, 5.715224699999999], [35.9656685, 5.7176904], [35.966830699999996, 5.719043500000001], [35.9683225, 5.720073999999999], [35.96936590000001, 5.720851700000001], [35.970937199999995, 5.722023], [35.9727862, 5.723578799999999], [35.97393290000001, 5.724878899999999], [35.9757884, 5.727816899999999], [35.9758916, 5.7306918], [35.97599239999999, 5.733498700000001], [35.9778513, 5.7357925], [35.9783107, 5.7373761000000005], [35.9784103, 5.7406563], [35.97772119999999, 5.7453552000000006], [35.9775006, 5.746859199999999], [35.977377, 5.7486052999999995], [35.977187, 5.7504238999999995], [35.977080599999994, 5.7514429], [35.976764599999996, 5.753355900000001], [35.9772766, 5.756052599999999], [35.9785001, 5.759599700000001], [35.9782983, 5.760564899999999], [35.9780083, 5.7619522000000005], [35.97729390000001, 5.7628283], [35.975669800000006, 5.764820099999999], [35.973065399999996, 5.7673331], [35.9721227, 5.768675], [35.9702433, 5.7702462], [35.96880410000001, 5.7714718], [35.9670128, 5.772981499999999], [35.9655436, 5.7743792], [35.9651121, 5.7752322], [35.9646572, 5.7761313], [35.9640295, 5.7776923], [35.9630711, 5.780243], [35.96298540000001, 5.780520500000001], [35.962553199999995, 5.7819195], [35.962282699999996, 5.7827948], [35.9621868, 5.7837065], [35.9620363, 5.785136], [35.9620922, 5.7861823], [35.962302099999995, 5.790115299999999], [35.9632824, 5.7926974], [35.9642651, 5.7948109], [35.96509029999999, 5.796282499999999], [35.965800300000005, 5.797871499999999], [35.9669251, 5.800388699999999], [35.966567399999995, 5.801675200000001], [35.9660899, 5.8034881], [35.9658025, 5.804949000000001], [35.9654643, 5.806215000000001], [35.964777, 5.808787999999999], [35.963908399999994, 5.8103836], [35.963252499999996, 5.811588499999999], [35.962412799999996, 5.8131313], [35.96240519999999, 5.8145367], [35.96367719999999, 5.817237500000001], [35.965823199999996, 5.820528599999999], [35.9654368, 5.8216467], [35.9648134, 5.823451299999999], [35.963225699999995, 5.8250825], [35.96269879999999, 5.8258886], [35.9611993, 5.8276167999999995], [35.9608596, 5.8301061999999995], [35.9609652, 5.832215], [35.9609592, 5.8333277], [35.9608938, 5.8346157000000005], [35.961931899999996, 5.8373152], [35.9628011, 5.838784], [35.9642596, 5.8394360999999995], [35.9658933, 5.839382], [35.9688217, 5.839284999999999], [35.9720358, 5.8397123], [35.9734358, 5.840364], [35.974128400000005, 5.842066099999999], [35.9741735, 5.844296600000001], [35.9738114, 5.8466324], [35.97255469999999, 5.8519549], [35.9712448, 5.856281500000001], [35.9703645, 5.858940200000001], [35.9695803, 5.861309], [35.969274899999995, 5.8637084], [35.968796600000005, 5.8656384], [35.9682599, 5.867568100000001], [35.9684233, 5.869794399999999], [35.9699915, 5.871794100000001], [35.971102, 5.8719171999999995], [35.974266899999996, 5.8706458999999995], [35.9760719, 5.8721198], [35.9776939, 5.8749981999999985], [35.97756929999999, 5.8764031], [35.9770086, 5.8785034], [35.9765546, 5.8802042000000005], [35.976418599999995, 5.8837173], [35.977105200000004, 5.8865321], [35.980776, 5.889070200000001], [35.9822365, 5.889371], [35.9848578, 5.8913178], [35.98568890000001, 5.8924881], [35.9872376, 5.8946688], [35.98769670000001, 5.896311100000001], [35.9871659, 5.8971281], [35.985639899999995, 5.8981154999999985], [35.983526299999994, 5.8996267], [35.9831697, 5.9006789], [35.9835676, 5.9027894], [35.98466680000001, 5.9050208], [35.985883599999994, 5.9071356999999995], [35.986678999999995, 5.9084399], [35.9867875, 5.9086177], [35.9878547, 5.910367399999999], [35.9885252, 5.912418700000001], [35.989465599999996, 5.915295599999999], [35.9897406, 5.9185181], [35.9894311, 5.9216789], [35.9898281, 5.9239651], [35.9896415, 5.9260138], [35.9890484, 5.9275333], [35.9888708, 5.929274599999999], [35.9883975, 5.9322916999999995], [35.987202499999995, 5.933566300000001], [35.985551099999995, 5.9347469], [35.984816, 5.935474999999999], [35.9837559, 5.9363497], [35.9826127, 5.937293099999999], [35.98068310000001, 5.9392042], [35.97959759999999, 5.940471], [35.97810779999999, 5.9422098], [35.9773642, 5.9444932999999995], [35.9773552, 5.9461404], [35.9777102, 5.9480640000000005], [35.9806112, 5.9523806], [35.9829789, 5.953949199999999], [35.9850719, 5.9556078], [35.986619999999995, 5.9566228], [35.9881752, 5.9563568], [35.98872550000001, 5.955993800000001], [35.9896404, 5.9558158], [35.99009589999999, 5.9560927999999995], [35.9889023, 5.9570928], [35.9877976, 5.9585509], [35.987874999999995, 5.9611135], [35.9885083, 5.962306600000001], [35.9888644, 5.9640471], [35.9899481, 5.966432200000001], [35.991674599999996, 5.968271800000001], [35.993318699999996, 5.9684638], [35.9948669, 5.9694788999999995], [35.99714869999999, 5.9700403999999985], [36.0003391, 5.9716134], [36.0031574, 5.974374000000001], [36.00441999999999, 5.9774921999999995], [36.004845599999996, 5.978849100000001], [36.0058575, 5.982075399999999], [36.006432499999995, 5.982824000000001], [36.006245, 5.9829865], [36.0066494, 5.9845599], [36.007161499999995, 5.986552199999999], [36.0072566, 5.988690799999999], [36.0073283, 5.9903013000000005], [36.0083366, 5.9941956], [36.0085535, 5.9973358999999995], [36.00783919999999, 5.9995809], [36.007503, 6.001171999999999], [36.0055183, 6.004674999999999], [36.0039601, 6.007196500000001], [36.0017018, 6.0093862], [36.000541999999996, 6.0111707999999995], [36.000002699999996, 6.0120005999999995], [35.999566699999995, 6.0147156], [35.9992236, 6.017524799999999], [35.999265799999996, 6.0193544999999995], [35.99929919999999, 6.0208048], [35.9995258, 6.0221648000000005], [35.998857699999995, 6.0245036999999995], [35.9967857, 6.0268349], [35.996455499999996, 6.027270599999999], [35.995371399999996, 6.028701099999999], [35.995162799999996, 6.029834600000001], [35.9946478, 6.0326327], [35.994492099999995, 6.0341258], [35.99425240000001, 6.0364255], [35.9918026, 6.0393636], [35.9901912, 6.041127999999999], [35.9886949, 6.042766500000001], [35.9870026, 6.0441158], [35.9861974, 6.045844799999999], [35.9850201, 6.0471501], [35.9832787, 6.048920799999999], [35.982507, 6.051009], [35.982138299999995, 6.0520065999999995], [35.98212970000001, 6.053552699999999], [35.983242, 6.0555265999999985], [35.9838392, 6.0575445], [35.983964500000006, 6.060262600000001], [35.984846499999996, 6.061579300000001], [35.98454979999999, 6.0644356], [35.9851057, 6.0654694], [35.9858046, 6.066035499999999], [35.9864983, 6.0675386], [35.9878025, 6.068670299999999], [35.988640499999995, 6.069471500000001], [35.9892895, 6.0705995], [35.9904975, 6.072199199999999], [35.991984699999996, 6.0740815], [35.993794199999996, 6.0769495], [35.99420620000001, 6.0779850999999985], [35.9949879, 6.081125999999999], [35.9949296, 6.083187100000001], [35.994821, 6.0846485999999995], [35.9932776, 6.0860309], [35.9923462, 6.0864519999999995], [35.9897583, 6.0876218], [35.987194699999996, 6.088339499999999], [35.9849946, 6.089425299999999], [35.9816931, 6.0913102], [35.9798571, 6.092690799999999], [35.97809540000001, 6.093852200000001], [35.976771600000006, 6.0951624], [35.9761813, 6.0961108], [35.9733197, 6.097778399999999], [35.9716356, 6.098134900000001], [35.9698135, 6.097026599999999], [35.9690822, 6.097022499999999], [35.967394, 6.097013], [35.96593759999999, 6.0970048], [35.9646973, 6.0964854], [35.961042000000006, 6.0962452], [35.95936, 6.096235699999999], [35.95709009999999, 6.096735300000001], [35.9551879, 6.0968709], [35.9525335, 6.0977889], [35.951231099999994, 6.0982394], [35.9492528, 6.0988869999999995], [35.947708399999996, 6.1004155], [35.94509, 6.1021426000000005], [35.94514710000001, 6.104114600000001], [35.9451921, 6.1056718000000005], [35.9455429, 6.1083091], [35.9485151, 6.112937700000001], [35.94941139999999, 6.114109], [35.9507656, 6.1158785999999985], [35.9510402, 6.1190279], [35.95036290000001, 6.1223913], [35.9494446, 6.1234603], [35.94911140000001, 6.1238482], [35.947054900000005, 6.125373799999999], [35.944243199999995, 6.1259295], [35.9427351, 6.126227600000001], [35.94128119999999, 6.1265594], [35.9392932, 6.1270131999999995], [35.937023599999996, 6.128641600000001], [35.93554799999999, 6.1297002], [35.934593099999994, 6.1304267999999995], [35.9339291, 6.1314478], [35.93332850000001, 6.1341528], [35.9337514, 6.136936899999999], [35.9343958, 6.1393562], [35.9346077, 6.1406751], [35.9365721, 6.1436261], [35.9384868, 6.1470832], [35.9390808, 6.148286599999999], [35.9395992, 6.149337], [35.9407463, 6.151660899999999], [35.9422548, 6.154717300000001], [35.9424728, 6.1569156000000005], [35.94373919999999, 6.1590783], [35.9454687, 6.159842999999999], [35.94713999999999, 6.161755800000001], [35.9491051, 6.1634507], [35.9504158, 6.164483], [35.95288910000001, 6.1668397], [35.9561728, 6.1681761], [35.9595343, 6.168707700000001], [35.9612918, 6.1683518], [35.966060399999996, 6.1658168], [35.968334, 6.164731699999999], [35.971408, 6.1643832000000005], [35.9742604, 6.164399400000001], [35.9766699, 6.1651451], [35.9777425, 6.1662211], [35.9771332, 6.167922], [35.976365, 6.170066399999999], [35.975441499999995, 6.1708301], [35.9705352, 6.1745365], [35.9661478, 6.1768925999999995], [35.965097099999994, 6.1774568], [35.9636669, 6.1789042], [35.9622715, 6.1807111], [35.9616967, 6.183135], [35.962050399999995, 6.1842551], [35.9620694, 6.184314999999999], [35.9629283, 6.1870343], [35.963759599999996, 6.189666], [35.9646021, 6.1915471], [35.9660103, 6.194691199999999], [35.966317, 6.195884599999999], [35.967714400000006, 6.2013222], [35.9677919, 6.2034807999999995], [35.96769049999999, 6.205638], [35.9676166, 6.207211], [35.9672458, 6.208243299999999], [35.9651502, 6.2099533], [35.9613357, 6.2118347], [35.9583108, 6.2139907], [35.9580214, 6.215737299999999], [35.956725299999995, 6.217772699999999], [35.956081, 6.2194774], [35.95604369999999, 6.21965], [35.95557120000001, 6.2218355], [35.9567927, 6.2239876999999995], [35.9567215, 6.2255703], [35.95781029999999, 6.2270406], [35.9591946, 6.228000199999999], [35.961241099999995, 6.2283048], [35.9644471, 6.230748999999999], [35.967285, 6.2330977999999995], [35.9681509, 6.2338341999999995], [35.9684118, 6.234056099999999], [35.96910489999999, 6.2346455999999995], [35.9693123, 6.2360472], [35.970399799999996, 6.237449600000001], [35.9722486, 6.2398337999999995], [35.97366890000001, 6.2416654000000005], [35.97570100000001, 6.2434339], [35.9767649, 6.2453402], [35.9777634, 6.246170600000001], [35.979807199999996, 6.2490147], [35.981414699999995, 6.2498486], [35.9855304, 6.253333800000001], [35.9888854, 6.255109999999999], [35.992205, 6.257712], [35.9949575, 6.2590642], [35.9970873, 6.260323799999999], [35.9981438, 6.2607998], [36.0000175, 6.261766199999999], [36.001795200000004, 6.2623109], [36.0030372, 6.2631199], [36.004198599999995, 6.263065699999999], [36.0064498, 6.2641542], [36.0075682, 6.264505600000001], [36.0080147, 6.264645799999999], [36.0101695, 6.265322699999999], [36.0149724, 6.2650633], [36.0188565, 6.265694900000001], [36.0204185, 6.2675886], [36.0224462, 6.2712604999999995], [36.0250649, 6.273910799999999], [36.027033599999996, 6.2750933], [36.0290076, 6.275324100000001], [36.031939400000006, 6.274389], [36.034659100000006, 6.272135], [36.0350536, 6.271068199999999], [36.0364298, 6.2695096], [36.0393921, 6.271332999999999], [36.0404263, 6.2743639], [36.0408533, 6.2764893], [36.0419337, 6.279496999999999], [36.041985, 6.283377300000001], [36.043567599999996, 6.2881447999999995], [36.0445899, 6.2930418], [36.045888999999995, 6.295157499999999], [36.0470051, 6.296522599999999], [36.0488217, 6.298219599999999], [36.051110099999995, 6.2993102], [36.052464799999996, 6.2998801], [36.054658499999995, 6.3011574999999995], [36.056800499999994, 6.3032781], [36.0581479, 6.305159799999998], [36.0584717, 6.305864499999999], [36.0590718, 6.307413999999999], [36.0586815, 6.3101762], [36.0570307, 6.3122753000000005], [36.0556177, 6.313719799999999], [36.05298779999999, 6.3150636], [36.0512975, 6.3158506], [36.0485723, 6.317475], [36.047021199999996, 6.318497], [36.04570150000001, 6.3199888], [36.0446202, 6.3207323], [36.0426862, 6.3232045], [36.0417446, 6.3240894], [36.0409925, 6.324600500000001], [36.0394903, 6.3252478], [36.038078299999995, 6.3265047999999995], [36.0366109, 6.329260800000001], [36.0353332, 6.3315961], [36.0347143, 6.333373000000001], [36.035120199999994, 6.336092799999999], [36.03567090000001, 6.3380638], [36.03682390000001, 6.3411627], [36.0380695, 6.3444495000000005], [36.0391313, 6.347126200000001], [36.039921, 6.3482552000000005], [36.0408525, 6.3491507], [36.0430462, 6.350428300000001], [36.0442841, 6.3504838999999995], [36.04543399999999, 6.3505356], [36.0481985, 6.350270299999999], [36.05026569999999, 6.349110800000001], [36.0527088, 6.347719099999999], [36.054723300000006, 6.347589999999999], [36.056312, 6.348208100000001], [36.058551300000005, 6.3497202], [36.0607915, 6.351091699999999], [36.0621948, 6.3513807], [36.0639256, 6.351718599999999], [36.0652332, 6.3523819], [36.066492499999995, 6.3532793], [36.06756540000001, 6.354035100000001], [36.0688716, 6.354932699999999], [36.0698939, 6.3563440999999985], [36.0707784, 6.357286200000001], [36.0715171, 6.3591646], [36.072158699999996, 6.3616515], [36.0726206, 6.3627786], [36.0730812, 6.364139999999999], [36.073678099999995, 6.366251899999999], [36.0746475, 6.368740600000001], [36.074942899999996, 6.369731600000001], [36.0756127, 6.371979100000001], [36.0761207, 6.373247], [36.0774647, 6.375737900000001], [36.078949599999994, 6.3781828], [36.080389999999994, 6.3802056999999985], [36.081274, 6.381241499999999], [36.0823472, 6.381950400000001], [36.0828132, 6.3823748], [36.084075, 6.3828505], [36.085485299999995, 6.383622699999999], [36.086409599999996, 6.384128800000001], [36.0876707, 6.384745], [36.089305599999996, 6.385504], [36.0909887, 6.3860288999999995], [36.0922943, 6.3870670999999986], [36.0933638, 6.3884319], [36.0942456, 6.390155199999998], [36.09511930000001, 6.391980899999999], [36.0955738, 6.397182700000001], [36.095593699999995, 6.4003008], [36.0971458, 6.402051499999999], [36.10022119999999, 6.4048802], [36.100092599999996, 6.4062442], [36.102553, 6.4085171], [36.1041047, 6.410303299999999], [36.106951200000005, 6.413579899999999], [36.109234199999996, 6.415547000000001], [36.1114045, 6.4151579], [36.113043, 6.415307699999999], [36.1138642, 6.4155555], [36.115100500000004, 6.4159284], [36.1175324, 6.4165981], [36.1184181, 6.417352800000001], [36.1200208, 6.4191667999999975], [36.121164199999996, 6.4204607], [36.12320959999999, 6.423236800000001], [36.1253473, 6.426247599999999], [36.125980799999994, 6.4271637], [36.1259145, 6.429302600000001], [36.1281004, 6.4326139], [36.129806099999996, 6.433020000000001], [36.132273399999995, 6.435751499999999], [36.1337688, 6.4363690999999985], [36.135096299999994, 6.4372094], [36.1363827, 6.4380237], [36.137102999999996, 6.438172], [36.137645299999996, 6.4382836999999995], [36.1384882, 6.438457299999999], [36.1415345, 6.4381932], [36.1428539, 6.4377118], [36.1461232, 6.437704900000001], [36.146873600000006, 6.437703399999999], [36.1486138, 6.437108200000001], [36.1518412, 6.437969599999999], [36.1529277, 6.437694799999999], [36.1558285, 6.436960999999999], [36.1575979, 6.436199900000001], [36.1591623, 6.4355269999999996], [36.1619224, 6.435779099999999], [36.164862, 6.4357596], [36.16911290000001, 6.436503699999999], [36.1705742, 6.436759499999999], [36.17229229999999, 6.4372352], [36.180144899999995, 6.440147400000001], [36.1826842, 6.441237199999999], [36.18697499999999, 6.4432331], [36.191637199999995, 6.441845100000001], [36.1938935, 6.4404518], [36.1943312, 6.438683599999999], [36.19678789999999, 6.4352187], [36.201356600000004, 6.4290399], [36.2026682, 6.429206799999999], [36.2032378, 6.4278509999999995], [36.204791300000004, 6.426453700000001], [36.2079425, 6.4241279], [36.2109094, 6.421238799999999], [36.2120427, 6.420242099999999], [36.212841399999995, 6.4167308], [36.214435, 6.410428], [36.2151987, 6.408424], [36.2161036, 6.4068152], [36.219716000000005, 6.4052633000000005], [36.219951200000004, 6.403809100000001], [36.220987199999996, 6.4027838], [36.222629, 6.402370899999999], [36.22516849999999, 6.400510199999999], [36.2271246, 6.399010499999999], [36.228931499999995, 6.397625199999999], [36.230442499999995, 6.395384], [36.2334965, 6.3936665999999995], [36.2350559, 6.391144499999999], [36.237173999999996, 6.3892346], [36.2393342, 6.3882153], [36.240351499999996, 6.387858399999999], [36.242582999999996, 6.3866401999999995], [36.2443433, 6.385946700000001], [36.2444391, 6.3859335999999995], [36.244690899999995, 6.385899099999999], [36.2469432, 6.385161399999999], [36.2488027, 6.3850213999999985], [36.25131830000001, 6.3855147], [36.2524854, 6.3861462], [36.2543972, 6.3871807], [36.2566388, 6.3884821999999994], [36.25863719999999, 6.389212499999999], [36.25973319999999, 6.389573699999999], [36.2597206, 6.3896084], [36.26005729999999, 6.3899013], [36.26140389999999, 6.390358299999999], [36.2627896, 6.3905157], [36.263948899999995, 6.390971700000001], [36.2661188, 6.3916581], [36.2667901, 6.392261499999999], [36.267718800000004, 6.3938035], [36.2689361, 6.3974465], [36.2699788, 6.399324000000001], [36.2711878, 6.4010174], [36.27207130000001, 6.4022406], [36.2730964, 6.4031849], [36.2741691, 6.4041730999999995], [36.2751022, 6.404881], [36.2767328, 6.4065767000000005], [36.2788764, 6.408696899999999], [36.2808808, 6.410581999999999], [36.2832124, 6.412609400000001], [36.285781899999996, 6.4139352], [36.2879761, 6.415352699999999], [36.289986000000006, 6.416206899999999], [36.2908726, 6.416867700000001], [36.292835700000005, 6.417721600000001], [36.2946579, 6.4186216], [36.2966242, 6.4188662999999995], [36.2989152, 6.4197219], [36.300922199999995, 6.421138399999999], [36.3042295, 6.4247175], [36.3067038, 6.426370700000001], [36.30744789999999, 6.427405599999999], [36.30889, 6.4293346], [36.310046400000004, 6.432152599999999], [36.312838299999996, 6.435775799999999], [36.3142272, 6.4389229], [36.3150036, 6.441628799999998], [36.315331400000005, 6.442771599999999], [36.3159644, 6.447133300000001], [36.3165765, 6.4486878], [36.317258900000006, 6.450420500000001], [36.31848969999999, 6.452345299999999], [36.3193035, 6.4536181], [36.32034689999999, 6.454244], [36.323086499999995, 6.4558874], [36.3233507, 6.458356899999999], [36.3254391, 6.458933099999999], [36.3258969, 6.458836300000001], [36.3272569, 6.458548899999999], [36.328450499999995, 6.4588421], [36.32945420000001, 6.4588950999999994], [36.330409700000004, 6.458995799999999], [36.33127119999999, 6.4588090000000005], [36.3322744, 6.4589578], [36.3335165, 6.4591077], [36.334997, 6.459402399999999], [36.3365493, 6.459673499999999], [36.338077, 6.460064099999999], [36.3393687, 6.4598794999999996], [36.340466299999996, 6.4602678], [36.3416133, 6.460321599999999], [36.341998, 6.4598933], [36.3430512, 6.4596119], [36.3438174, 6.4593768], [36.345012, 6.4594786], [36.345918999999995, 6.459722499999999], [36.3468273, 6.4597272], [36.34859589999999, 6.4597842000000005], [36.34969089999999, 6.4606507], [36.3507882, 6.4610867999999995], [36.3519804, 6.4616668], [36.3542215, 6.462778299999999], [36.35555980000001, 6.4622367999999994], [36.356189500000006, 6.462962399999999], [36.3568729, 6.463749900000001], [36.3578575, 6.464745000000001], [36.35906349999999, 6.465963899999999], [36.359529099999996, 6.467181399999999], [36.360383999999996, 6.468285700000001], [36.3611444, 6.469150399999999], [36.36219639999999, 6.469107999999999], [36.3630572, 6.4690647], [36.364638, 6.4684512], [36.3657873, 6.4680746], [36.36636500000001, 6.4673125], [36.367421699999994, 6.4663616], [36.3677373, 6.4648373], [36.3690067, 6.4640003], [36.3692949, 6.462642599999999], [36.370336, 6.4606328], [36.3712751, 6.4607866], [36.3717076, 6.4603584000000005], [36.3722345, 6.4601698999999995], [36.37305039999999, 6.4595524], [36.3740555, 6.4593185], [36.374654, 6.4591541999999995], [36.37546820000001, 6.4588715], [36.376186499999996, 6.4586361000000005], [36.37657019999999, 6.458399], [36.37714460000001, 6.458258499999999], [36.3782436, 6.458359799999999], [36.380491000000006, 6.458275699999999], [36.3821645, 6.458236500000001], [36.38412139999999, 6.4588681999999995], [36.385218, 6.459447700000001], [36.3860285, 6.459882299999999], [36.3865514, 6.460458799999999], [36.3872202, 6.4605578999999995], [36.388507800000006, 6.461405699999999], [36.3898047, 6.462809899999999], [36.39342320000001, 6.4656237], [36.4003899, 6.469479599999999], [36.4041995, 6.4713626], [36.405192899999996, 6.4719519000000005], [36.4068928, 6.4729603000000004], [36.4092202, 6.4739506], [36.4092416, 6.4739597], [36.409257, 6.4739662], [36.4112151, 6.4747993], [36.4137297, 6.4749053], [36.4162434, 6.4751975999999996], [36.41772770000001, 6.476416500000001], [36.4184558, 6.4797744999999995], [36.4199259, 6.4837886000000005], [36.4227986, 6.4867849], [36.4236966, 6.4879763], [36.4243932, 6.4889005], [36.424791299999995, 6.4894286999999995], [36.4272402, 6.4926776], [36.4298297, 6.4964178], [36.4316157, 6.4979519], [36.4321342, 6.4983973], [36.4323499, 6.498582600000001], [36.4335399, 6.499604700000001], [36.4361342, 6.502413199999999], [36.4380796, 6.504566099999999], [36.4405089, 6.5070328], [36.440259399999995, 6.5084572], [36.4430677, 6.5119551], [36.4442403, 6.5134158], [36.445633, 6.5142261], [36.447956, 6.5155777], [36.44881549999999, 6.5163408], [36.45050299999999, 6.5178392999999994], [36.4510167, 6.5182953], [36.4544411, 6.522785200000001], [36.458528099999995, 6.525228500000001], [36.46177110000001, 6.5287857], [36.464839, 6.5301057], [36.469217799999996, 6.5301276999999995], [36.4710844, 6.5294848000000005], [36.478527, 6.531665299999999], [36.4808124, 6.5323006], [36.4832347, 6.532997399999999], [36.4859358, 6.5330109], [36.4899331, 6.533931399999999], [36.4922216, 6.536444199999999], [36.4928104, 6.5387485], [36.4932868, 6.5395517000000005], [36.4936509, 6.540165399999999], [36.4946091, 6.5417807], [36.49623330000001, 6.544518900000001], [36.4980808, 6.545707599999999], [36.5006214, 6.5473423], [36.5016483, 6.5480582], [36.503512799999996, 6.5493578999999995], [36.5062752, 6.550389600000001], [36.507626900000005, 6.550894500000001], [36.5098238, 6.551715], [36.512201100000006, 6.552602899999999], [36.51469540000001, 6.553716499999999], [36.517128899999996, 6.5548028], [36.51860939999999, 6.555463799999999], [36.5196599, 6.5559327], [36.520586900000005, 6.5563465999999995], [36.52154259999999, 6.5570914], [36.5227423, 6.5580265], [36.5240753, 6.5590654], [36.525041800000004, 6.559803199999998], [36.5263271, 6.5607844], [36.527315200000004, 6.561538700000001], [36.528560799999994, 6.5624896], [36.529399899999994, 6.562829999999999], [36.5300941, 6.5638282], [36.5303143, 6.5639305], [36.5320799, 6.5647044], [36.534611, 6.565434199999999], [36.5369496, 6.566402200000001], [36.538690300000006, 6.567391199999999], [36.54031109999999, 6.5684514], [36.5422183, 6.5696086000000005], [36.5433593, 6.571001099999999], [36.5448812, 6.572730300000001], [36.546642, 6.574508499999999], [36.5476691, 6.5756035], [36.5483547, 6.576334300000001], [36.5500903, 6.578375499999999], [36.55170199999999, 6.579101199999999], [36.5530967, 6.579729299999999], [36.5549112, 6.5803121], [36.55735, 6.5803719], [36.56045650000001, 6.580817499999998], [36.5620324, 6.5813034], [36.5643266, 6.581601600000001], [36.5661421, 6.580935], [36.5695869, 6.5821787], [36.570637, 6.5825578], [36.5730277, 6.5847707999999985], [36.573429299999994, 6.5857206999999995], [36.57391799999999, 6.586876500000001], [36.57482579999999, 6.5881799999999995], [36.575806, 6.5895874], [36.577185500000006, 6.5920193], [36.57838939999999, 6.594141700000001], [36.578974499999994, 6.596507099999999], [36.5795819, 6.5985682], [36.58015579999999, 6.6005154], [36.5813537, 6.601967099999999], [36.582504799999995, 6.6033621], [36.584134999999996, 6.605337800000001], [36.58632769999999, 6.6071496], [36.58816850000001, 6.6088653000000015], [36.5893829, 6.6099972000000005], [36.590212799999996, 6.6107707], [36.5915065, 6.612600500000001], [36.5927615, 6.614375400000001], [36.5936914, 6.615690700000002], [36.5944557, 6.618451199999999], [36.5947733, 6.6195984999999995], [36.5964599, 6.6226086], [36.597549, 6.6250154], [36.6002398, 6.6273299], [36.601588199999995, 6.627936999999999], [36.6029359, 6.628543699999999], [36.604934400000005, 6.629153699999999], [36.6062951, 6.629500900000001], [36.6073332, 6.6297657], [36.60915, 6.630178600000001], [36.6100323, 6.6303791], [36.6125908, 6.629872300000001], [36.614683799999995, 6.629457599999999], [36.6164431, 6.6291091], [36.6196445, 6.6293245999999995], [36.621576999999995, 6.6302775], [36.6235382, 6.631244499999998], [36.6246626, 6.6321331999999975], [36.6258312, 6.633056699999999], [36.6283244, 6.6348698], [36.630420199999996, 6.6360807], [36.63172139999999, 6.6369698999999995], [36.632093499999996, 6.637224100000001], [36.6332897, 6.6380416], [36.6345143, 6.6393272], [36.635557899999995, 6.6404228000000005], [36.636549300000006, 6.6414634999999995], [36.63740870000001, 6.6423311], [36.6379144, 6.6428416], [36.6395372, 6.644479800000001], [36.640652599999996, 6.645116], [36.6434297, 6.646699900000001], [36.6454995, 6.647242500000001], [36.6470248, 6.647642499999999], [36.6486191, 6.6480605], [36.650426599999996, 6.648534400000001], [36.6528476, 6.6493926000000005], [36.6558781, 6.6504669], [36.65795389999999, 6.6512027], [36.659983499999996, 6.6519222], [36.6615544, 6.652479], [36.663015699999995, 6.652997], [36.66399080000001, 6.653286400000001], [36.6650545, 6.6536021], [36.66658439999999, 6.6540561], [36.66781299999999, 6.6544207], [36.6695457, 6.6555149], [36.670862799999995, 6.6563466], [36.6718044, 6.656941199999999], [36.674528, 6.659690299999999], [36.675888400000005, 6.6610633], [36.6770816, 6.662528200000001], [36.678328799999996, 6.6640595000000005], [36.6795703, 6.665583799999999], [36.679681599999995, 6.6668755], [36.679886100000004, 6.6692475], [36.6801872, 6.6727416999999996], [36.6801807, 6.6741234], [36.680174099999995, 6.675532099999998], [36.6801657, 6.6773165], [36.6801566, 6.6792462], [36.679821499999996, 6.680158800000001], [36.6792444, 6.681730899999999], [36.67843289999999, 6.683941399999999], [36.67876100000001, 6.6848035], [36.6792675, 6.686134399999999], [36.6799098, 6.6873759999999995], [36.68077489999999, 6.689048099999999], [36.681226900000006, 6.6899219], [36.682050499999995, 6.6915137], [36.6831228, 6.693007999999999], [36.684190799999996, 6.6944962], [36.68539150000001, 6.6961693], [36.6861032, 6.6971611], [36.687022400000004, 6.698442], [36.687785399999996, 6.6995013], [36.68824420000001, 6.7001382], [36.6887926, 6.7008997], [36.689302399999995, 6.7016075], [36.6902046, 6.7028601000000005], [36.692352899999996, 6.7046999000000005], [36.6934945, 6.705677599999999], [36.6949964, 6.705584600000001], [36.6972616, 6.706599000000001], [36.6990809, 6.707413700000001], [36.7001904, 6.7079106], [36.7020269, 6.708493799999999], [36.7036978, 6.7090245], [36.704987900000006, 6.709434099999998], [36.7063433, 6.709869], [36.708785899999995, 6.710652800000001], [36.709780699999996, 6.7107084], [36.711043, 6.7107791], [36.7126887, 6.710871099999999], [36.714654, 6.7108802999999995], [36.7156915, 6.7108851], [36.7183904, 6.7116983], [36.7201884, 6.7125072], [36.7220625, 6.712703399999999], [36.7241904, 6.7129261], [36.725378199999994, 6.713228899999999], [36.7267651, 6.7135824], [36.727789699999995, 6.713843499999999], [36.72956320000001, 6.7136267], [36.7318865, 6.7133427], [36.73409949999999, 6.7130721], [36.7364017, 6.7130828], [36.7383755, 6.7124350999999995], [36.740612299999995, 6.711701199999999], [36.74293699999999, 6.711570999999998], [36.743916399999996, 6.7115162], [36.7455717, 6.7117245], [36.7472178, 6.7119317], [36.7491875, 6.7117158], [36.7507231, 6.7115475], [36.75339849999999, 6.7114226], [36.7546278, 6.711365300000001], [36.75656579999999, 6.7111934], [36.758383099999996, 6.7110322], [36.7600848, 6.71104], [36.7609906, 6.711124], [36.763486799999995, 6.7113556999999995], [36.7655514, 6.711422499999999], [36.767089899999995, 6.711472199999999], [36.7698904, 6.7119853], [36.7719925, 6.7119949], [36.773177499999996, 6.7114348999999995], [36.7742998, 6.7109045], [36.776702199999995, 6.710915399999999], [36.7774047, 6.7105182999999995], [36.77980659999999, 6.710629300000001], [36.7808042, 6.7102892999999995], [36.7824484, 6.7097288], [36.7847789, 6.7089343999999995], [36.7891824, 6.7054165], [36.79085539999999, 6.704079899999999], [36.7933634, 6.7020762], [36.79358, 6.701903199999999], [36.79521330000001, 6.700598299999999], [36.7967162, 6.6993572], [36.7990591, 6.6974222999999995], [36.8001767, 6.6964626], [36.800916799999996, 6.695827199999998], [36.8015943, 6.6950552], [36.8027057, 6.693788800000002], [36.8033968, 6.6930013], [36.8056268, 6.6909144], [36.8074199, 6.689493299999999], [36.8096858, 6.688840099999999], [36.8097156, 6.6869856], [36.813302, 6.685028099999999], [36.8166384, 6.6838093999999995], [36.8187423, 6.682312399999999], [36.820287799999996, 6.681543699999999], [36.82221690000001, 6.681104099999999], [36.8234892, 6.6808142], [36.825598, 6.680333700000001], [36.827291599999995, 6.6795861], [36.8288979, 6.678877], [36.8302165, 6.6782949], [36.83140769999999, 6.677769], [36.832365, 6.677343400000001], [36.8335894, 6.676799], [36.8363521, 6.6755705], [36.838169199999996, 6.674156], [36.8398183, 6.672872099999998], [36.843524699999996, 6.6716548], [36.8468383, 6.671293], [36.848955499999995, 6.671061799999999], [36.84986749999999, 6.6708684], [36.8524183, 6.670327400000001], [36.854901999999996, 6.6701358], [36.858878600000004, 6.6698289], [36.8603236, 6.6697174], [36.861744, 6.6694477], [36.8638796, 6.6690420999999995], [36.866843, 6.668462799999999], [36.86816499999999, 6.6690885], [36.87004759999999, 6.6699793000000005], [36.871887, 6.670544199999999], [36.8733953, 6.671007500000001], [36.875240399999996, 6.6730078], [36.8773248, 6.6752676], [36.8783405, 6.676333], [36.879781099999995, 6.677843899999999], [36.881948200000004, 6.678839999999999], [36.88357140000001, 6.6800805], [36.88476459999999, 6.6820594], [36.885472299999996, 6.6832332999999995], [36.8863154, 6.6846315999999995], [36.888032900000006, 6.6861558], [36.8887736, 6.6868132], [36.8911054, 6.6875279], [36.8923525, 6.687910100000002], [36.893997899999995, 6.688414400000001], [36.8951793, 6.6891103], [36.896735299999996, 6.6899581], [36.89788639999999, 6.690585399999999], [36.8989799, 6.691181199999999], [36.900701, 6.692119000000001], [36.90266319999999, 6.6931882], [36.90368369999999, 6.6932187], [36.9046513, 6.693247599999999], [36.9065122, 6.693303299999998], [36.908878099999995, 6.6940041], [36.91011159999999, 6.694953099999999], [36.910557, 6.695295799999999], [36.9117803, 6.696236800000001], [36.9133909, 6.6970505], [36.9151211, 6.6979245999999995], [36.916311, 6.698525799999999], [36.9179124, 6.6992617], [36.9195619, 6.7000198], [36.9206788, 6.700304], [36.921610400000006, 6.700540999999999], [36.9227171, 6.7008225999999995], [36.924096899999995, 6.701321900000001], [36.9254787, 6.7013277], [36.9273524, 6.701730299999999], [36.9292245, 6.7025277], [36.931491799999996, 6.7032281000000005], [36.932294399999996, 6.7038835], [36.932438, 6.7038841], [36.93329919999999, 6.7038877], [36.9344959, 6.7037971], [36.93717660000001, 6.7035214], [36.9391404, 6.703051199999998], [36.9409826, 6.703058899999999], [36.94318869999999, 6.7018721999999995], [36.9445811, 6.701271699999999], [36.9458252, 6.7007351], [36.946782600000006, 6.7006435], [36.95052199999999, 6.698936899999999], [36.952532999999995, 6.6986104], [36.9535401, 6.698088399999999], [36.9568366, 6.6970555], [36.9582115, 6.6966247999999995], [36.9615752, 6.6956219], [36.96343359999999, 6.6950677999999995], [36.966462799999995, 6.6939570999999995], [36.9684654, 6.6932228], [36.970944900000006, 6.692045500000001], [36.9732598, 6.6909463], [36.9756223, 6.690048199999999], [36.9775506, 6.689315000000001], [36.9783638, 6.6890059], [36.9806658, 6.6877237], [36.981889200000005, 6.687016899999999], [36.9829681, 6.686393600000001], [36.9848869, 6.6852055], [36.986208399999995, 6.6838235], [36.9869305, 6.682774], [36.989134299999996, 6.679881399999999], [36.989640699999995, 6.6767255], [36.990041500000004, 6.6752468], [36.990561500000005, 6.672268899999999], [36.99149329999999, 6.670495], [36.99106189999999, 6.667059900000001], [36.991870399999996, 6.662424899999998], [36.9914755, 6.659446499999999], [36.9934277, 6.655671099999999], [36.993642, 6.6515271], [36.992958300000005, 6.649748], [36.991689599999994, 6.6461901], [36.990513299999996, 6.6442116], [36.9895141, 6.642361299999999], [36.9889663, 6.641346800000001], [36.98791309999999, 6.637534199999999], [36.9883867, 6.6356718], [36.9890617, 6.6335425], [36.9895671, 6.631948100000001], [36.9910862, 6.630905599999999], [36.991355999999996, 6.621818499999999], [36.9908134, 6.6119125], [36.989783599999996, 6.6072476999999985], [36.989072799999995, 6.6055706], [36.9880523, 6.603162599999999], [36.9885495, 6.6016908], [36.989113599999996, 6.600021], [36.9894214, 6.5995900999999995], [36.9907434, 6.5980167], [36.9924737, 6.596014299999998], [36.9940575, 6.5947769], [36.9957369, 6.5935397999999985], [36.9976568, 6.591968700000001], [36.999862, 6.5908294], [37.001156200000004, 6.590212699999999], [37.0035028, 6.5896001], [37.004554899999995, 6.589699999999999], [37.007234700000005, 6.5895193], [37.0091952, 6.5897663999999985], [37.0101262, 6.590248499999999], [37.0125014, 6.5914704], [37.0126566, 6.591550299999999], [37.01409090000001, 6.591795200000001], [37.015572000000006, 6.592279499999999], [37.016813, 6.593001999999999], [37.018102999999996, 6.5934377], [37.019106900000004, 6.5936331], [37.0213998, 6.5945032999999995], [37.024125999999995, 6.5947055], [37.0257526, 6.594712], [37.0276613, 6.5959634], [37.02925989999999, 6.5970222], [37.03121569999999, 6.5984652], [37.0330255, 6.6005294999999995], [37.0345503, 6.6021143], [37.0358812, 6.6043202999999995], [37.03726029999999, 6.606430699999999], [37.038806300000005, 6.608685400000001], [37.0404738, 6.610462099999999], [37.04304719999999, 6.6130556999999985], [37.045814, 6.615123700000001], [37.047332399999995, 6.6164399], [37.0481981, 6.617190299999999], [37.0528498, 6.6205574999999985], [37.054521, 6.6214252], [37.0556681, 6.6217167], [37.057674999999996, 6.6223944], [37.0599668, 6.6235994], [37.06149559999999, 6.624179499999999], [37.064836799999995, 6.626249700000001], [37.0667493, 6.6265921], [37.0690436, 6.627175099999999], [37.0722717, 6.6275704], [37.073610599999995, 6.6277669999999995], [37.07652809999999, 6.6280653], [37.077675299999996, 6.6283568], [37.0803519, 6.6290848], [37.0821209, 6.629426599999999], [37.084415299999996, 6.630009599999999], [37.0869958, 6.6308328], [37.088334599999996, 6.6310772], [37.0913721, 6.6312803], [37.0940979, 6.6316735], [37.0972365, 6.632095100000001], [37.09739760000001, 6.6321167999999995], [37.099835799999994, 6.6326524], [37.1002752, 6.632879099999999], [37.101984699999996, 6.633761], [37.1035165, 6.6335755], [37.10442419999999, 6.6339616999999995], [37.1057129, 6.63478], [37.1073817, 6.636317300000001], [37.1089244, 6.6395766], [37.11035049999999, 6.6420221], [37.1105224, 6.6423613], [37.1113953, 6.6440833], [37.113395800000006, 6.646483099999999], [37.11573039999999, 6.6491234], [37.1159017, 6.649245800000001], [37.1187606, 6.651287900000001], [37.1208589, 6.6531618], [37.1213335, 6.654168299999999], [37.1219055, 6.6547446], [37.122241599999995, 6.654458799999999], [37.1229127, 6.654126499999999], [37.123295399999996, 6.6541758], [37.1240117, 6.654561199999999], [37.1248735, 6.654421000000002], [37.1263104, 6.654043699999999], [37.1277943, 6.6539057999999995], [37.12889450000001, 6.6540056], [37.1303766, 6.6543461], [37.132669899999996, 6.655263799999999], [37.13410340000001, 6.6557955], [37.1360135, 6.6568553], [37.136967399999996, 6.657672299999998], [37.1377075, 6.6581057], [37.1392793, 6.6600253], [37.14037340000001, 6.6617519], [37.1414675, 6.663478400000001], [37.1429429, 6.6655891], [37.143988799999995, 6.667411099999999], [37.1453711, 6.668851599999999], [37.146612, 6.6697175], [37.14941029999999, 6.6700151000000005], [37.152424700000005, 6.670074199999998], [37.15433879999999, 6.6700814], [37.1564445, 6.6700414], [37.1585505, 6.669905699999999], [37.1600332, 6.670102699999998], [37.1608794, 6.670189099999999], [37.1629511, 6.670400599999999], [37.1649131, 6.6704079], [37.16610939999999, 6.670412399999999], [37.1673064, 6.6702254], [37.168671599999996, 6.6698477], [37.169246900000005, 6.6695628], [37.17164319999999, 6.6685669], [37.1737025, 6.668144000000001], [37.17600219999999, 6.6673868999999995], [37.1780613, 6.6670118], [37.1796404, 6.667017599999999], [37.1807401, 6.667260899999999], [37.182033499999996, 6.666882900000001], [37.1837115, 6.6660279000000005], [37.18697529999999, 6.6633605], [37.1879614, 6.661976599999999], [37.188441700000006, 6.6614999], [37.1895954, 6.6600687999999995], [37.1907004, 6.6588766999999995], [37.191563099999996, 6.6584971], [37.1925247, 6.6572566], [37.1933918, 6.655680900000001], [37.194401899999995, 6.6540114], [37.194445099999996, 6.65394], [37.1949805, 6.6530550999999996], [37.196233, 6.650763100000001], [37.1981526, 6.649239000000001], [37.199877400000005, 6.6486712], [37.2014084, 6.6487245999999995], [37.20255739999999, 6.648585199999999], [37.206791700000004, 6.648744099999999], [37.20808280000001, 6.648988000000001], [37.2103781, 6.649427], [37.212433100000005, 6.6501521], [37.2161117, 6.65184], [37.218691, 6.6531411], [37.219886300000006, 6.6534325], [37.2220887, 6.6531055], [37.226946999999996, 6.652740199999999], [37.2274256, 6.6527419000000005], [37.2284769, 6.6531284], [37.229769000000005, 6.653133099999999], [37.23011679999999, 6.653086899999999], [37.23187550000001, 6.6528535], [37.233311400000005, 6.6527629], [37.2344599, 6.652767], [37.23608579999999, 6.6530599], [37.237328299999994, 6.653542799999999], [37.238904, 6.6545054], [37.2405257, 6.655994400000001], [37.241260000000004, 6.656857100000001], [37.2416694, 6.657338199999999], [37.2425205, 6.660212], [37.24166219999999, 6.6660942], [37.2417073, 6.6668598999999995], [37.2419898, 6.6681527], [37.2419455, 6.6683059], [37.2416991, 6.6691565], [37.2408329, 6.670493099999999], [37.2399671, 6.671734100000001], [37.2393395, 6.6732629], [37.239268499999994, 6.6740039], [37.239134899999996, 6.6736483999999985], [37.2384876, 6.6727988], [37.2383489, 6.672616899999998], [37.23717919999999, 6.671871099999999], [37.2359611, 6.671244700000001], [37.2348849, 6.6710973], [37.2338792, 6.671309000000001], [37.23280069999999, 6.6718075], [37.23248639999999, 6.6727155], [37.2320998, 6.673742799999999], [37.231965900000006, 6.674400200000001], [37.231819, 6.675332699999999], [37.231553600000005, 6.675929899999999], [37.231094999999996, 6.677052599999999], [37.2312361, 6.6777229999999985], [37.231090300000005, 6.678344399999999], [37.231026899999996, 6.679360999999998], [37.2307582, 6.680891099999999], [37.230752599999995, 6.682446100000001], [37.2306284, 6.6837136], [37.230514500000005, 6.6854476], [37.2305079, 6.6872658], [37.2300025, 6.688077300000001], [37.2291376, 6.689055100000001], [37.228488299999995, 6.689937899999999], [37.2284262, 6.690571599999999], [37.22839570000001, 6.6924136], [37.2287727, 6.694017799999999], [37.2290791, 6.6953347], [37.229086800000005, 6.696495], [37.228819699999995, 6.697594500000001], [37.22826659999999, 6.6983342], [37.227547699999995, 6.698642599999999], [37.225775999999996, 6.6988993], [37.224341100000004, 6.6986788], [37.224101499999996, 6.6987497000000005], [37.2233587, 6.699034099999999], [37.2227111, 6.6994624], [37.222493799999995, 6.699987900000001], [37.2223942, 6.701064099999998], [37.222616699999996, 6.7024166], [37.2229003, 6.703374500000001], [37.223022799999995, 6.704158199999999], [37.2235393, 6.705338599999999], [37.2236804, 6.7060089], [37.2243697, 6.7073032999999995], [37.225094899999995, 6.708585799999999], [37.2253551, 6.709423999999999], [37.2257817, 6.7105500000000005], [37.2257538, 6.7116503], [37.2254394, 6.712582200000001], [37.22533910000001, 6.7138259], [37.22523879999999, 6.715093400000001], [37.2249591, 6.716348399999999], [37.224663899999996, 6.7185722000000005], [37.2247051, 6.7204144], [37.2249055, 6.7212405], [37.2254755, 6.7224148], [37.2261889, 6.723661400000001], [37.2271417, 6.724860999999999], [37.227360499999996, 6.725081299999999], [37.228167, 6.7258934], [37.2290735, 6.7266622], [37.2301354, 6.727491399999999], [37.231162000000005, 6.728165], [37.2325245, 6.728576599999999], [37.234149900000006, 6.729084899999999], [37.2350589, 6.7291839], [37.2363007, 6.729906], [37.23720859999999, 6.7302921], [37.23811539999999, 6.7310131], [37.238722300000006, 6.7319363], [37.23965169999999, 6.7330162], [37.2404376, 6.734071600000001], [37.2412707, 6.735294699999999], [37.241984900000006, 6.736326], [37.24298720000001, 6.7371191], [37.244192, 6.738140199999999], [37.2457667, 6.739461599999999], [37.2472944, 6.740543700000002], [37.248582999999996, 6.741553100000001], [37.249416999999994, 6.742560900000001], [37.249772500000006, 6.743519099999999], [37.25000740000001, 6.7447639], [37.2498347, 6.746305399999999], [37.2497916, 6.746409], [37.24966570000001, 6.746711500000002], [37.248297900000004, 6.747759199999999], [37.2471946, 6.748449], [37.246331100000006, 6.748972199999999], [37.245659499999995, 6.7494004], [37.244940799999995, 6.749613200000001], [37.2445198, 6.7502217], [37.2434845, 6.751964399999999], [37.2431651, 6.7542599], [37.2431834, 6.755815], [37.24334879999999, 6.756413600000001], [37.2433805, 6.757574], [37.2435609, 6.7585305], [37.24361530000001, 6.7588189000000005], [37.243659099999995, 6.7599434999999986], [37.24394160000001, 6.7612364000000005], [37.2444528, 6.762159199999998], [37.2450717, 6.763094499999999], [37.2460502, 6.7638396], [37.247172500000005, 6.7645375], [37.2481528, 6.7648042], [37.249348000000005, 6.765191199999999], [37.250208, 6.765625000000001], [37.2515444, 6.7666824], [37.252317999999995, 6.767845499999999], [37.2528869, 6.7693547], [37.253600999999996, 6.770433799999999], [37.254649799999996, 6.771609799999999], [37.2558921, 6.772236299999999], [37.2572548, 6.7726479], [37.258523, 6.7727003], [37.2599688, 6.7732915999999985], [37.2616893, 6.7740393999999995], [37.26295559999999, 6.774641999999999], [37.2641505, 6.7751247999999995], [37.2649379, 6.775797399999999], [37.2658671, 6.776949099999999], [37.2663173, 6.7782186], [37.266576, 6.779511500000001], [37.266419799999994, 6.7796903], [37.2672344, 6.779430100000001], [37.2671895, 6.7786165], [37.2668817, 6.777682400000001], [37.2664544, 6.776699999999999], [37.2665029, 6.776508799999999], [37.2677475, 6.7771636], [37.268173999999995, 6.7783613], [37.26878429999999, 6.781712799999999], [37.268589299999995, 6.782716899999998], [37.2691534, 6.785589799999999], [37.2692452, 6.786690599999999], [37.2700041, 6.788654999999999], [37.2714336, 6.7904784], [37.2724359, 6.7912953], [37.2736075, 6.791610499999999], [37.2741329, 6.7919472999999995], [37.2740783, 6.7938132], [37.2737358, 6.7959172], [37.273780699999996, 6.7967308], [37.2743975, 6.7982641], [37.2752103, 6.7985541], [37.2767383, 6.799612199999999], [37.2771652, 6.8007142], [37.2772515, 6.8033461000000015], [37.276935, 6.804852200000001], [37.276882, 6.8062875], [37.2767333, 6.807722399999999], [37.2770161, 6.808967399999999], [37.278108200000005, 6.8114593999999995], [37.2788652, 6.8139501], [37.27956909999999, 6.8162209], [37.2796224, 6.8163931], [37.279928399999996, 6.8178535], [37.2797308, 6.8195752999999995], [37.280252399999995, 6.8209648000000005], [37.28091899999999, 6.821971899999999], [37.28191999999999, 6.8231717], [37.2826823, 6.8241792], [37.2831053, 6.8263817], [37.283435, 6.827914000000001], [37.28405319999999, 6.8290645], [37.285054699999996, 6.8301207999999995], [37.2859063, 6.831045199999999], [37.28627079999999, 6.8314409], [37.28642190000001, 6.8317325], [37.2867557, 6.8323762], [37.2873643, 6.8335501], [37.287556300000006, 6.833614799999999], [37.288511899999996, 6.833937], [37.2898047, 6.8338459], [37.2910956, 6.8343289], [37.2929128, 6.8348616999999985], [37.294249199999996, 6.8360148], [37.29510760000001, 6.8369269], [37.295295700000004, 6.8378845], [37.296153499999996, 6.838988099999999], [37.2969633, 6.8401393], [37.2977267, 6.840859699999999], [37.2987719, 6.8431123000000005], [37.2997468, 6.844957900000001], [37.300078199999994, 6.846011700000001], [37.3007437, 6.847353799999998], [37.301074699999994, 6.8485033], [37.3021186, 6.851138700000001], [37.3027838, 6.8525765], [37.3027746, 6.855160199999999], [37.3031977, 6.8573626999999995], [37.303837300000005, 6.858459900000001], [37.3040781, 6.858873099999999], [37.304744400000004, 6.859975899999999], [37.30579480000001, 6.860792999999998], [37.3067025, 6.861322599999999], [37.307605599999995, 6.863191800000001], [37.30833459999999, 6.8638546], [37.309084999999996, 6.864536799999999], [37.311000299999996, 6.8644479], [37.3120554, 6.863925299999999], [37.31258299999999, 6.863639999999999], [37.3138251, 6.864409999999999], [37.3154493, 6.8654205], [37.317701199999995, 6.864949899999999], [37.3199086, 6.8634743], [37.321202899999996, 6.863000400000001], [37.321739699999995, 6.863176600000001], [37.32304399999999, 6.8636049], [37.3249085, 6.864376999999999], [37.3261506, 6.865146900000001], [37.3263933, 6.865279], [37.328539899999996, 6.8664472], [37.3305501, 6.866597699999999], [37.331604399999996, 6.866314300000001], [37.332373800000006, 6.865359999999999], [37.3333808, 6.864884999999999], [37.3344327, 6.8652715], [37.3350977, 6.8668049], [37.33557209999999, 6.8680506999999995], [37.3359496, 6.869631000000001], [37.335957300000004, 6.869654899999999], [37.3364232, 6.871116], [37.3361318, 6.8723111999999995], [37.336892899999995, 6.8737493], [37.3380392, 6.8745188], [37.33966770000001, 6.874333099999999], [37.3405315, 6.873761900000001], [37.3409182, 6.8727106], [37.3417586, 6.8719718], [37.3434361, 6.8714512999999995], [37.3451109, 6.8716963], [37.3465707, 6.872118599999999], [37.346785, 6.872180600000002], [37.349177999999995, 6.872428099999999], [37.3523388, 6.872151900000001], [37.3548781, 6.8716342], [37.355789099999996, 6.8712545999999985], [37.357324299999995, 6.8703506999999995], [37.359218, 6.8696155], [37.3610399, 6.8688562], [37.3631962, 6.868337200000001], [37.3677448, 6.868257], [37.3701408, 6.867643099999999], [37.37215239999999, 6.867410700000001], [37.3740217, 6.866795], [37.375029600000005, 6.8660806999999995], [37.3774228, 6.866280199999999], [37.3786437, 6.8662604], [37.379938800000005, 6.865546999999999], [37.3812839, 6.8642116999999985], [37.383681800000005, 6.8630236], [37.38545839999999, 6.861498399999999], [37.386209099999995, 6.861242400000001], [37.3868484, 6.8610245], [37.388465499999995, 6.860855300000001], [37.3886205, 6.8608391], [37.39015, 6.8616098], [37.392681599999996, 6.8633409], [37.394497799999996, 6.864304], [37.3960411, 6.865041], [37.3972224, 6.865605100000001], [37.39915919999999, 6.8663054], [37.4000785, 6.866464899999999], [37.4014081, 6.866695699999998], [37.4033224, 6.8669413], [37.405383199999996, 6.866326099999999], [37.40672320000001, 6.866522], [37.4077276, 6.8668124], [37.41006790000001, 6.868542799999999], [37.411445799999996, 6.8694256000000005], [37.411644599999995, 6.869552900000001], [37.413558099999996, 6.8700377], [37.4153759, 6.870522299999998], [37.4164746, 6.871291499999999], [37.418838099999995, 6.8732373], [37.421033800000004, 6.875302100000001], [37.4220378, 6.875736099999999], [37.4231371, 6.8763138999999995], [37.4238536, 6.876842599999999], [37.4246152, 6.8781849], [37.4242793, 6.8784231], [37.42518329999999, 6.8801487], [37.4255131, 6.8817767000000005], [37.4251742, 6.882924000000001], [37.4254085, 6.884456000000001], [37.4264338, 6.8857273999999995], [37.4276256, 6.887310499999999], [37.428769800000005, 6.888797599999999], [37.42934179999999, 6.8895650999999996], [37.4302932, 6.891482300000001], [37.43177430000001, 6.8924441], [37.433160199999996, 6.8932622], [37.4341629, 6.8941267999999996], [37.43497459999999, 6.8947993], [37.434924699999996, 6.8954211999999995], [37.4353991, 6.8967626], [37.4357786, 6.8978644], [37.435272, 6.899035100000001], [37.43464480000001, 6.900468600000001], [37.434209, 6.901950599999999], [37.43434849999999, 6.9031952], [37.434566, 6.904526], [37.4346302, 6.9049187], [37.434090999999995, 6.9086972], [37.4330304, 6.9108947999999994], [37.4314126, 6.9123459999999985], [37.43103730000001, 6.9126826999999995], [37.429885000000006, 6.9136359], [37.4293554, 6.9144955], [37.429063899999996, 6.915786499999999], [37.42920049999999, 6.9178923999999995], [37.4294812, 6.919903100000001], [37.4304822, 6.921294], [37.430428299999996, 6.923112199999999], [37.4293216, 6.924735499999999], [37.4286246, 6.925522699999998], [37.427567200000006, 6.926715499999999], [37.4269411, 6.927814], [37.42631490000001, 6.9289125], [37.425902799999996, 6.9296009000000005], [37.4254001, 6.9304407], [37.4238625, 6.9320147], [37.42323369999999, 6.9339265999999995], [37.4229427, 6.9350261999999985], [37.423606899999996, 6.9368946000000005], [37.423696299999996, 6.938808900000001], [37.4235727, 6.9399809], [37.4229925, 6.941653700000001], [37.4229026, 6.942037], [37.4225553, 6.9435184], [37.4220731, 6.944521699999999], [37.4206791, 6.946096100000001], [37.42052989999999, 6.9477704000000005], [37.421003299999995, 6.949398899999999], [37.421477700000004, 6.9507403000000005], [37.4220946, 6.9524171], [37.4219244, 6.953206100000001], [37.4214872, 6.9550708000000006], [37.421291499999995, 6.9563143], [37.4212868, 6.957702000000001], [37.4212361, 6.9585631], [37.4214238, 6.959712099999999], [37.4211321, 6.9610031], [37.421226000000004, 6.961577699999999], [37.4223962, 6.9629037], [37.422415699999995, 6.963830599999999], [37.422125199999996, 6.964786699999999], [37.4221955, 6.9652415], [37.422384, 6.966151299999998], [37.42252200000001, 6.967826499999999], [37.4225164, 6.9695013], [37.4230863, 6.9709387], [37.4233262, 6.972323899999999], [37.423650099999996, 6.9741944], [37.42307050000001, 6.975675799999999], [37.422683199999994, 6.9769187], [37.422561, 6.9776599], [37.4229853, 6.9796711], [37.4238892, 6.981444599999999], [37.4235774, 6.9827118], [37.4254353, 6.985132900000001], [37.4261488, 6.986570899999999], [37.427025300000004, 6.9888240999999995], [37.427258099999996, 6.9908346], [37.4274146, 6.994160700000001], [37.4269307, 6.9956425], [37.426539999999996, 6.997890199999999], [37.426392, 6.9991817], [37.4267228, 7.000522599999999], [37.4271032, 7.001337299999999], [37.426860500000004, 7.0028903], [37.42790850000001, 7.0045686], [37.42938590000001, 7.0067268], [37.4305532, 7.007976200000001], [37.431028399999995, 7.0090783], [37.432318200000005, 7.0100875], [37.432000599999995, 7.0125255], [37.432209199999996, 7.0146077], [37.4333004, 7.017124899999999], [37.432789899999996, 7.0193961], [37.4327638, 7.019884900000001], [37.432730199999995, 7.0205142], [37.4333928, 7.0208394], [37.4328067, 7.0221222999999995], [37.4331381, 7.0232718], [37.43246289999999, 7.024657200000001], [37.432363300000006, 7.0258053], [37.43255380000001, 7.026140900000001], [37.4335813, 7.026790300000001], [37.434871099999995, 7.027799499999999], [37.4362752, 7.0288143], [37.4382635, 7.0302511999999995], [37.4389694, 7.0310920999999995], [37.440076299999994, 7.0324106], [37.440072, 7.033702499999999], [37.4402137, 7.034704299999999], [37.4403515, 7.0356787], [37.44077639999999, 7.0379157999999995], [37.4413406, 7.0387616], [37.441944, 7.0396662], [37.4430911, 7.040387799999999], [37.444864100000004, 7.0401544000000005], [37.4457228, 7.0411622000000005], [37.446242999999996, 7.043173599999999], [37.44648139999999, 7.044446199999999], [37.4466804, 7.045508199999999], [37.4451669, 7.0469387], [37.4434383, 7.0482249999999995], [37.4421402, 7.049692100000001], [37.4410577, 7.051124], [37.4410515, 7.052990100000001], [37.4414092, 7.053421999999999], [37.4419816, 7.054141699999999], [37.442910100000006, 7.0557956], [37.4438388, 7.057377799999999], [37.4445532, 7.0586004], [37.4455526, 7.0605417], [37.4466964, 7.0622681], [37.4486284, 7.0646432], [37.448625299999996, 7.0655763], [37.4491235, 7.0670135], [37.4496202, 7.0688813], [37.4502618, 7.070390799999999], [37.450831799999996, 7.0718282], [37.4519759, 7.0734829], [37.452905099999995, 7.074921499999999], [37.45404779999999, 7.0770067999999995], [37.4547637, 7.077798700000001], [37.4553361, 7.078518400000001], [37.455762400000005, 7.0799553], [37.4556884, 7.080601099999999], [37.4558262, 7.082396], [37.455893499999995, 7.0837598999999996], [37.455818799999996, 7.084621], [37.456174, 7.0858424], [37.456168, 7.0876368], [37.4564503, 7.0891809], [37.456378099999995, 7.089288399999999], [37.45660869999999, 7.0893901], [37.4575949, 7.0906921], [37.4575908, 7.0919123], [37.4581625, 7.092847300000001], [37.4585867, 7.094930199999998], [37.4587517, 7.0965476], [37.4588651, 7.0976586], [37.4597233, 7.0988817000000015], [37.45964730000001, 7.1001015999999995], [37.4592831, 7.101607799999999], [37.4594234, 7.1026131], [37.4592382, 7.1042992], [37.4595182, 7.1065252999999995], [37.4593685, 7.1085254], [37.4592174, 7.110543799999999], [37.4595014, 7.111549600000001], [37.459567299999996, 7.1133441999999985], [37.4597067, 7.114636700000001], [37.459643799999995, 7.1152156], [37.45955849999999, 7.115999899999999], [37.45777640000001, 7.118242599999999], [37.4566212, 7.119865700000001], [37.4561371, 7.1213953], [37.4553659, 7.1227804], [37.4550703, 7.125219899999999], [37.455424, 7.1261263999999995], [37.4543269, 7.1279598], [37.4543477, 7.1301294], [37.4546004, 7.1318196], [37.45544410000001, 7.1351981], [37.456158800000004, 7.1363489], [37.45768539999999, 7.138268000000001], [37.4590212, 7.1399473], [37.4610513, 7.1417485], [37.46263469999999, 7.1426375], [37.4635378, 7.143144400000001], [37.465930099999994, 7.1440616000000015], [37.467844, 7.1447857], [37.469137499999995, 7.144789999999999], [37.4707174, 7.1451302], [37.4731113, 7.1455688], [37.476128499999994, 7.1458658999999995], [37.4792191, 7.145708600000001], [37.480991599999996, 7.145762299999999], [37.482092, 7.146196600000001], [37.48367280000001, 7.146249699999999], [37.484725999999995, 7.146492399999999], [37.4864969, 7.1470246], [37.4866575, 7.147098099999999], [37.48753620000001, 7.1475005], [37.4886017, 7.1479884999999985], [37.4897306, 7.1484571], [37.49104169999999, 7.149001400000001], [37.4926467, 7.1500777], [37.4936231, 7.150732499999999], [37.4950626, 7.152040599999999], [37.496106999999995, 7.1529897], [37.496833599999995, 7.153864199999999], [37.4978011, 7.1550289], [37.4993289, 7.156660899999999], [37.500187499999996, 7.157812099999999], [37.501142599999994, 7.1587722], [37.5018283, 7.159461600000001], [37.5029572, 7.1605965000000005], [37.5035217, 7.161317800000001], [37.50417770000001, 7.162156100000001], [37.504491099999996, 7.162556500000001], [37.504939199999995, 7.163480099999998], [37.505071099999995, 7.163752], [37.50595940000001, 7.1655828999999995], [37.5066479, 7.1674752999999995], [37.5070778, 7.1683076], [37.50771329999999, 7.1695379], [37.5088708, 7.171049099999999], [37.5104153, 7.172894800000001], [37.5125654, 7.174720199999999], [37.5138554, 7.175825], [37.5151436, 7.177503999999999], [37.5170106, 7.1779885], [37.518158, 7.178757900000001], [37.5195674, 7.180030499999998], [37.5208083, 7.181517899999999], [37.5227229, 7.182098300000001], [37.523632, 7.1824841], [37.5243492, 7.182964899999999], [37.525881000000005, 7.1834004999999985], [37.5271709, 7.184553100000002], [37.5278356, 7.186469300000001], [37.527974799999996, 7.187857499999998], [37.52773, 7.189483699999999], [37.5304214, 7.1899433], [37.53057689999999, 7.1895457], [37.5328707, 7.189591200000001], [37.5344267, 7.189912700000001], [37.534718100000006, 7.189986800000002], [37.53521159999999, 7.188863899999999], [37.5357179, 7.1878606], [37.536654, 7.187289300000001], [37.5376632, 7.186359399999999], [37.538598799999995, 7.185967600000001], [37.5392468, 7.1856108], [37.5396089, 7.1847506], [37.5394692, 7.1834580999999975], [37.5396153, 7.1827408], [37.5399771, 7.181952399999998], [37.5401953, 7.1811635], [37.5409904, 7.179730399999998], [37.54207159999999, 7.178729], [37.5423628, 7.1775813999999984], [37.542871999999996, 7.175645], [37.54323749999999, 7.1737081], [37.543887299999994, 7.172777], [37.5441056, 7.1719164], [37.545330799999995, 7.1708435999999995], [37.546769499999996, 7.170417400000002], [37.54755919999999, 7.170706999999999], [37.5492829, 7.1710714], [37.552299999999995, 7.1715116000000005], [37.55459750000001, 7.1722366], [37.5565402, 7.1715249], [37.557760099999996, 7.172103000000001], [37.55890960000001, 7.172250200000001], [37.560347199999995, 7.172182900000001], [37.5619294, 7.1718288999999995], [37.562361100000004, 7.1716867], [37.564517599999995, 7.171549900000001], [37.5658786, 7.172989800000001], [37.5668832, 7.1734954], [37.567673299999996, 7.1736414], [37.569972199999995, 7.1739356999999995], [37.5709076, 7.1735796999999994], [37.57133879999999, 7.173581], [37.5721292, 7.1736553], [37.5731357, 7.173550700000001], [37.5742668, 7.1736249], [37.575435, 7.173701400000001], [37.582687199999995, 7.175877300000002], [37.58318999999999, 7.175950599999999], [37.5839797, 7.1762402], [37.585128999999995, 7.176459], [37.5862057, 7.176893], [37.5864452, 7.176851099999999], [37.5882191, 7.1765403], [37.5895132, 7.176400699999999], [37.5900858, 7.177192100000002], [37.59094710000001, 7.1775535999999995], [37.5916658, 7.1775558], [37.5925278, 7.177702000000001], [37.5931015, 7.1781345], [37.593604500000005, 7.178135999999999], [37.59439509999999, 7.178138499999999], [37.596335599999996, 7.1781444], [37.5971264, 7.178075], [37.597558299999996, 7.177861], [37.5975349, 7.1777663999999985], [37.59746, 7.1774633], [37.6018283, 7.177613999999999], [37.6024685, 7.178716], [37.6028752, 7.178379700000001], [37.6029486, 7.177877400000001], [37.603523599999995, 7.1778792], [37.603954099999996, 7.1780957999999995], [37.604602299999996, 7.177667099999999], [37.604889799999995, 7.177668], [37.605822800000006, 7.1781014999999995], [37.6068283, 7.178319900000001], [37.607690999999996, 7.178250800000001], [37.60812349999999, 7.1778214], [37.608411, 7.177822199999999], [37.6088403, 7.178469599999999], [37.6090543, 7.178972699999999], [37.609989299999995, 7.178760199999999], [37.611069799999996, 7.1779739000000005], [37.6114307, 7.1774724999999995], [37.6115757, 7.1770422], [37.6124377, 7.1771884], [37.6130833, 7.177621000000002], [37.613584599999996, 7.1781968], [37.61358289999999, 7.1787711000000005], [37.614371899999995, 7.179275899999999], [37.6151623, 7.1793501], [37.616098199999996, 7.178850400000001], [37.6168909, 7.178135], [37.6172507, 7.177992499999999], [37.617967, 7.178784299999999], [37.6194055, 7.1784297], [37.6196943, 7.1779999], [37.62048430000001, 7.1782176], [37.621130699999995, 7.178363099999999], [37.6212259, 7.178353900000001], [37.62118230000001, 7.1776702000000006], [37.6228121, 7.1776634999999995], [37.62348279999999, 7.1792943], [37.624578799999995, 7.178947699999999], [37.62515629999999, 7.178088000000001], [37.625804200000005, 7.177731100000001], [37.62623440000001, 7.178091299999999], [37.6262316, 7.1790244], [37.6268776, 7.179313499999999], [37.6274532, 7.1790999], [37.6282442, 7.178958699999998], [37.62853080000001, 7.179246600000002], [37.629177899999995, 7.1791768], [37.6298265, 7.178604499999999], [37.6305289, 7.177628400000001], [37.630836099999996, 7.17768], [37.6314917, 7.1781999999999995], [37.632782299999995, 7.1792088000000005], [37.63386039999999, 7.179212], [37.634146199999996, 7.1797871], [37.634793300000005, 7.179717300000001], [37.635010799999996, 7.179071900000002], [37.63533359999999, 7.1789347999999995], [37.6355138, 7.179123], [37.6355126, 7.179504000000001], [37.6357986, 7.1800074], [37.6365883, 7.180296800000001], [37.636637799999995, 7.1802969999999995], [37.6369034, 7.1805743999999985], [37.637361899999995, 7.1810532999999985], [37.640785699999995, 7.1791901], [37.6416496, 7.1790947], [37.6417065, 7.1793344999999995], [37.6417661, 7.179307199999999], [37.6421967, 7.1795239], [37.6430605, 7.1790956999999995], [37.64421060000001, 7.1790273], [37.645361199999996, 7.1788153999999995], [37.64607910000001, 7.1791046000000005], [37.646508, 7.179895500000001], [37.6465069, 7.180254400000001], [37.6470808, 7.180615], [37.6478714, 7.180617400000001], [37.64830119999999, 7.181121100000001], [37.6490922, 7.1809799000000005], [37.6494516, 7.1809809], [37.6494505, 7.181339800000001], [37.65016859999999, 7.181557299999999], [37.651033, 7.180913800000001], [37.651392400000006, 7.180914799999998], [37.65160949999999, 7.180413], [37.6526888, 7.179985500000002], [37.6522614, 7.178692099999999], [37.652909900000004, 7.178119799999999], [37.6532499, 7.177894899999999], [37.653341999999995, 7.1778339], [37.6536293, 7.177906499999998], [37.6538417, 7.178983899999999], [37.6539128, 7.1792712], [37.654487499999995, 7.1793447], [37.655494999999995, 7.178916999999999], [37.6563594, 7.1782734999999995], [37.657580599999996, 7.1784924000000006], [37.6583701, 7.1788536], [37.65887299999999, 7.1789268999999996], [37.660023599999995, 7.178714899999999], [37.660742299999995, 7.178717000000001], [37.6622623, 7.178468499999999], [37.663058299999996, 7.1783383999999995], [37.66317099999999, 7.17832], [37.663331, 7.1782938000000005], [37.6644803, 7.178512499999999], [37.665704, 7.17787], [37.6667838, 7.177298899999999], [37.667792299999995, 7.1765122], [37.6683692, 7.175867800000001], [37.66901670000001, 7.1756544], [37.6695916, 7.175655999999999], [37.6701666, 7.1756576999999995], [37.670671000000006, 7.1752284], [37.6713897, 7.175230499999999], [37.6719647, 7.175232200000001], [37.67232549999999, 7.1747307], [37.67340359999999, 7.1747339000000006], [37.674409, 7.175023899999999], [37.6754877, 7.1748117], [37.677142, 7.174385699999999], [37.6777172, 7.1743156], [37.679157100000005, 7.173458300000001], [37.6785589, 7.1727973], [37.67952019999999, 7.173061699999998], [37.679878099999996, 7.172670800000001], [37.680096999999996, 7.171522899999999], [37.6796699, 7.170085999999999], [37.6803899, 7.169657399999999], [37.6808946, 7.1690844999999985], [37.6818285, 7.1692307999999985], [37.68240289999999, 7.1694477999999995], [37.6830512, 7.1689472], [37.6835568, 7.1680871999999995], [37.6840615, 7.167514400000002], [37.68420729999999, 7.166797], [37.685129599999996, 7.167230000000002], [37.6862809, 7.166730800000001], [37.686713399999995, 7.166301399999998], [37.6867148, 7.1657988999999995], [37.6865723, 7.165367799999998], [37.6878652, 7.1656585999999995], [37.6886546, 7.166091600000002], [37.689372399999996, 7.1663806999999995], [37.690163, 7.166383000000001], [37.690520299999996, 7.167101799999999], [37.691526499999995, 7.167104699999999], [37.6921738, 7.166963000000003], [37.692966, 7.166391000000001], [37.693385500000005, 7.1666775], [37.6935412, 7.1663207999999985], [37.694621500000004, 7.165534300000003], [37.695269599999996, 7.165105400000001], [37.6961322, 7.1650361], [37.696709299999995, 7.164319900000002], [37.6969992, 7.1634593], [37.6975031, 7.1631736], [37.6982208, 7.163534499999998], [37.6988674, 7.163608099999999], [37.699513499999995, 7.1638971], [37.7005926, 7.163541199999999], [37.7009154, 7.163542100000001], [37.7016706, 7.163544299999999], [37.7029657, 7.163045399999999], [37.7034491, 7.1628324999999995], [37.7036134, 7.162760100000002], [37.70519619999999, 7.1621903], [37.7057734, 7.1614023], [37.706425800000005, 7.1612265], [37.7065646, 7.1611892], [37.7063644, 7.159622000000001], [37.7070801, 7.159493899999999], [37.7090835, 7.1594579], [37.7090893, 7.1594537], [37.7096114, 7.1590766], [37.7119129, 7.1582219999999985], [37.7129743, 7.157728], [37.714560999999996, 7.157216200000001], [37.7155516, 7.1566427], [37.7183855, 7.1567685999999995], [37.717843699999996, 7.153918699999999], [37.7192893, 7.1510606], [37.7200792, 7.147879599999999], [37.7203328, 7.146858300000001], [37.7187604, 7.142570600000002], [37.7204055, 7.1415392], [37.7218317, 7.140645], [37.7245915, 7.140330499999999], [37.7245938, 7.1403171], [37.7248026, 7.139748600000002], [37.725449600000005, 7.1396786], [37.7258828, 7.138962], [37.72653, 7.1388202], [37.727320299999995, 7.1388941], [37.7281574, 7.138122], [37.72832909999999, 7.1379636999999985], [37.72983969999999, 7.1374654], [37.7349394, 7.1385562], [37.7386037, 7.1389251], [37.739812900000004, 7.1383046000000006], [37.739607899999996, 7.1381309], [37.7413094, 7.1374445], [37.74323069999999, 7.1366695], [37.745991599999996, 7.135543900000001], [37.745442700000005, 7.1347084], [37.745519099999996, 7.1330576], [37.744946299999995, 7.132266399999999], [37.7438722, 7.130827699999999], [37.7432291, 7.129462099999999], [37.7425854, 7.1283118], [37.7424061, 7.127939], [37.741919, 7.1269264], [37.741513499999996, 7.1260835], [37.740655600000004, 7.124430099999999], [37.739221199999996, 7.1233493999999995], [37.7382152, 7.1222989], [37.7367609, 7.1207802], [37.7382719, 7.1201383], [37.7397822, 7.1197117], [37.741076799999995, 7.1193563], [37.7418889, 7.118428499999999], [37.742518600000004, 7.117709100000001], [37.74352429999999, 7.117855400000001], [37.745106500000006, 7.117429], [37.745970299999996, 7.116928899999999], [37.74733589999999, 7.1168608], [37.7485971, 7.1170539999999995], [37.7492136, 7.1171484], [37.7502086, 7.1175863999999995], [37.7515715, 7.1185233000000006], [37.7588236, 7.120911700000001], [37.75975819999999, 7.120770599999999], [37.7604064, 7.120269899999999], [37.7614859, 7.1196985], [37.7625633, 7.119916699999999], [37.7632092, 7.120277400000001], [37.764718699999996, 7.120137799999999], [37.7653665, 7.1197805999999995], [37.7662289, 7.119782900000001], [37.766948899999996, 7.1192823999999995], [37.7679546, 7.119428600000002], [37.7687457, 7.119215400000001], [37.7687057, 7.119104399999999], [37.7689636, 7.1191645999999995], [37.77047569999999, 7.118091799999999], [37.772130700000005, 7.1173066], [37.77349629999999, 7.1172384], [37.774502999999996, 7.1170257], [37.77457700000001, 7.1162363000000015], [37.774560400000006, 7.1161962], [37.7727979, 7.1152994], [37.7737268, 7.1144927], [37.7737744, 7.1144514], [37.7740346, 7.1142255], [37.77455510000001, 7.1137733999999995], [37.77463480000001, 7.1137042], [37.775408999999996, 7.113031899999999], [37.7782513, 7.1116515], [37.7801893, 7.1080147], [37.781847799999994, 7.105918099999999], [37.7841065, 7.1032679000000005], [37.7841987, 7.1032198], [37.7864813, 7.1020297999999995], [37.7898954, 7.100276], [37.7908951, 7.100835], [37.791973, 7.100837799999999], [37.793570599999995, 7.1000584], [37.7935722, 7.1000483], [37.79428829999999, 7.0992223999999995], [37.794503299999995, 7.0989745], [37.7951608, 7.098216099999999], [37.7959016, 7.0973617], [37.7968544, 7.096262899999999], [37.7969333, 7.096274800000001], [37.8007239, 7.0968504], [37.803439000000004, 7.0967616], [37.8060463, 7.095117300000001], [37.8074373, 7.0948766999999995], [37.8098904, 7.0944522999999995], [37.814003, 7.093669999999999], [37.8153806, 7.0947603], [37.817707500000004, 7.095450199999998], [37.8213565, 7.097030799999999], [37.824936, 7.095966], [37.8269807, 7.0966056], [37.829476400000004, 7.0973864], [37.8338311, 7.0989434000000005], [37.8353769, 7.0986158999999995], [37.8364288, 7.0983928999999995], [37.8397547, 7.0993042], [37.8438552, 7.099563300000001], [37.8468078, 7.0998187], [37.8470453, 7.099839200000001], [37.84813030000001, 7.101508999999999], [37.8486231, 7.1022676], [37.850253699999996, 7.102517699999999], [37.850300499999996, 7.1025249], [37.852140399999996, 7.1028071], [37.85292760000001, 7.103981400000001], [37.854205, 7.1058872], [37.855317299999996, 7.109774499999999], [37.8578359, 7.111878700000001], [37.8614907, 7.1120176000000015], [37.864347200000005, 7.112965899999999], [37.8670659, 7.114719399999999], [37.8708263, 7.115235900000001], [37.8709944, 7.115259], [37.8718241, 7.111899299999998], [37.872600500000004, 7.1106887], [37.8735134, 7.109265199999999], [37.8746016, 7.108881599999999], [37.87550619999999, 7.108562599999999], [37.8761928, 7.108320500000001], [37.879523899999995, 7.1078021], [37.883235600000006, 7.1059506], [37.8864726, 7.1042095000000005], [37.887956900000006, 7.1038343], [37.8904269, 7.1032098999999995], [37.8931079, 7.102584299999999], [37.893167399999996, 7.102570399999999], [37.89573399999999, 7.1011646], [37.8981484, 7.099973899999999], [37.902326300000006, 7.0992779], [37.9057147, 7.0998601999999975], [37.908617, 7.0996029], [37.909264900000004, 7.0995455], [37.912044099999996, 7.102774600000001], [37.9136633, 7.105997400000001], [37.917473, 7.108878700000001], [37.919034599999996, 7.1099853], [37.9208048, 7.1110902], [37.9230535, 7.1124833], [37.9248233, 7.1137318], [37.9254524, 7.114179900000001], [37.92630619999999, 7.1147882], [37.9275972, 7.1159398000000005], [37.929152099999996, 7.1169245], [37.9296789, 7.1170215], [37.9319321, 7.1165002], [37.932229, 7.116281799999999], [37.934331799999995, 7.114734899999999], [37.9366825, 7.113448099999999], [37.9369514, 7.113247599999999], [37.938986299999996, 7.111730399999999], [37.94071219999999, 7.111303599999999], [37.942222, 7.1110438], [37.9427373, 7.1110169], [37.9448576, 7.1109063], [37.9452889, 7.1108594], [37.946775599999995, 7.110240599999999], [37.94850279999999, 7.109239400000002], [37.9487036, 7.1091647], [37.94965369999999, 7.108811299999998], [37.9508046, 7.1083832000000005], [37.9527687, 7.108531199999999], [37.953201, 7.1085134], [37.9538708, 7.1084858], [37.9543757, 7.1080283], [37.954720699999996, 7.107715799999999], [37.954951, 7.1075071], [37.9572517, 7.107129400000001], [37.95926479999999, 7.1067988999999985], [37.961278, 7.1064205], [37.96202199999999, 7.106266699999999], [37.9633392, 7.1059944], [37.9663783, 7.1048860000000005], [37.966599900000006, 7.1048052], [37.9670769, 7.105763500000001], [37.9678415, 7.1066745000000004], [37.9694417, 7.1088556999999994], [37.9705879, 7.1105334], [37.9717387, 7.110924], [37.9727454, 7.109915999999999], [37.9753338, 7.109443099999999], [37.9775389, 7.1089693999999986], [37.978794699999995, 7.108458000000001], [37.9794092, 7.1082076999999995], [37.981617899999996, 7.1060588], [37.98253019999999, 7.1051994], [37.9832773, 7.104223299999999], [37.983755499999994, 7.103598699999999], [37.985436899999996, 7.1015444], [37.9858841, 7.1010997], [37.9846811, 7.100065099999999], [37.9863254, 7.098218999999999], [37.9893339, 7.0972684], [37.991509199999996, 7.095805400000001], [37.9938638, 7.092093199999999], [37.995464299999995, 7.0886303], [37.99558030000001, 7.085420399999999], [37.9965411, 7.082351399999999], [37.996088, 7.0795664999999985], [37.9956791, 7.0782914], [37.994961700000005, 7.0760542], [37.9946704, 7.0751029999999995], [37.9944591, 7.0744131], [37.9941737, 7.0734812], [37.99401400000001, 7.0729597], [37.9934314, 7.0710574], [37.993294899999995, 7.069442200000001], [37.993175799999996, 7.0680333], [37.993088799999995, 7.0670045], [37.993212299999996, 7.065581000000001], [37.9933509, 7.0639818000000005], [37.9938155, 7.0624525], [37.993974099999996, 7.0619306], [37.9944543, 7.0603499], [37.9976232, 7.060098299999999], [37.9999572, 7.058954699999999], [38.0026106, 7.057803699999999], [38.0065582, 7.059313399999999], [38.0092001, 7.0605777], [38.011388, 7.062657799999999], [38.0151363, 7.062732099999999], [38.01796849999999, 7.0646501], [38.0206939, 7.065066700000001], [38.022567699999996, 7.065353199999999], [38.0248206, 7.066412199999999], [38.0248743, 7.066437400000001], [38.026080199999996, 7.0670044], [38.0299398, 7.0668114], [38.0312337, 7.065182600000001], [38.0320213, 7.0641913], [38.035039499999996, 7.064237399999999], [38.037965799999995, 7.064840299999999], [38.038033899999995, 7.0660038], [38.0393162, 7.0663268], [38.0401289, 7.067142100000001], [38.0402698, 7.068530399999999], [38.0392134, 7.069676899999999], [38.037726299999996, 7.0705832], [38.0367652, 7.071969199999999], [38.036523200000005, 7.073165299999999], [38.0372877, 7.0741719], [38.03891480000001, 7.075084699999999], [38.04044679999999, 7.0756143], [38.0441062, 7.076291099999999], [38.044110599999996, 7.0762919], [38.0460274, 7.076152200000001], [38.047897299999995, 7.075486], [38.0495758, 7.074675799999999], [38.0520211, 7.073771399999999], [38.05241540000001, 7.0735036], [38.0539882, 7.0724353], [38.0545142, 7.072915000000001], [38.0561462, 7.0749514], [38.0564736, 7.0753599000000005], [38.0567722, 7.073414499999999], [38.056796, 7.0734234], [38.057277500000005, 7.0756087999999995], [38.058341, 7.075938], [38.0604233, 7.076803699999999], [38.062799000000005, 7.0764289], [38.061429000000004, 7.072212999999999], [38.0630048, 7.065438], [38.0634125, 7.0576205000000005], [38.0634387, 7.0571171], [38.064154699999996, 7.043387], [38.0733647, 7.0296064], [38.08787459999999, 7.022945999999999], [38.10191450000001, 7.0107754999999985], [38.1089394, 6.999629999999999], [38.1171144, 6.980914100000001], [38.1292979, 6.9738299], [38.1301543, 6.9740099], [38.130711, 6.9730298], [38.1307622, 6.971259000000001], [38.130595899999996, 6.970540699999999], [38.130022700000005, 6.9696302999999995], [38.130168999999995, 6.968242500000001], [38.130236800000006, 6.9663167], [38.1302701, 6.9653709], [38.130272, 6.9643657999999995], [38.130706100000005, 6.9626914], [38.13147409999999, 6.9618313], [38.1327345, 6.961368799999999], [38.13403029999999, 6.960043], [38.1357207, 6.958969199999999], [38.13528960000001, 6.9578178], [38.13567460000001, 6.9568132999999985], [38.135725, 6.955425399999999], [38.1354404, 6.953893300000001], [38.1355387, 6.952553300000001], [38.1354446, 6.9515958], [38.13482309999999, 6.950972500000001], [38.1335306, 6.9505393999999985], [38.1326215, 6.9500112], [38.1323831, 6.9493884999999995], [38.1331146, 6.9483090999999995], [38.13377599999999, 6.947333], [38.135359799999996, 6.945612799999998], [38.1359613, 6.9440823], [38.13620089999999, 6.9430847], [38.136444, 6.942072899999999], [38.1365426, 6.940493600000001], [38.1365919, 6.939727899999999], [38.136210999999996, 6.938482699999999], [38.1354472, 6.937093299999999], [38.134347399999996, 6.9360383], [38.1325286, 6.9353171], [38.130978299999995, 6.934896900000001], [38.13003919999999, 6.9346424], [38.129657099999996, 6.934067400000001], [38.1296554, 6.9340592999999995], [38.1294388, 6.9329953], [38.1291112, 6.931386], [38.12906559999999, 6.930093599999999], [38.1298823, 6.928802800000001], [38.1308422, 6.927703699999999], [38.1309662, 6.926606899999999], [38.1310856, 6.925550299999999], [38.1309931, 6.923779199999999], [38.1306596, 6.922773500000001], [38.1306138, 6.921672599999999], [38.130328299999995, 6.920618999999999], [38.1306903, 6.919088099999998], [38.1310747, 6.918418699999998], [38.130933500000005, 6.9170783], [38.130648, 6.9160726000000015], [38.130938300000004, 6.9144458], [38.131324, 6.9130585], [38.13113459999999, 6.9118616], [38.1304181, 6.910807300000001], [38.1296058, 6.9097528], [38.128845399999996, 6.909040999999999], [38.1281714, 6.908409999999999], [38.127554, 6.9060344], [38.127339600000006, 6.9049623], [38.12676749999999, 6.9035253999999995], [38.1263562, 6.902518199999999], [38.126004599999995, 6.9016573], [38.1252895, 6.8998372], [38.1249105, 6.897587], [38.12429100000001, 6.895862799999998], [38.123479100000004, 6.8946168], [38.1222129, 6.893035000000001], [38.1216471, 6.8924427999999995], [38.1211134, 6.891884300000001], [38.1199933, 6.8907982], [38.11967919999999, 6.8904936], [38.1189585, 6.8897069], [38.118054099999995, 6.888719699999999], [38.1183135, 6.8877963000000015], [38.1186013, 6.886772], [38.1191612, 6.8857064], [38.12064949999999, 6.8837467], [38.121417099999995, 6.883030199999999], [38.1213238, 6.881689799999999], [38.1206321, 6.880156899999999], [38.119927499999996, 6.8794265999999995], [38.1191981, 6.8786705999999995], [38.118482199999995, 6.8773291], [38.1177652, 6.8765619], [38.117765399999996, 6.8764543], [38.1177668, 6.875700399999999], [38.118584, 6.874074599999998], [38.118681800000005, 6.872973899999999], [38.1184443, 6.8719205], [38.11744170000001, 6.8702434], [38.1162484, 6.868087399999999], [38.114936400000005, 6.8653568], [38.11393640000001, 6.8622917], [38.1135191, 6.860795500000001], [38.11317520000001, 6.8595621], [38.1124595, 6.8581249], [38.111265100000004, 6.856591099999999], [38.110262, 6.8552012], [38.10980939999999, 6.853908], [38.109285099999994, 6.8525669], [38.1088082, 6.851513], [38.108588999999995, 6.8512930999999995], [38.108330699999996, 6.851033999999999], [38.1078044, 6.850506], [38.106797300000004, 6.849899499999999], [38.1063735, 6.8496444], [38.1054126, 6.8490657000000015], [38.103171700000004, 6.847854300000001], [38.1028273, 6.8466397], [38.10239849999999, 6.8454901999999995], [38.102095500000004, 6.843960999999998], [38.1019181, 6.843066299999999], [38.101023, 6.8415928], [38.10002029999999, 6.8400114], [38.09951919999999, 6.8390772], [38.0986589, 6.8381781], [38.098230699999995, 6.8371024], [38.097657999999996, 6.8356635], [38.0971038, 6.8343522], [38.0966258, 6.8328292], [38.09624689999999, 6.8316224], [38.0953193, 6.828318100000001], [38.0947468, 6.8272042], [38.093959, 6.8259463], [38.0934777, 6.8240967], [38.093416, 6.8229484], [38.093338900000006, 6.8215119], [38.092622299999995, 6.820577200000001], [38.0916906, 6.819498499999999], [38.0913693, 6.8184928], [38.0913709, 6.8176312999999995], [38.091435, 6.816485500000001], [38.0914773, 6.8149159], [38.0908927, 6.814094500000001], [38.0906071, 6.8131965999999995], [38.089819, 6.8121182000000005], [38.089570099999996, 6.810789499999999], [38.0891046, 6.8100707], [38.088674100000006, 6.809818600000001], [38.087275299999995, 6.8088826], [38.086451, 6.8079477], [38.0855035, 6.805738300000001], [38.0846085, 6.8042289], [38.08391149999999, 6.803047100000001], [38.0829976, 6.8014977], [38.0822179, 6.8005118], [38.081206300000005, 6.799232799999999], [38.0807412, 6.798298600000001], [38.0800085, 6.7964484999999994], [38.0801897, 6.795587299999999], [38.080335, 6.794726], [38.0799223, 6.7938278], [38.0794766, 6.792857799999999], [38.0791074, 6.7917436], [38.078619700000004, 6.790271499999999], [38.07807009999999, 6.7865552], [38.0778215, 6.7851187999999985], [38.07768739999999, 6.784122], [38.0775028, 6.782749000000001], [38.07721670000001, 6.782102299999999], [38.07650219999999, 6.7801624999999985], [38.075836699999996, 6.779061100000001], [38.075177599999996, 6.7779703], [38.074013799999996, 6.7762629], [38.073153999999995, 6.7751844000000006], [38.071971, 6.774105199999999], [38.0714341, 6.773170899999999], [38.0708261, 6.771877399999999], [38.0705418, 6.7702974], [38.069985700000004, 6.7689243999999995], [38.070179599999996, 6.767680299999999], [38.070087, 6.766052800000001], [38.069685299999996, 6.763275999999999], [38.06939920000001, 6.7626532], [38.0692103, 6.761264899999998], [38.0687336, 6.760211000000001], [38.067779099999996, 6.758581799999999], [38.0674937, 6.757576200000001], [38.0664434, 6.7559947], [38.0670674, 6.755182199999999], [38.068073999999996, 6.754609800000001], [38.0684586, 6.753796899999998], [38.0682213, 6.752695600000001], [38.0674353, 6.7505881], [38.0674845, 6.7498702999999995], [38.0670547, 6.7493428999999985], [38.0665803, 6.7470446], [38.066007899999995, 6.7458947999999985], [38.0657703, 6.744985], [38.065053299999995, 6.7443614], [38.0647673, 6.7436907999999995], [38.0649136, 6.742303], [38.064006500000005, 6.7409611], [38.062812699999995, 6.7393315000000005], [38.0622161, 6.7383731], [38.0617643, 6.7373078999999985], [38.0609769, 6.7354511], [38.0606439, 6.734349600000001], [38.059984799999995, 6.7321811], [38.059357399999996, 6.7311404], [38.0578289, 6.7292708], [38.057793800000006, 6.7283477], [38.0577378, 6.7268775], [38.0576441, 6.725824299999999], [38.0574218, 6.724633400000001], [38.057362100000006, 6.7243131], [38.057099099999995, 6.7229037], [38.056240599999995, 6.7212268], [38.0560508, 6.7203171], [38.055477499999995, 6.7196937], [38.0554311, 6.7189279], [38.0546675, 6.717682000000001], [38.05390339999999, 6.716723200000001], [38.053905099999994, 6.715861699999999], [38.054577099999996, 6.714953599999999], [38.0550589, 6.7133750999999995], [38.0554213, 6.7116049], [38.0552808, 6.7099773], [38.0550913, 6.7089718], [38.0536123, 6.7062886], [38.053327, 6.7053308], [38.0532332, 6.704277699999999], [38.0521388, 6.7026767], [38.0515624, 6.701833499999999], [38.0507181, 6.7009861], [38.0499856, 6.700251], [38.049316, 6.6999146], [38.0491978, 6.699148600000001], [38.0494382, 6.698622599999998], [38.049343799999995, 6.697952300000001], [38.048962599999996, 6.6969943], [38.0496832, 6.695703399999999], [38.049876399999995, 6.6948423], [38.0502129, 6.6941250000000005], [38.0499274, 6.693215], [38.049116, 6.691969099999999], [38.048255, 6.691584499999999], [38.047537199999994, 6.6914395], [38.0468186, 6.691725300000001], [38.0461473, 6.692250500000001], [38.0456214, 6.6919144], [38.045528499999996, 6.6904305], [38.04519559999999, 6.6892812], [38.0444804, 6.687795999999999], [38.0427594, 6.6865961], [38.0418506, 6.686211499999999], [38.0413488, 6.6857797], [38.0410162, 6.684486799999999], [38.040766, 6.6840120999999995], [38.040364600000004, 6.6841765], [38.039916700000006, 6.6846695], [38.0391151, 6.6856556000000005], [38.03805570000001, 6.686147399999999], [38.0378058, 6.6862005999999985], [38.037078199999996, 6.6862356], [38.0356904, 6.685415900000001], [38.03787559999999, 6.684063999999999], [38.038720999999995, 6.6830943], [38.0382928, 6.6812967], [38.0386296, 6.680435799999999], [38.0383936, 6.6787123], [38.0379166, 6.6778499], [38.03787, 6.6771797], [38.037345599999995, 6.676077900000001], [38.03710720000001, 6.6755509], [38.0368216, 6.6747366999999995], [38.0364887, 6.6736352000000005], [38.0350556, 6.672052899999999], [38.0325676, 6.671425900000001], [38.03090819999999, 6.6712665], [38.0299666, 6.6710717], [38.0289224, 6.670855799999999], [38.0283338, 6.6700535], [38.027856500000006, 6.6693346], [38.026901599999995, 6.6680883], [38.02604120000001, 6.667416499999999], [38.025132199999994, 6.6671754], [38.0237845, 6.667646599999999], [38.02360309999999, 6.667710099999999], [38.0224721, 6.668187499999999], [38.021557400000006, 6.6664216], [38.0205457, 6.6665718], [38.0194365, 6.6656439], [38.0193886, 6.6656035], [38.0183617, 6.6615018], [38.018221800000006, 6.6596348], [38.0170579, 6.6552052999999995], [38.016584699999996, 6.652428299999998], [38.0159802, 6.6494108], [38.0157789, 6.6484062999999995], [38.014616, 6.6434503], [38.0146183, 6.642301599999999], [38.0140497, 6.6393809], [38.0136241, 6.6367955], [38.0129593, 6.634113900000001], [38.012127199999995, 6.6309125999999985], [38.0117955, 6.629636400000001], [38.01146500000001, 6.627338399999999], [38.0108934, 6.6259493], [38.011039000000004, 6.6249443999999995], [38.010563700000006, 6.623220499999999], [38.0098528, 6.619677200000001], [38.00971079999999, 6.6182412], [38.0095947, 6.617068199999999], [38.009739599999996, 6.6164463], [38.0101255, 6.6149154999999995], [38.0110889, 6.6118542], [38.01262880000001, 6.6076933], [38.0126572, 6.6054678], [38.0125653, 6.6035052], [38.01256749999999, 6.602404399999998], [38.0127666, 6.598575800000001], [38.01267730000001, 6.595320999999999], [38.0125362, 6.5940763], [38.012516000000005, 6.592185699999999], [38.01270890000001, 6.591420299999999], [38.01275929999999, 6.590128099999998], [38.01271859999999, 6.586538399999999], [38.0124335, 6.585484800000001], [38.0131995, 6.5853906], [38.0138706, 6.584865499999999], [38.0156424, 6.5843903], [38.017270100000005, 6.584202099999999], [38.0177377, 6.5823239], [38.0187738, 6.578162999999999], [38.0188475, 6.5778049], [38.018994400000004, 6.5770916999999995], [38.0164686, 6.5751783], [38.0188461, 6.573269399999999], [38.0161887, 6.572758299999999], [38.014880999999995, 6.5725131], [38.01067799999999, 6.570249899999999], [38.0074449, 6.5691183], [38.0045351, 6.5689567], [38.0028362, 6.568724999999999], [38.00097859999999, 6.5684717], [37.9977455, 6.566208500000001], [37.995159, 6.563298699999999], [37.9929576, 6.5603629], [37.989594800000006, 6.5581932], [37.9864296, 6.558125800000001], [37.9837511, 6.557420899999999], [37.9833581, 6.557317500000001], [37.9809333, 6.556347499999999], [37.980511299999996, 6.555361699999999], [37.9796872, 6.553436700000001], [37.977215199999996, 6.550851199999999], [37.973658799999995, 6.549719599999999], [37.9723809, 6.5509265], [37.96929749999999, 6.5492444999999995], [37.9687658, 6.548954399999999], [37.95266290000001, 6.5496199], [37.9327006, 6.5572064], [37.918460800000005, 6.574375799999999], [37.914736899999994, 6.5836535000000005], [37.912612, 6.590668999999999], [37.8996919, 6.5941873], [37.89898170000001, 6.5943807], [37.892776, 6.5960705], [37.871482799999995, 6.582228499999999], [37.854427199999996, 6.5577765999999995], [37.8437365, 6.5433806], [37.8424774, 6.541685200000001], [37.823397699999994, 6.520533299999999], [37.8145948, 6.5105718999999995], [37.8130528, 6.508329799999999], [37.8125682, 6.5067658999999995], [37.8121283, 6.506985500000001], [37.8077749, 6.5006553], [37.799926, 6.478181599999999], [37.796286, 6.449460300000001], [37.797456, 6.429239399999998], [37.80783589999999, 6.4101785], [37.819595799999995, 6.3934277], [37.840085699999996, 6.378746999999999], [37.8454156, 6.351875799999998], [37.8482056, 6.3316649], [37.8502856, 6.3268447], [37.852155599999996, 6.304783600000001], [37.8514191, 6.299468], [37.84804559999999, 6.2788224999999995], [37.840265599999995, 6.2482511], [37.82556699999999, 6.2207316], [37.8246179, 6.2192487], [37.8233602, 6.2172836], [37.809798, 6.196094], [37.7905333, 6.172462200000001], [37.778095900000004, 6.1495966], [37.7746959, 6.123855400000001], [37.774770499999995, 6.1231188], [37.775736800000004, 6.1135755], [37.77772590000001, 6.0981243], [37.7851358, 6.072633100000001], [37.78977580000001, 6.049442000000001], [37.7863658, 6.028751100000002], [37.78317579999999, 6.010600300000001], [37.7914858, 5.9959096], [37.8037361, 5.9931788], [37.8133256, 5.997789699999999], [37.82709549999999, 6.0099902], [37.8429654, 6.0109402], [37.8565453, 5.9990097], [37.8567681, 5.998703], [37.8655353, 5.986629100000001], [37.880485199999995, 5.9850389999999996], [37.8825061, 5.98357], [37.894773199999996, 5.974652600000001], [37.8949851, 5.974498599999999], [37.903974999999996, 5.9605079], [37.922824899999995, 5.960077899999999], [37.9364818, 5.961898499999999], [37.944654799999995, 5.962987999999999], [37.952694699999995, 5.963348000000001], [37.9685746, 5.956017699999999], [37.9775845, 5.927776400000002], [37.9789945, 5.9075754], [37.982242, 5.889143700000001], [37.9824745, 5.8878245], [37.9835633, 5.886180499999999], [37.984105899999996, 5.8853613], [37.9893222, 5.8774855], [37.9909405, 5.8750422], [37.99630440000001, 5.8669436], [38.002545399999995, 5.8567602999999995], [38.0071343, 5.8492728], [38.0090143, 5.8265417], [38.0122742, 5.8042707], [38.0198742, 5.7900399999999985], [38.0345575, 5.7766391], [38.039214, 5.772389199999999], [38.054153899999996, 5.7641488], [38.0641544, 5.7632617999999995], [38.0720778, 5.762558999999999], [38.0888837, 5.745608], [38.0884381, 5.7395800999999995], [38.0870837, 5.721256799999999], [38.0804637, 5.7010359], [38.0751638, 5.6889404], [38.0555039, 5.680337300000001], [38.0408141, 5.6736467], [38.024074399999996, 5.6600655], [38.0080147, 5.6501546], [37.9996437, 5.6499491], [37.977465200000005, 5.649404500000001], [37.9637355, 5.645694199999999], [37.94352, 5.6394642], [37.9301746, 5.616672099999999], [37.9371046, 5.597391299999999], [37.941128299999995, 5.585105299999999], [37.941534499999996, 5.568449900000001], [37.9478145, 5.5376885], [37.949254499999995, 5.507597100000001], [37.94681449999999, 5.4742856], [37.940214499999996, 5.449924499999999], [37.9352245, 5.4230333], [37.9192739, 5.395977300000001], [37.9012124, 5.3732478], [37.9005192, 5.369899399999999], [37.896374699999996, 5.3498799], [37.9010347, 5.326918900000001], [37.904774599999996, 5.3039578], [37.9043846, 5.2793767], [37.9024346, 5.259385700000001], [37.90205960000001, 5.2542974], [37.900819299999995, 5.2448540999999995], [37.8867622, 5.2354337], [37.885085499999995, 5.23431], [37.8831948, 5.2343297], [37.8526574, 5.2346468999999995], [37.83949, 5.2424306], [37.8271279, 5.249738199999999], [37.8100782, 5.268299900000001], [37.7926085, 5.2742204], [37.7728288, 5.2833513], [37.7619809, 5.280505999999999], [37.75825619999999, 5.279529099999999], [37.7542816, 5.2784866], [37.7498442, 5.2773227], [37.7471293, 5.2766107], [37.746003699999996, 5.277574200000001], [37.7446464, 5.2787361], [37.7437368, 5.279514799999999], [37.74226709999999, 5.280773], [37.728939600000004, 5.292182099999999], [37.7008801, 5.3058833], [37.6742305, 5.307643500000001], [37.664552, 5.304707400000001], [37.66225790000001, 5.3040114], [37.6550108, 5.301812899999999], [37.646706, 5.299287299999999], [37.64547819999999, 5.2971859], [37.6372864, 5.283167], [37.6297348, 5.2660097], [37.6202675, 5.262555699999999], [37.6002118, 5.2552387000000005], [37.5974417, 5.254211], [37.579830199999996, 5.247677400000001], [37.5783718, 5.2437754], [37.5778536, 5.242388900000001], [37.5513526, 5.2339267], [37.5352447, 5.2274569], [37.517863199999994, 5.2204755], [37.4912737, 5.2029138999999995], [37.4655841, 5.193173], [37.4485144, 5.1838181], [37.44695949999999, 5.182965899999999], [37.4415146, 5.1799818], [37.4326505, 5.1750824], [37.431845599999995, 5.1746374], [37.4283893, 5.172727], [37.4249329, 5.1708166], [37.423643, 5.1701036], [37.41721499999999, 5.1665506], [37.3671759, 5.155099499999999], [37.3407363, 5.159599899999999], [37.3172467, 5.173531199999999], [37.29235709999999, 5.1943630999999995], [37.2631677, 5.1970033], [37.2498371, 5.198296099999999], [37.2381081, 5.1994335], [37.2169084, 5.212684799999999], [37.1971588, 5.210314499999999], [37.1834317, 5.195636699999999], [37.1819773, 5.194081499999999], [37.1818291, 5.193923], [37.17908089999999, 5.193548300000001], [37.173973800000006, 5.1928518], [37.1453097, 5.188942600000001], [37.1122303, 5.1862723], [37.0821208, 5.186382300000001], [37.05222129999999, 5.1917728], [37.022551799999995, 5.1964732], [37.0033111, 5.1990829], [37.002648400000005, 5.1988859], [36.9925709, 5.1958911], [36.9831, 5.1924123], [36.968608599999996, 5.1933777999999995], [36.966481, 5.1935196], [36.9633984, 5.193725], [36.9587145, 5.1940371], [36.9489667, 5.1946864999999995], [36.9212279, 5.1451306], [36.892970999999996, 5.109787699999999], [36.882185799999995, 5.0749837], [36.871440199999995, 5.029060399999999], [36.8706093, 5.0243721], [36.8675332, 5.007016], [36.860709, 4.9787672999999995], [36.8647986, 4.944198399999999], [36.8608495, 4.9350651], [36.863475699999995, 4.793039399999999], [36.8547395, 4.736059600000001], [36.82875070000001, 4.709452], [36.82848, 4.7091747999999995], [36.82652319999999, 4.7091918], [36.64640910000001, 4.7107571], [36.680841199999996, 4.6043006], [36.6575323, 4.5803737], [36.678045299999994, 4.529114300000001], [36.6914938, 4.4955082], [36.7024625, 4.4662456], [36.712582000000005, 4.4392483], [36.714254, 4.4338505], [36.6475, 4.446670000000001], [36.511775, 4.4434971999999995], [36.4477107, 4.4419996], [36.43361, 4.441669999999999], [36.3966698, 4.4410998], [36.364110100000005, 4.4405971], [36.27166, 4.43917], [36.26365, 4.44034], [36.211169999999996, 4.447999999999999], [36.068684600000005, 4.4472097]]], [[[38.2037313, 5.9350204], [38.191799599999996, 5.9384965], [38.18097169999999, 5.941650999999999], [38.1701519, 5.957022399999999], [38.162552, 5.9756141000000005], [38.1593221, 5.9850249], [38.1551369, 5.9921936], [38.15406649999999, 5.994027000000001], [38.152791400000005, 5.9962111], [38.1503422, 6.0004063], [38.1469957, 6.003273499999999], [38.1388324, 6.0102672], [38.1215927, 6.0166778], [38.1201881, 6.025784100000001], [38.119042799999995, 6.033209299999999], [38.1166936, 6.0488629000000005], [38.116492799999996, 6.050200800000001], [38.104983, 6.0660323], [38.1001431, 6.077273300000001], [38.0985931, 6.0870792], [38.0968456, 6.0895572], [38.0954438, 6.091545099999999], [38.0939963, 6.093597899999999], [38.092073199999994, 6.096324999999999], [38.0798634, 6.1169869], [38.0830534, 6.1371987], [38.086728400000005, 6.1610448], [38.0882566, 6.1629489], [38.089399, 6.1643724], [38.102301499999996, 6.1804483999999995], [38.10997150000001, 6.1734624], [38.117003800000006, 6.1670572], [38.1250637, 6.155126699999999], [38.127454799999995, 6.155028499999999], [38.1413836, 6.1544566000000005], [38.1583935, 6.159526799999999], [38.1710334, 6.166887199999999], [38.1847932, 6.1797721999999995], [38.1873968, 6.182210299999999], [38.1964404, 6.203026099999999], [38.197921400000006, 6.206435], [38.1951901, 6.2181315], [38.19331149999999, 6.2261767], [38.1790517, 6.2383378], [38.174838199999996, 6.248365100000001], [38.1719118, 6.255329399999999], [38.173741799999995, 6.266810400000001], [38.1765792, 6.2723499], [38.1783317, 6.2757711999999986], [38.180822899999995, 6.2819275], [38.1816701, 6.284021000000001], [38.1817716, 6.284272], [38.1867058, 6.2990981999999995], [38.188421500000004, 6.3042538], [38.194788599999995, 6.3145104], [38.1975778, 6.319003299999999], [38.2052626, 6.324268099999999], [38.213893299999995, 6.3301746], [38.215610999999996, 6.330266000000001], [38.2307845, 6.3310737999999995], [38.23136319999999, 6.3311046], [38.2486031, 6.3362798], [38.2561335, 6.339935], [38.2676936, 6.3455461], [38.272512899999995, 6.347885299999999], [38.2882304, 6.3598422], [38.2932297, 6.372039899999999], [38.292770999999995, 6.3953515], [38.292759700000005, 6.3959221], [38.293152, 6.3979529], [38.2925289, 6.3985745], [38.2918576, 6.3996386], [38.291258, 6.4006669], [38.290514699999996, 6.401934399999999], [38.28989189999999, 6.40246], [38.2890057, 6.4032246], [38.2884309, 6.4036307], [38.2872098, 6.404346999999999], [38.286563300000005, 6.4047769], [38.2857966, 6.405577599999999], [38.2850055, 6.4067253], [38.284407, 6.407035599999999], [38.2837124, 6.4075850999999995], [38.2831134, 6.408254299999999], [38.2829339, 6.408303], [38.28393729999999, 6.409320499999999], [38.284606200000006, 6.4099916], [38.2849406, 6.410374999999998], [38.2847004, 6.4110447], [38.284365, 6.411427199999999], [38.2842449, 6.411490599999999], [38.284308900000006, 6.411965], [38.2828645, 6.414469700000001], [38.2819248, 6.414531], [38.281318399999996, 6.414946799999999], [38.28100990000001, 6.4154911], [38.2813908, 6.416784], [38.2821078, 6.417311499999999], [38.2824424, 6.417599200000001], [38.28248899999999, 6.4184609], [38.2825118, 6.4192507], [38.28227109999999, 6.4203034], [38.2821255, 6.421786999999999], [38.2820281, 6.4229835], [38.282169700000004, 6.4243717999999985], [38.2825986, 6.4256648], [38.2831246, 6.425857], [38.2836498, 6.426671499999999], [38.2836966, 6.4274374], [38.28331239999999, 6.4284419999999995], [38.2827367, 6.4295421], [38.2824959, 6.4306427], [38.282255899999996, 6.431168899999999], [38.2825419, 6.431983], [38.2829945, 6.4333957], [38.282849799999994, 6.4341614], [38.282657, 6.435166299999999], [38.2825604, 6.4358362], [38.282511400000004, 6.436602], [38.2824142, 6.437702799999999], [38.2824035, 6.43777], [38.282269400000004, 6.4386120999999985], [38.28202909999999, 6.4393297], [38.281741200000006, 6.4399037], [38.281051399999996, 6.4415782], [38.282726800000006, 6.4411496999999995], [38.284593699999995, 6.4406258], [38.285695, 6.4401487], [38.2857595, 6.439646499999999], [38.2858885, 6.438641199999999], [38.28603389999999, 6.437348999999998], [38.285986699999995, 6.4368703], [38.2859881, 6.435865100000001], [38.285989, 6.435242899999999], [38.286372199999995, 6.434956199999999], [38.2865636, 6.434956499999999], [38.286994199999995, 6.435004999999999], [38.287615599999995, 6.4354366], [38.2883334, 6.435437599999999], [38.28900360000001, 6.4352471], [38.2895782, 6.434912799999999], [38.290104899999996, 6.4347221], [38.2903922, 6.434531000000001], [38.2906318, 6.434291999999999], [38.290871599999996, 6.4339094], [38.2910163, 6.4330481], [38.29068180000001, 6.432760399999999], [38.289916999999996, 6.4321371], [38.28967879999999, 6.431418799999999], [38.2894407, 6.4306047], [38.2888679, 6.4295987], [38.2888691, 6.4287371], [38.2890612, 6.4282109], [38.2895402, 6.427828599999999], [38.2899224, 6.428260000000001], [38.2906871, 6.4289311], [38.2913095, 6.428644800000001], [38.29193250000001, 6.428023399999999], [38.29284210000001, 6.4276896], [38.293846699999996, 6.4278346], [38.2948516, 6.427835999999999], [38.2959652, 6.428076300000001], [38.296191, 6.4281250000000005], [38.296680699999996, 6.428125700000001], [38.296765199999996, 6.428125800000001], [38.2974352, 6.4280789], [38.297627, 6.427791899999999], [38.297627899999995, 6.427073899999999], [38.2979161, 6.426308499999999], [38.2980126, 6.4257342], [38.2984438, 6.425351900000001], [38.298922999999995, 6.424778099999998], [38.2994021, 6.424395899999999], [38.3000249, 6.4238222999999985], [38.300551799999994, 6.4233923], [38.3014614, 6.4231063], [38.3023703, 6.4232511], [38.303039899999995, 6.423515300000001], [38.3040922, 6.423803899999999], [38.3047621, 6.423804899999999], [38.305432599999996, 6.423375000000001], [38.305767599999996, 6.4233276], [38.3060547, 6.423280099999999], [38.3065814, 6.423041499999999], [38.3068692, 6.422563200000001], [38.3072528, 6.4219415], [38.3072057, 6.4214148999999985], [38.30735, 6.420840699999999], [38.307877000000005, 6.4203627], [38.3085953, 6.419932899999999], [38.30931340000001, 6.4196944999999985], [38.3099833, 6.419695399999999], [38.3107489, 6.419696499999999], [38.3115623, 6.4196976], [38.3121364, 6.4197462], [38.3127579, 6.4201777999999985], [38.313858100000004, 6.420466500000001], [38.314192999999996, 6.420466900000001], [38.3141935, 6.4201318999999994], [38.3142706, 6.4200549], [38.3147205, 6.419606099999998], [38.315151199999995, 6.4195588], [38.315869299999996, 6.4193204], [38.31639560000001, 6.4193210999999994], [38.318214499999996, 6.4188449], [38.3190762, 6.4185588], [38.320368699999996, 6.4181297], [38.320442799999995, 6.4181187], [38.321325900000005, 6.4179874], [38.3229051, 6.417893799999999], [38.323814, 6.4180864], [38.324388, 6.418182900000001], [38.3257754, 6.418400099999999], [38.3266214, 6.4183796], [38.327140199999995, 6.4183669], [38.3276416, 6.4183547], [38.3299862, 6.4184057], [38.3307037, 6.418598099999999], [38.3346757, 6.4182203], [38.3349628, 6.418172799999999], [38.3352505, 6.4177424], [38.3355858, 6.417455599999999], [38.3361601, 6.4174085], [38.33683, 6.4174093999999995], [38.337978199999995, 6.4175545], [38.3387912, 6.4178906], [38.33979499999999, 6.418705600000001], [38.3405111, 6.419950999999999], [38.341419699999996, 6.420382999999999], [38.34147660000001, 6.4203907], [38.34213739999999, 6.4204797], [38.34280749999999, 6.420289100000001], [38.3432867, 6.419763100000001], [38.3438613, 6.4194288], [38.3445314, 6.419238200000001], [38.3454889, 6.4189044], [38.3462507, 6.4187735], [38.346733199999996, 6.418690499999999], [38.348217, 6.4184052], [38.3488872, 6.4181189000000005], [38.3501793, 6.417976899999999], [38.35104079999999, 6.417834399999999], [38.3519986, 6.4172134], [38.3525735, 6.4166876], [38.3539621, 6.415923500000001], [38.3546323, 6.415685000000001], [38.3548237, 6.415637299999999], [38.355542, 6.4152074], [38.355966300000006, 6.4151308], [38.3560685, 6.415112399999999], [38.357599699999994, 6.4151143], [38.3587002, 6.415115699999999], [38.3599301, 6.4150377999999995], [38.36018369999999, 6.415021799999999], [38.3605289, 6.4149322], [38.3612846, 6.414736], [38.36185880000001, 6.4147367], [38.362912, 6.4143072], [38.364061, 6.41383], [38.365161900000004, 6.4134962], [38.3658797, 6.4134971], [38.3664854, 6.4134979], [38.3666931, 6.413498099999999], [38.3671235, 6.4137379999999995], [38.3676487, 6.4146003], [38.3684414, 6.4152781999999995], [38.3684613, 6.4152952999999995], [38.36965730000001, 6.415536100000001], [38.370566399999994, 6.415537199999999], [38.372118, 6.4150618], [38.3730556, 6.414774400000001], [38.37353439999999, 6.4144878], [38.3748746, 6.4142022], [38.3752646, 6.4142027], [38.3759272, 6.4142035], [38.376979399999996, 6.414683500000001], [38.3774577, 6.414827700000001], [38.378223, 6.4150201000000004], [38.3788447, 6.415308], [38.379418699999995, 6.415500199999999], [38.3800885, 6.4155967], [38.380901800000004, 6.415693399999999], [38.3827682, 6.4155042], [38.383878599999996, 6.4151723999999986], [38.3842042, 6.415075099999999], [38.3848743, 6.414884499999999], [38.3857834, 6.414933400000001], [38.3863097, 6.4149819], [38.38702709999999, 6.4153179], [38.3874096, 6.4155576], [38.38774420000001, 6.415845200000001], [38.388748, 6.4167559], [38.388966499999995, 6.416756199999999], [38.3892743, 6.4167565], [38.3893225, 6.4165173], [38.3898493, 6.4160870999999995], [38.390280800000006, 6.4153934999999995], [38.39099900000001, 6.414963599999999], [38.3916214, 6.4146771], [38.392626299999996, 6.4146304999999995], [38.393485399999996, 6.4143451], [38.3942541, 6.413866499999999], [38.39458969999999, 6.4133882], [38.3955956, 6.4124321], [38.39640980000001, 6.4118585999999995], [38.396984599999996, 6.4112849], [38.398038400000004, 6.410328799999999], [38.3980867, 6.409945899999999], [38.39804079999999, 6.408318400000001], [38.398642300000006, 6.406559499999999], [38.400042299999996, 6.4049513], [38.3993915, 6.4050248], [38.3995763, 6.4046344], [38.3996731, 6.4036772], [38.40087330000001, 6.4002561], [38.4013523, 6.399825900000001], [38.4020712, 6.3988215], [38.4028858, 6.3977694], [38.4044661, 6.396718099999999], [38.4041322, 6.395760399999999], [38.4039418, 6.3949465], [38.4038958, 6.3933668], [38.4035851, 6.3923824], [38.40260920000001, 6.3892903], [38.40177709999999, 6.386653599999999], [38.40127379999999, 6.3850587999999995], [38.40088299999999, 6.383661499999999], [38.40052480000001, 6.3823802], [38.400150100000005, 6.381111399999999], [38.3995189, 6.3789738], [38.3990279, 6.3767559], [38.3990286, 6.3761149], [38.3990307, 6.3742942], [38.3971662, 6.372424499999999], [38.395470499999995, 6.371319], [38.3951332, 6.369536000000001], [38.393862, 6.3682612999999995], [38.3941024, 6.367611300000001], [38.394453600000006, 6.366310899999999], [38.3950758, 6.3661681], [38.395937200000006, 6.365977599999999], [38.397823599999995, 6.366598499999999], [38.39784819999999, 6.3660719], [38.3979742, 6.3657191], [38.398201699999994, 6.365468000000001], [38.3984756, 6.3637787], [38.3991933, 6.3637795], [38.39952819999999, 6.363779899999999], [38.4002463, 6.3633977999999995], [38.400773099999995, 6.3629197], [38.4010609, 6.3622977999999994], [38.40205170000001, 6.3616731], [38.4019814, 6.3603565999999985], [38.4021804, 6.358998599999999], [38.401942999999996, 6.357418699999999], [38.401883399999996, 6.3572152], [38.4010198, 6.356505900000001], [38.4011639, 6.356027299999999], [38.401403599999995, 6.355596799999999], [38.402121699999995, 6.355214699999999], [38.402736399999995, 6.3550708], [38.4031532, 6.355243], [38.4036688, 6.3558634], [38.40392670000001, 6.3560704], [38.40573429999999, 6.3555559], [38.4072321, 6.3550927], [38.407855399999995, 6.3553574], [38.4081884, 6.355930100000001], [38.4085101, 6.357031399999999], [38.4088912, 6.3584439], [38.4090275, 6.3595989], [38.4092657, 6.360484700000001], [38.4100178, 6.3618019], [38.410142799999996, 6.3622746999999995], [38.41078739999999, 6.3634602], [38.4108707, 6.3638312], [38.4110855, 6.3642742000000005], [38.411276400000006, 6.3646454], [38.4123224, 6.3651911000000005], [38.41274080000001, 6.3654429], [38.413422, 6.3659582], [38.41368489999999, 6.366161999999999], [38.4148793, 6.3677429], [38.4149148, 6.368030199999999], [38.4153746, 6.3686709], [38.4157361, 6.369286700000001], [38.41612730000001, 6.3697793], [38.4174668, 6.3699723], [38.4243471, 6.3686751], [38.4242363, 6.368094900000001], [38.4237511, 6.3655544], [38.422492500000004, 6.3546584], [38.4217749, 6.3482265], [38.4228001, 6.335136899999999], [38.423458, 6.3267365], [38.4235419, 6.325664199999999], [38.4249176, 6.3068091], [38.4249319, 6.3066132999999995], [38.4274619, 6.300193], [38.427042900000004, 6.298148399999999], [38.4262541, 6.294299899999999], [38.425391899999994, 6.2900925999999995], [38.426527, 6.286419500000001], [38.4329818, 6.265531499999999], [38.4351752, 6.2472373999999995], [38.43598180000001, 6.2405102999999995], [38.4363228, 6.237815599999998], [38.437931899999995, 6.225097499999999], [38.437942199999995, 6.225016699999999], [38.4389718, 6.2168792], [38.434682699999996, 6.198765799999999], [38.4215106, 6.1928293], [38.4132877, 6.189123400000001], [38.39421799999999, 6.1817728], [38.3898869, 6.1774387], [38.3836158, 6.171163300000001], [38.3835536, 6.171100999999998], [38.3824312, 6.169977900000001], [38.3769737, 6.164516699999999], [38.3766239, 6.1638668999999995], [38.374901099999995, 6.1606666], [38.37324479999999, 6.157589799999999], [38.36528320000001, 6.1428001], [38.3652243, 6.1423199], [38.3641806, 6.1338051], [38.3625122, 6.120194899999999], [38.35497099999999, 6.1037547], [38.3536019, 6.100782], [38.3531525, 6.099806399999999], [38.3525207, 6.098434499999999], [38.351505700000004, 6.0962308], [38.3421726, 6.0824229], [38.337029, 6.074813100000001], [38.3332032, 6.069171999999999], [38.328060799999996, 6.060796799999999], [38.32256519999999, 6.051826900000001], [38.3198693, 6.047420600000001], [38.3181288, 6.0392003], [38.313880499999996, 6.027833500000001], [38.2987841, 6.019091199999999], [38.286791799999996, 6.0112404], [38.2855335, 6.0104166], [38.27924000000001, 6.0062869], [38.278170499999995, 6.003487799999999], [38.27702850000001, 6.000498800000001], [38.275968899999995, 5.997725600000001], [38.27440299999999, 5.993627099999999], [38.2717101, 5.9865793], [38.2729602, 5.9845519000000005], [38.2739131, 5.9830063], [38.2790128, 5.974734899999999], [38.28226, 5.9707037], [38.2904553, 5.9726912], [38.2931295, 5.9733397], [38.3045434, 5.979980599999999], [38.3189491, 5.9750627], [38.324774999999995, 5.963223300000001], [38.3275292, 5.9553723], [38.3382529, 5.955583599999999], [38.3503773, 5.9512065000000005], [38.3557887, 5.9489716999999995], [38.3624785, 5.947129599999999], [38.3748091, 5.943043299999999], [38.3884284, 5.933001], [38.3960857, 5.920052399999999], [38.3901752, 5.9131704], [38.380878300000006, 5.9039976], [38.3581387, 5.902137499999999], [38.349418799999995, 5.8922566], [38.339788999999996, 5.8828357], [38.3365615, 5.8797061], [38.3253292, 5.868814399999999], [38.3116975, 5.864158400000001], [38.310392300000004, 5.8637125999999995], [38.30374959999999, 5.861443800000001], [38.2885849, 5.864063999999999], [38.284762799999996, 5.865003000000001], [38.2818659, 5.865714799999999], [38.2739368, 5.8676629], [38.27043020000001, 5.8685244], [38.2545004, 5.858508500000001], [38.2392307, 5.8443722000000005], [38.232217399999996, 5.8418233], [38.223380999999996, 5.8386116999999995], [38.207991199999995, 5.8401917999999995], [38.198391400000006, 5.8494527000000005], [38.199306899999996, 5.860193600000001], [38.199699599999995, 5.864800499999999], [38.203756399999996, 5.871099000000001], [38.2041203, 5.871664], [38.208883900000004, 5.879059600000001], [38.212497899999995, 5.887709900000001], [38.214236299999996, 5.8918707], [38.2148111, 5.8932466], [38.2117912, 5.916668800000001], [38.2066979, 5.928265699999999], [38.2037313, 5.9350204]]]]}}, {"type": "Feature", "properties": {"region": "South West Ethiopia", "source_region": "South West Ethiopia", "source_reg_pcode": "ET11", "analytical_region": true, "source_polygon_n": 59}, "geometry": {"type": "Polygon", "coordinates": [[[35.32625, 5.35708], [35.30305, 5.3773599999999995], [35.295558299999996, 5.391354199999999], [35.27041, 5.43833], [35.27708, 5.45805], [35.292699999999996, 5.48764], [35.289989999999996, 5.5077799999999995], [35.103880000000004, 5.632499999999999], [35.10541, 5.6883300000000006], [35.02833, 5.814170000000001], [34.98638, 5.87805], [34.975829999999995, 5.964720000000001], [34.98782, 6.013940000000001], [34.98138, 6.061109999999999], [34.969719999999995, 6.08653], [34.95222, 6.10347], [34.92243, 6.13229], [34.87055, 6.2375], [34.8593, 6.26722], [34.856379999999994, 6.291109999999999], [34.85463, 6.3118332], [34.8529228, 6.3320494], [34.8541023, 6.3317524], [34.9396929, 6.3102034], [34.97536600000001, 6.301222], [34.9772867, 6.2929137], [34.9849704, 6.298803899999999], [35.003372399999996, 6.285838099999999], [35.0044511, 6.2850779999999995], [35.01128979999999, 6.2802595], [35.016581, 6.2850385], [35.0382685, 6.3046264999999995], [35.0438323, 6.3050665], [35.0597515, 6.306325600000001], [35.0734625, 6.30741], [35.083444199999995, 6.3180565999999985], [35.1061079, 6.318904799999999], [35.10986829999999, 6.3269931], [35.1189206, 6.346463600000001], [35.131504299999996, 6.3954951], [35.1434218, 6.397744999999999], [35.1647859, 6.3827694], [35.1784998, 6.3792677], [35.1849128, 6.388944599999999], [35.1902137, 6.3969434], [35.199465499999995, 6.4109039999999995], [35.1880246, 6.4406434], [35.1866277, 6.4442745], [35.173851600000006, 6.466522999999999], [35.1751501, 6.4690949], [35.185577699999996, 6.4897493], [35.185679799999996, 6.495491299999999], [35.18588729999999, 6.507163500000001], [35.185958899999996, 6.5111939], [35.1867816, 6.557475], [35.1931785, 6.587338], [35.1938703, 6.590567499999999], [35.19534259999999, 6.597441000000001], [35.1948536, 6.599026699999999], [35.186583899999995, 6.6258454], [35.1862503, 6.626927299999999], [35.186829599999996, 6.6406304], [35.1871763, 6.648832199999999], [35.1873764, 6.653564900000001], [35.187500199999995, 6.6564928000000005], [35.18844539999999, 6.6586994], [35.19008339999999, 6.6625233999999995], [35.19365549999999, 6.6708625], [35.197662099999995, 6.680216199999999], [35.19650289999999, 6.6819695], [35.17822019999999, 6.709621099999999], [35.1785669, 6.7142148], [35.179559499999996, 6.7273648999999995], [35.176563099999996, 6.730447900000001], [35.1467762, 6.7610950999999995], [35.117039199999994, 6.783023600000002], [35.079861799999996, 6.8107988], [35.0429116, 6.8104971999999995], [34.985371, 6.7982024999999995], [34.9698375, 6.7976289], [34.9504185, 6.7969118], [34.9469073, 6.7967822], [34.942375, 6.7966147999999995], [34.9419886, 6.796600499999999], [34.938030399999995, 6.7964544], [34.933661, 6.7962929999999995], [34.9357159, 6.801482000000001], [34.945637999999995, 6.8265373], [34.9689944, 6.8592644], [34.9923646, 6.864031100000001], [34.995058199999995, 6.878104800000001], [34.99788300000001, 6.892863800000001], [34.9739577, 6.925165700000001], [34.945707899999995, 6.9441310000000005], [34.93984909999999, 6.951632699999999], [34.924921899999994, 6.970745600000001], [34.92310150000001, 6.9730764999999995], [34.9211694, 6.9755503], [34.9113255, 6.988154499999999], [34.9081737, 7.0027333], [34.90474249999999, 7.018604699999999], [34.902381500000004, 7.0295255999999995], [34.902080999999995, 7.0309154], [34.9008332, 7.0309045], [34.88434039999999, 7.0307596000000006], [34.882594399999995, 7.040148799999999], [34.8770823, 7.0697903], [34.8926725, 7.091504599999999], [34.89264980000001, 7.092244], [34.891998, 7.113487], [34.890623999999995, 7.1582655], [34.89059110000001, 7.159336499999999], [34.898092999999996, 7.1847908], [34.900906199999994, 7.1853056], [34.9424492, 7.192908399999999], [34.9619782, 7.211589599999998], [34.965621199999994, 7.215074400000001], [34.9701597, 7.2340281], [34.9754571, 7.219815400000002], [34.9778947, 7.2132755], [35.0052415, 7.1978884999999995], [35.0108868, 7.1947120999999985], [35.0174624, 7.188796399999999], [35.0208133, 7.185781799999998], [35.0338223, 7.185185099999997], [35.034680099999996, 7.1851457], [35.040083800000005, 7.184897899999999], [35.0539135, 7.184263499999998], [35.054587999999995, 7.182889099999998], [35.0679831, 7.155593499999999], [35.083710200000006, 7.1248413], [35.1142664, 7.102144999999999], [35.1454565, 7.1015856999999984], [35.156945400000005, 7.1016811], [35.2045639, 7.099613899999999], [35.21841270000001, 7.1080326], [35.2245168, 7.1204818], [35.2344599, 7.1379315], [35.264621899999995, 7.1362326], [35.27986680000001, 7.1293803], [35.290839999999996, 7.122083], [35.2998893, 7.1157727], [35.30772770000001, 7.115475999999999], [35.3136035, 7.115253699999999], [35.33078149999999, 7.1270922], [35.3545436, 7.1184832], [35.371767500000004, 7.1169812], [35.374848799999995, 7.1190776], [35.3803505, 7.1228209], [35.3760675, 7.1306726], [35.373748199999994, 7.134924300000001], [35.3686976, 7.1441829], [35.3570291, 7.1514161000000005], [35.3540942, 7.153235399999998], [35.3530471, 7.1538844999999975], [35.34630489999999, 7.1630985], [35.34453589999999, 7.165515999999999], [35.3339864, 7.179933000000001], [35.334395, 7.188277099999999], [35.340063, 7.187141200000001], [35.3481746, 7.197849300000001], [35.372857599999996, 7.2310275], [35.35579380000001, 7.2360430000000004], [35.3538237, 7.236622099999999], [35.345808399999996, 7.238978000000001], [35.3533792, 7.262397099999999], [35.3702915, 7.277360499999998], [35.3749133, 7.2899755], [35.3804284, 7.317858600000001], [35.3827561, 7.334253100000001], [35.3875436, 7.350667499999998], [35.3919797, 7.393132500000001], [35.392226099999995, 7.395491399999998], [35.3922593, 7.3958085], [35.39229840000001, 7.3961831], [35.374914700000005, 7.409290299999999], [35.3678354, 7.414628], [35.372462999999996, 7.425256200000001], [35.3736482, 7.4279782], [35.373563499999996, 7.4280196], [35.355809, 7.436700200000001], [35.3453107, 7.452871999999999], [35.3289507, 7.4616044], [35.320054999999996, 7.4630083], [35.3095547, 7.479178300000001], [35.272603499999995, 7.4714776999999994], [35.264976499999996, 7.4779687], [35.26233069999999, 7.480220300000001], [35.2568268, 7.479045799999999], [35.25370729999999, 7.478380100000002], [35.2439077, 7.473674699999999], [35.2391552, 7.473425], [35.2095121, 7.471867599999998], [35.1892524, 7.455626100000001], [35.186415399999994, 7.457018599999998], [35.18275249999999, 7.458816399999998], [35.161412899999995, 7.4713575], [35.1494194, 7.473584400000001], [35.122402099999995, 7.4786008], [35.1207187, 7.483497300000001], [35.1267789, 7.495632499999999], [35.13808280000001, 7.5120762], [35.1462186, 7.519514499999998], [35.16091569999999, 7.527010499999999], [35.1719164, 7.532753599999999], [35.1701154, 7.555147400000003], [35.1675925, 7.5669292], [35.1661042, 7.5738797], [35.1647064, 7.580407600000001], [35.1663052, 7.6148708], [35.156666, 7.6220463999999994], [35.1496135, 7.627296400000001], [35.1456589, 7.630240199999999], [35.125583199999994, 7.6306116999999976], [35.1156366, 7.6307958000000005], [35.115844599999996, 7.638284100000001], [35.11586700000001, 7.6390914], [35.1160336, 7.6450922], [35.121042800000005, 7.6458965], [35.1729346, 7.654229200000001], [35.2032581, 7.652125799999999], [35.207365599999996, 7.651840899999999], [35.212324100000004, 7.651497], [35.217047099999995, 7.6580525999999995], [35.22032130000001, 7.662597200000001], [35.2201653, 7.680242699999998], [35.222732799999996, 7.7031025], [35.2275323, 7.707559000000002], [35.242979000000005, 7.721901999999998], [35.247943899999996, 7.7265121], [35.275566899999994, 7.7460081], [35.2794929, 7.746344200000002], [35.2896715, 7.7472157999999975], [35.2898856, 7.747234200000001], [35.2916053, 7.749784699999999], [35.29249809999999, 7.7511087000000005], [35.293031899999995, 7.751900300000002], [35.3106231, 7.760889400000001], [35.3108018, 7.760980699999999], [35.3248967, 7.765330899999998], [35.3344873, 7.7721002], [35.3408776, 7.776610700000001], [35.3414196, 7.803397300000001], [35.3420296, 7.821368899999999], [35.3498592, 7.8348740999999995], [35.358051499999995, 7.8429944], [35.3719914, 7.832473899999999], [35.3891413, 7.827023700000001], [35.3999972, 7.829443999999999], [35.4005788, 7.829573700000003], [35.4094884, 7.8433609], [35.418427, 7.8641352], [35.428734899999995, 7.8808252], [35.433531099999996, 7.882756199999999], [35.438536000000006, 7.880606599999999], [35.444660999999996, 7.877975999999999], [35.4550453, 7.874213499999999], [35.4597309, 7.8725157], [35.4695132, 7.873179999999998], [35.4743108, 7.8735058], [35.4849208, 7.8797760000000014], [35.4902308, 7.8825661999999985], [35.4971907, 7.8802959999999995], [35.5048007, 7.8847062], [35.51218060000001, 7.892346600000002], [35.5207256, 7.895606699999999], [35.5304109, 7.8801608], [35.5305205, 7.879986], [35.53312049999999, 7.8673354999999985], [35.536210499999996, 7.8493846000000005], [35.5444004, 7.8309938], [35.54829490000001, 7.8268898], [35.55463039999999, 7.8202133], [35.5701703, 7.812923000000001], [35.5896202, 7.808632800000001], [35.5915447, 7.808742399999999], [35.592966, 7.8088233], [35.6062217, 7.8095779], [35.61827999999999, 7.8147431], [35.6281192, 7.8206014], [35.6376427, 7.8264638999999985], [35.6415899, 7.828893699999998], [35.666969699999996, 7.8448944], [35.67641969999999, 7.8534648], [35.6809896, 7.856334899999999], [35.6937296, 7.8643553], [35.7034695, 7.8591050000000005], [35.7110775, 7.856975599999998], [35.7164394, 7.8554749], [35.7172261, 7.8558546], [35.7395393, 7.866625399999999], [35.7505633, 7.874417200000001], [35.762149199999996, 7.882606099999999], [35.776066, 7.899170300000001], [35.78355799999999, 7.910229599999998], [35.792254, 7.9206996], [35.7997217, 7.932609099999999], [35.7999217, 7.940669800000002], [35.7952718, 7.9480204], [35.782512, 7.9539509], [35.7713722, 7.962891699999999], [35.7674123, 7.969112300000001], [35.7385127, 7.988823999999999], [35.7298729, 8.0058755], [35.722853, 8.022466999999999], [35.725180099999996, 8.0306307], [35.728003699999995, 8.039569499999999], [35.7439941, 8.0509419], [35.7533416, 8.0678421], [35.7657692, 8.081234999999998], [35.7828491, 8.080174900000001], [35.79807900000001, 8.0791348], [35.8095815, 8.081375799999998], [35.8163489, 8.082424999999999], [35.833003399999996, 8.0801001], [35.837338800000005, 8.0794949], [35.860868700000005, 8.077234699999998], [35.8687913, 8.0652953], [35.8727186, 8.0587739], [35.878018499999996, 8.0402331], [35.884001, 8.016522799999999], [35.8880385, 8.000521299999999], [35.8917684, 7.9920209], [35.8987884, 7.971089999999999], [35.9051283, 7.9460189], [35.90242829999999, 7.926207999999999], [35.8953184, 7.9093672], [35.886874399999996, 7.8925382], [35.87422049999999, 7.875783999999999], [35.8590836, 7.860137900000002], [35.8511286, 7.8479545], [35.8486186, 7.838964099999998], [35.8599886, 7.8293336], [35.8750585, 7.821793299999999], [35.897788299999995, 7.8069126], [35.90275080000001, 7.802863499999999], [35.90793399999999, 7.798634299999999], [35.914907400000004, 7.792944400000001], [35.9225582, 7.786701700000001], [35.941628099999996, 7.7739211], [35.9444726, 7.772754300000001], [35.9520129, 7.769661199999999], [35.961087899999995, 7.7664008], [35.9784578, 7.7581704], [35.9863591, 7.7546569000000005], [35.9972377, 7.7451198], [36.0121676, 7.709488199999999], [36.0182376, 7.696847600000001], [36.0205576, 7.6920174], [36.041897399999996, 7.674366600000002], [36.0498143, 7.658184], [36.0519074, 7.653905699999999], [36.04712740000001, 7.6343248], [36.0397974, 7.6140339], [36.0324874, 7.591452899999998], [36.0353274, 7.572582], [36.0450674, 7.565481700000001], [36.0574231, 7.5597110999999995], [36.06219719999999, 7.5574813], [36.0698028, 7.556378100000001], [36.0733791, 7.555859300000001], [36.074536099999996, 7.5556915], [36.086947099999996, 7.553891200000001], [36.088751499999994, 7.5539688], [36.0900925, 7.5540265], [36.09763, 7.554350899999998], [36.1018724, 7.5545333999999995], [36.1276169, 7.555641199999999], [36.1352494, 7.552207200000001], [36.1565567, 7.5426205999999985], [36.18088650000001, 7.5235997999999995], [36.200596399999995, 7.5036388999999994], [36.206776399999995, 7.498708599999999], [36.2129602, 7.493568300000001], [36.215481499999996, 7.491472500000002], [36.21623579999999, 7.490845500000001], [36.216312599999995, 7.490781600000001], [36.2246962, 7.484388000000001], [36.228656199999996, 7.482654799999999], [36.2408961, 7.477297699999999], [36.265415999999995, 7.4693273000000024], [36.2795299, 7.4632869], [36.284718999999996, 7.460792499999999], [36.286935899999996, 7.4597268], [36.2882442, 7.4588572], [36.293985299999996, 7.455041199999999], [36.2955409, 7.4540071999999995], [36.301755799999995, 7.449876400000002], [36.32370559999999, 7.446956200000001], [36.348665499999996, 7.4454161999999995], [36.36164540000001, 7.4314155], [36.3746353, 7.415574800000001], [36.3753715, 7.4154113], [36.376411000000004, 7.4151805], [36.4062951, 7.4085445000000005], [36.427074999999995, 7.4132047], [36.453164799999996, 7.417424899999999], [36.4701543, 7.4153978], [36.48391970000001, 7.416009799999999], [36.496501800000004, 7.4103535], [36.5065545, 7.4058342999999995], [36.5412343, 7.393043699999999], [36.57498410000001, 7.379333100000001], [36.5983339, 7.3690326], [36.6059639, 7.368362600000001], [36.6129439, 7.3728728], [36.6227938, 7.3792230000000005], [36.6329537, 7.377863], [36.6380537, 7.371202699999998], [36.6517436, 7.345011500000002], [36.6725635, 7.328040699999999], [36.6769451, 7.325003400000001], [36.6940733, 7.313130000000001], [36.7141832, 7.302139499999998], [36.71987879999999, 7.2985014999999995], [36.739393, 7.284718700000001], [36.76252289999999, 7.265907899999999], [36.7842269, 7.2552946], [36.791070399999995, 7.252301900000001], [36.7911126, 7.2522834000000005], [36.791174, 7.252368000000001], [36.7926758, 7.254435900000002], [36.793593699999995, 7.255699799999999], [36.79538590000001, 7.258167499999998], [36.8035031, 7.269344599999999], [36.8230072, 7.298858999999999], [36.8409362, 7.325989900000001], [36.8450234, 7.326385999999999], [36.8791546, 7.329694400000002], [36.914131499999996, 7.2982421], [36.93113219999999, 7.282716000000001], [36.943962199999994, 7.2709969999999995], [36.955464299999996, 7.260491], [36.965798899999996, 7.2419245], [36.964664899999995, 7.2250269], [36.96464519999999, 7.2247327], [36.9696211, 7.2259820999999995], [36.970673700000006, 7.2262464], [37.003291399999995, 7.2344363], [37.0362143, 7.239508599999997], [37.037938499999996, 7.2397743], [37.0395112, 7.240016500000001], [37.0544711, 7.237526399999998], [37.068131, 7.235246300000001], [37.1048308, 7.2244958], [37.1106036, 7.225275499999998], [37.1285679, 7.228441999999999], [37.128590599999995, 7.228446000000001], [37.130206699999995, 7.2292176999999995], [37.131008400000006, 7.2296005999999995], [37.154180499999995, 7.2406665000000014], [37.1578941, 7.2438109], [37.1827503, 7.2648576], [37.2005676, 7.282160599999999], [37.2115502, 7.2927188], [37.21182609999999, 7.292921899999999], [37.212389099999996, 7.293336200000001], [37.237829999999995, 7.3120597], [37.2622699, 7.325430299999999], [37.2876397, 7.3344206], [37.331224299999995, 7.343444700000001], [37.33119020000001, 7.346625200000002], [37.3311571, 7.349708499999999], [37.3381494, 7.352641399999998], [37.34947989999999, 7.3577354999999995], [37.3535651, 7.3421741], [37.35325939999999, 7.339370499999999], [37.353187, 7.338831600000001], [37.35296059999999, 7.337147800000001], [37.3526827, 7.3345151], [37.3516828, 7.332741], [37.35169020000001, 7.3307313999999995], [37.3523934, 7.3284612000000005], [37.3533633, 7.325354599999999], [37.35341749999999, 7.325292600000001], [37.353742499999996, 7.324921], [37.3546146, 7.323923699999999], [37.3554382, 7.3214865], [37.3551581, 7.319475799999999], [37.35454, 7.3181338], [37.3536115, 7.3164796], [37.353571499999994, 7.3143263], [37.354012999999995, 7.311552700000001], [37.35425800000001, 7.3100703000000005], [37.35407180000001, 7.308586299999999], [37.35355210000001, 7.30716], [37.353076099999996, 7.305663899999999], [37.3529656, 7.303103600000003], [37.35326089999999, 7.300999400000001], [37.3533142, 7.2995163], [37.3543307, 7.2967448], [37.35500700000001, 7.295263899999999], [37.3551557, 7.2939247], [37.3550949, 7.293456600000001], [37.3550624, 7.2932066], [37.355217499999995, 7.291070500000001], [37.3545321, 7.287534600000001], [37.3545345, 7.2868648], [37.355311, 7.2841881], [37.35574919999999, 7.2822757000000005], [37.355945999999996, 7.2808888000000005], [37.3564595, 7.278043700000001], [37.3567994, 7.2768009], [37.357860599999995, 7.2748908000000005], [37.358536699999995, 7.2734578], [37.359164500000006, 7.272120299999999], [37.3595506, 7.271356099999999], [37.36113700000001, 7.2699742], [37.3618114, 7.268971799999999], [37.363090199999995, 7.266512199999999], [37.364200100000005, 7.2643631], [37.3645071, 7.264025900000001], [37.3659801, 7.262407700000001], [37.3670881, 7.260784800000001], [37.36814989999999, 7.2586832999999995], [37.3696424, 7.2567268], [37.3716877, 7.254269899999999], [37.3742853, 7.2514561], [37.3771678, 7.249361100000001], [37.3793764, 7.2481249], [37.3820656, 7.246507599999999], [37.383695599999996, 7.2462741], [37.384123699999996, 7.246370700000001], [37.3854192, 7.246663000000001], [37.38666310000001, 7.247193800000001], [37.3881959, 7.2473428], [37.3891299, 7.2474657], [37.3907125, 7.247088499999999], [37.3915291, 7.2465171999999995], [37.39248930000001, 7.2459943], [37.394022899999996, 7.245904], [37.39464520000001, 7.2460976], [37.395892499999995, 7.2456713], [37.397376799999996, 7.246011499999999], [37.398716199999996, 7.246638300000001], [37.4013027, 7.246934500000001], [37.4026469, 7.2462215], [37.402842400000004, 7.245121600000001], [37.403707, 7.244550399999999], [37.404524699999996, 7.2436442], [37.405100499999996, 7.243128199999999], [37.407024299999996, 7.241403999999999], [37.40877879999999, 7.239807099999999], [37.408848, 7.239738500000001], [37.409788600000006, 7.2388058], [37.410896699999995, 7.237087099999998], [37.412151699999995, 7.2344597], [37.41374429999999, 7.231211499999999], [37.414800899999996, 7.230497400000001], [37.4153781, 7.229877300000001], [37.416359199999995, 7.2292871000000005], [37.416722500000006, 7.229068599999998], [37.418230799999996, 7.2281564], [37.418571199999995, 7.2279504999999995], [37.4208724, 7.227575699999999], [37.422311, 7.2272457], [37.4249019, 7.2262498], [37.42600639999999, 7.225535899999999], [37.4267298, 7.2241986], [37.4276909, 7.2233884], [37.4302314, 7.2231100999999995], [37.4321024, 7.222446599999999], [37.4339715, 7.2223095], [37.4352654, 7.222265999999999], [37.43744770000001, 7.2216275], [37.4382164, 7.221056], [37.4400877, 7.220296799999998], [37.4416247, 7.219201399999999], [37.442729299999996, 7.218439600000001], [37.4436921, 7.217150900000001], [37.444417, 7.215335100000001], [37.44471599999999, 7.21492], [37.445918, 7.213497099999999], [37.4461813, 7.2131549999999995], [37.44658099999999, 7.213045599999998], [37.447541699999995, 7.212331099999999], [37.4482964, 7.212023699999999], [37.44917300000001, 7.211666699999999], [37.450087599999996, 7.210425699999999], [37.4511429, 7.2100943], [37.4527533, 7.2085446], [37.453044999999996, 7.207301499999999], [37.4541512, 7.206061099999999], [37.4547289, 7.205249599999998], [37.4558818, 7.2043922], [37.4567826, 7.2027559000000005], [37.4574552, 7.202099800000001], [37.4587672, 7.2014986], [37.4596302, 7.201103100000001], [37.464332600000006, 7.199061299999999], [37.4651985, 7.199214699999998], [37.4654339, 7.1992564], [37.467540500000005, 7.1997419], [37.469599300000006, 7.200179499999999], [37.47086799999999, 7.2004947999999995], [37.472208599999995, 7.2007864], [37.473454999999994, 7.200599100000001], [37.475226299999996, 7.2010356999999985], [37.4757344, 7.2013307000000015], [37.4764697, 7.201757600000001], [37.478622, 7.202913199999999], [37.480681000000004, 7.2033027999999995], [37.4812206, 7.203372000000001], [37.482596799999996, 7.203548499999998], [37.4839653, 7.2038074], [37.4846558, 7.2039381], [37.4861413, 7.2038952], [37.4873377, 7.204329800000002], [37.487477399999996, 7.204379499999999], [37.4881513, 7.2046196], [37.490136799999995, 7.205511400000001], [37.49138129999999, 7.205898300000001], [37.4934402, 7.2063358], [37.4956411, 7.2073], [37.4967411, 7.2079257000000005], [37.498267899999995, 7.209892700000002], [37.4993178, 7.211188099999999], [37.5002256, 7.2119567], [37.5018051, 7.2124883], [37.50314609999999, 7.2126841], [37.5053953, 7.2135527999999995], [37.506786, 7.214531800000001], [37.5068295, 7.214562399999999], [37.507905099999995, 7.215307600000002], [37.5086229, 7.2155971], [37.5099674, 7.214740100000002], [37.5112148, 7.2142656999999994], [37.513180299999995, 7.213984899999999], [37.5151474, 7.2131779], [37.516734899999996, 7.211268899999999], [37.518416599999995, 7.209838800000001], [37.520286899999995, 7.209366300000001], [37.5209572, 7.209512099999997], [37.5223489, 7.208846599999999], [37.5238374, 7.2078944000000025], [37.524074, 7.206694199999999], [37.5262949, 7.205442199999999], [37.52729109999999, 7.2043364999999975], [37.5299859, 7.2004205], [37.5308905, 7.1983351], [37.5309416, 7.196083000000001], [37.5297665, 7.1931038], [37.5300936, 7.190780999999999], [37.5304214, 7.1899433], [37.52773, 7.189483699999999], [37.527974799999996, 7.187857499999998], [37.5278356, 7.186469300000001], [37.5271709, 7.184553100000002], [37.525881000000005, 7.1834004999999985], [37.5243492, 7.182964899999999], [37.523632, 7.1824841], [37.5227229, 7.182098300000001], [37.5208083, 7.181517899999999], [37.5195674, 7.180030499999998], [37.518158, 7.178757900000001], [37.5170106, 7.1779885], [37.5151436, 7.177503999999999], [37.5138554, 7.175825], [37.5125654, 7.174720199999999], [37.5104153, 7.172894800000001], [37.5088708, 7.171049099999999], [37.50771329999999, 7.1695379], [37.5070778, 7.1683076], [37.5066479, 7.1674752999999995], [37.50595940000001, 7.1655828999999995], [37.505071099999995, 7.163752], [37.504939199999995, 7.163480099999998], [37.504491099999996, 7.162556500000001], [37.50417770000001, 7.162156100000001], [37.5035217, 7.161317800000001], [37.5029572, 7.1605965000000005], [37.5018283, 7.159461600000001], [37.501142599999994, 7.1587722], [37.500187499999996, 7.157812099999999], [37.4993289, 7.156660899999999], [37.4978011, 7.1550289], [37.496833599999995, 7.153864199999999], [37.496106999999995, 7.1529897], [37.4950626, 7.152040599999999], [37.4936231, 7.150732499999999], [37.4926467, 7.1500777], [37.49104169999999, 7.149001400000001], [37.4897306, 7.1484571], [37.4886017, 7.1479884999999985], [37.48753620000001, 7.1475005], [37.4866575, 7.147098099999999], [37.4864969, 7.1470246], [37.484725999999995, 7.146492399999999], [37.48367280000001, 7.146249699999999], [37.482092, 7.146196600000001], [37.480991599999996, 7.145762299999999], [37.4792191, 7.145708600000001], [37.476128499999994, 7.1458658999999995], [37.4731113, 7.1455688], [37.4707174, 7.1451302], [37.469137499999995, 7.144789999999999], [37.467844, 7.1447857], [37.465930099999994, 7.1440616000000015], [37.4635378, 7.143144400000001], [37.46263469999999, 7.1426375], [37.4610513, 7.1417485], [37.4590212, 7.1399473], [37.45768539999999, 7.138268000000001], [37.456158800000004, 7.1363489], [37.45544410000001, 7.1351981], [37.4546004, 7.1318196], [37.4543477, 7.1301294], [37.4543269, 7.1279598], [37.455424, 7.1261263999999995], [37.4550703, 7.125219899999999], [37.4553659, 7.1227804], [37.4561371, 7.1213953], [37.4566212, 7.119865700000001], [37.45777640000001, 7.118242599999999], [37.45955849999999, 7.115999899999999], [37.459643799999995, 7.1152156], [37.4597067, 7.114636700000001], [37.459567299999996, 7.1133441999999985], [37.4595014, 7.111549600000001], [37.4592174, 7.110543799999999], [37.4593685, 7.1085254], [37.4595182, 7.1065252999999995], [37.4592382, 7.1042992], [37.4594234, 7.1026131], [37.4592831, 7.101607799999999], [37.45964730000001, 7.1001015999999995], [37.4597233, 7.0988817000000015], [37.4588651, 7.0976586], [37.4587517, 7.0965476], [37.4585867, 7.094930199999998], [37.4581625, 7.092847300000001], [37.4575908, 7.0919123], [37.4575949, 7.0906921], [37.45660869999999, 7.0893901], [37.456378099999995, 7.089288399999999], [37.4564503, 7.0891809], [37.456168, 7.0876368], [37.456174, 7.0858424], [37.455818799999996, 7.084621], [37.455893499999995, 7.0837598999999996], [37.4558262, 7.082396], [37.4556884, 7.080601099999999], [37.455762400000005, 7.0799553], [37.4553361, 7.078518400000001], [37.4547637, 7.077798700000001], [37.45404779999999, 7.0770067999999995], [37.452905099999995, 7.074921499999999], [37.4519759, 7.0734829], [37.450831799999996, 7.0718282], [37.4502618, 7.070390799999999], [37.4496202, 7.0688813], [37.4491235, 7.0670135], [37.448625299999996, 7.0655763], [37.4486284, 7.0646432], [37.4466964, 7.0622681], [37.4455526, 7.0605417], [37.4445532, 7.0586004], [37.4438388, 7.057377799999999], [37.442910100000006, 7.0557956], [37.4419816, 7.054141699999999], [37.4414092, 7.053421999999999], [37.4410515, 7.052990100000001], [37.4410577, 7.051124], [37.4421402, 7.049692100000001], [37.4434383, 7.0482249999999995], [37.4451669, 7.0469387], [37.4466804, 7.045508199999999], [37.44648139999999, 7.044446199999999], [37.446242999999996, 7.043173599999999], [37.4457228, 7.0411622000000005], [37.444864100000004, 7.0401544000000005], [37.4430911, 7.040387799999999], [37.441944, 7.0396662], [37.4413406, 7.0387616], [37.44077639999999, 7.0379157999999995], [37.4403515, 7.0356787], [37.4402137, 7.034704299999999], [37.440072, 7.033702499999999], [37.440076299999994, 7.0324106], [37.4389694, 7.0310920999999995], [37.4382635, 7.0302511999999995], [37.4362752, 7.0288143], [37.434871099999995, 7.027799499999999], [37.4335813, 7.026790300000001], [37.43255380000001, 7.026140900000001], [37.432363300000006, 7.0258053], [37.43246289999999, 7.024657200000001], [37.4331381, 7.0232718], [37.4328067, 7.0221222999999995], [37.4333928, 7.0208394], [37.432730199999995, 7.0205142], [37.4327638, 7.019884900000001], [37.432789899999996, 7.0193961], [37.4333004, 7.017124899999999], [37.432209199999996, 7.0146077], [37.432000599999995, 7.0125255], [37.432318200000005, 7.0100875], [37.431028399999995, 7.0090783], [37.4305532, 7.007976200000001], [37.42938590000001, 7.0067268], [37.42790850000001, 7.0045686], [37.426860500000004, 7.0028903], [37.4271032, 7.001337299999999], [37.4267228, 7.000522599999999], [37.426392, 6.9991817], [37.426539999999996, 6.997890199999999], [37.4269307, 6.9956425], [37.4274146, 6.994160700000001], [37.427258099999996, 6.9908346], [37.427025300000004, 6.9888240999999995], [37.4261488, 6.986570899999999], [37.4254353, 6.985132900000001], [37.4235774, 6.9827118], [37.4238892, 6.981444599999999], [37.4229853, 6.9796711], [37.422561, 6.9776599], [37.422683199999994, 6.9769187], [37.42307050000001, 6.975675799999999], [37.423650099999996, 6.9741944], [37.4233262, 6.972323899999999], [37.4230863, 6.9709387], [37.4225164, 6.9695013], [37.42252200000001, 6.967826499999999], [37.422384, 6.966151299999998], [37.4221955, 6.9652415], [37.422125199999996, 6.964786699999999], [37.422415699999995, 6.963830599999999], [37.4223962, 6.9629037], [37.421226000000004, 6.961577699999999], [37.4211321, 6.9610031], [37.4214238, 6.959712099999999], [37.4212361, 6.9585631], [37.4212868, 6.957702000000001], [37.421291499999995, 6.9563143], [37.4214872, 6.9550708000000006], [37.4219244, 6.953206100000001], [37.4220946, 6.9524171], [37.421477700000004, 6.9507403000000005], [37.421003299999995, 6.949398899999999], [37.42052989999999, 6.9477704000000005], [37.4206791, 6.946096100000001], [37.4220731, 6.944521699999999], [37.4225553, 6.9435184], [37.4229026, 6.942037], [37.4229925, 6.941653700000001], [37.4235727, 6.9399809], [37.423696299999996, 6.938808900000001], [37.423606899999996, 6.9368946000000005], [37.4229427, 6.9350261999999985], [37.42323369999999, 6.9339265999999995], [37.4238625, 6.9320147], [37.4254001, 6.9304407], [37.425902799999996, 6.9296009000000005], [37.42631490000001, 6.9289125], [37.4269411, 6.927814], [37.427567200000006, 6.926715499999999], [37.4286246, 6.925522699999998], [37.4293216, 6.924735499999999], [37.430428299999996, 6.923112199999999], [37.4304822, 6.921294], [37.4294812, 6.919903100000001], [37.42920049999999, 6.9178923999999995], [37.429063899999996, 6.915786499999999], [37.4293554, 6.9144955], [37.429885000000006, 6.9136359], [37.43103730000001, 6.9126826999999995], [37.4314126, 6.9123459999999985], [37.4330304, 6.9108947999999994], [37.434090999999995, 6.9086972], [37.4346302, 6.9049187], [37.434566, 6.904526], [37.43434849999999, 6.9031952], [37.434209, 6.901950599999999], [37.43464480000001, 6.900468600000001], [37.435272, 6.899035100000001], [37.4357786, 6.8978644], [37.4353991, 6.8967626], [37.434924699999996, 6.8954211999999995], [37.43497459999999, 6.8947993], [37.4341629, 6.8941267999999996], [37.433160199999996, 6.8932622], [37.43177430000001, 6.8924441], [37.4302932, 6.891482300000001], [37.42934179999999, 6.8895650999999996], [37.428769800000005, 6.888797599999999], [37.4276256, 6.887310499999999], [37.4264338, 6.8857273999999995], [37.4254085, 6.884456000000001], [37.4251742, 6.882924000000001], [37.4255131, 6.8817767000000005], [37.42518329999999, 6.8801487], [37.4242793, 6.8784231], [37.4246152, 6.8781849], [37.4238536, 6.876842599999999], [37.4231371, 6.8763138999999995], [37.4220378, 6.875736099999999], [37.421033800000004, 6.875302100000001], [37.418838099999995, 6.8732373], [37.4164746, 6.871291499999999], [37.4153759, 6.870522299999998], [37.413558099999996, 6.8700377], [37.411644599999995, 6.869552900000001], [37.411445799999996, 6.8694256000000005], [37.41006790000001, 6.868542799999999], [37.4077276, 6.8668124], [37.40672320000001, 6.866522], [37.405383199999996, 6.866326099999999], [37.4033224, 6.8669413], [37.4014081, 6.866695699999998], [37.4000785, 6.866464899999999], [37.39915919999999, 6.8663054], [37.3972224, 6.865605100000001], [37.3960411, 6.865041], [37.394497799999996, 6.864304], [37.392681599999996, 6.8633409], [37.39015, 6.8616098], [37.3886205, 6.8608391], [37.388465499999995, 6.860855300000001], [37.3868484, 6.8610245], [37.386209099999995, 6.861242400000001], [37.38545839999999, 6.861498399999999], [37.383681800000005, 6.8630236], [37.3812839, 6.8642116999999985], [37.379938800000005, 6.865546999999999], [37.3786437, 6.8662604], [37.3774228, 6.866280199999999], [37.375029600000005, 6.8660806999999995], [37.3740217, 6.866795], [37.37215239999999, 6.867410700000001], [37.3701408, 6.867643099999999], [37.3677448, 6.868257], [37.3631962, 6.868337200000001], [37.3610399, 6.8688562], [37.359218, 6.8696155], [37.357324299999995, 6.8703506999999995], [37.355789099999996, 6.8712545999999985], [37.3548781, 6.8716342], [37.3523388, 6.872151900000001], [37.349177999999995, 6.872428099999999], [37.346785, 6.872180600000002], [37.3465707, 6.872118599999999], [37.3451109, 6.8716963], [37.3434361, 6.8714512999999995], [37.3417586, 6.8719718], [37.3409182, 6.8727106], [37.3405315, 6.873761900000001], [37.33966770000001, 6.874333099999999], [37.3380392, 6.8745188], [37.336892899999995, 6.8737493], [37.3361318, 6.8723111999999995], [37.3364232, 6.871116], [37.335957300000004, 6.869654899999999], [37.3359496, 6.869631000000001], [37.33557209999999, 6.8680506999999995], [37.3350977, 6.8668049], [37.3344327, 6.8652715], [37.3333808, 6.864884999999999], [37.332373800000006, 6.865359999999999], [37.331604399999996, 6.866314300000001], [37.3305501, 6.866597699999999], [37.328539899999996, 6.8664472], [37.3263933, 6.865279], [37.3261506, 6.865146900000001], [37.3249085, 6.864376999999999], [37.32304399999999, 6.8636049], [37.321739699999995, 6.863176600000001], [37.321202899999996, 6.863000400000001], [37.3199086, 6.8634743], [37.317701199999995, 6.864949899999999], [37.3154493, 6.8654205], [37.3138251, 6.864409999999999], [37.31258299999999, 6.863639999999999], [37.3120554, 6.863925299999999], [37.311000299999996, 6.8644479], [37.309084999999996, 6.864536799999999], [37.30833459999999, 6.8638546], [37.307605599999995, 6.863191800000001], [37.3067025, 6.861322599999999], [37.30579480000001, 6.860792999999998], [37.304744400000004, 6.859975899999999], [37.3040781, 6.858873099999999], [37.303837300000005, 6.858459900000001], [37.3031977, 6.8573626999999995], [37.3027746, 6.855160199999999], [37.3027838, 6.8525765], [37.3021186, 6.851138700000001], [37.301074699999994, 6.8485033], [37.3007437, 6.847353799999998], [37.300078199999994, 6.846011700000001], [37.2997468, 6.844957900000001], [37.2987719, 6.8431123000000005], [37.2977267, 6.840859699999999], [37.2969633, 6.8401393], [37.296153499999996, 6.838988099999999], [37.295295700000004, 6.8378845], [37.29510760000001, 6.8369269], [37.294249199999996, 6.8360148], [37.2929128, 6.8348616999999985], [37.2910956, 6.8343289], [37.2898047, 6.8338459], [37.288511899999996, 6.833937], [37.287556300000006, 6.833614799999999], [37.2873643, 6.8335501], [37.2867557, 6.8323762], [37.28642190000001, 6.8317325], [37.28627079999999, 6.8314409], [37.2859063, 6.831045199999999], [37.285054699999996, 6.8301207999999995], [37.28405319999999, 6.8290645], [37.283435, 6.827914000000001], [37.2831053, 6.8263817], [37.2826823, 6.8241792], [37.28191999999999, 6.8231717], [37.28091899999999, 6.821971899999999], [37.280252399999995, 6.8209648000000005], [37.2797308, 6.8195752999999995], [37.279928399999996, 6.8178535], [37.2796224, 6.8163931], [37.27956909999999, 6.8162209], [37.2788652, 6.8139501], [37.278108200000005, 6.8114593999999995], [37.2770161, 6.808967399999999], [37.2767333, 6.807722399999999], [37.276882, 6.8062875], [37.276935, 6.804852200000001], [37.2772515, 6.8033461000000015], [37.2771652, 6.8007142], [37.2767383, 6.799612199999999], [37.2752103, 6.7985541], [37.2743975, 6.7982641], [37.273780699999996, 6.7967308], [37.2737358, 6.7959172], [37.2740783, 6.7938132], [37.2741329, 6.7919472999999995], [37.2736075, 6.791610499999999], [37.2724359, 6.7912953], [37.2714336, 6.7904784], [37.2700041, 6.788654999999999], [37.2692452, 6.786690599999999], [37.2691534, 6.785589799999999], [37.268589299999995, 6.782716899999998], [37.26878429999999, 6.781712799999999], [37.268173999999995, 6.7783613], [37.2677475, 6.7771636], [37.2665029, 6.776508799999999], [37.2664544, 6.776699999999999], [37.2668817, 6.777682400000001], [37.2671895, 6.7786165], [37.2672344, 6.779430100000001], [37.266419799999994, 6.7796903], [37.266576, 6.779511500000001], [37.2663173, 6.7782186], [37.2658671, 6.776949099999999], [37.2649379, 6.775797399999999], [37.2641505, 6.7751247999999995], [37.26295559999999, 6.774641999999999], [37.2616893, 6.7740393999999995], [37.2599688, 6.7732915999999985], [37.258523, 6.7727003], [37.2572548, 6.7726479], [37.2558921, 6.772236299999999], [37.254649799999996, 6.771609799999999], [37.253600999999996, 6.770433799999999], [37.2528869, 6.7693547], [37.252317999999995, 6.767845499999999], [37.2515444, 6.7666824], [37.250208, 6.765625000000001], [37.249348000000005, 6.765191199999999], [37.2481528, 6.7648042], [37.247172500000005, 6.7645375], [37.2460502, 6.7638396], [37.2450717, 6.763094499999999], [37.2444528, 6.762159199999998], [37.24394160000001, 6.7612364000000005], [37.243659099999995, 6.7599434999999986], [37.24361530000001, 6.7588189000000005], [37.2435609, 6.7585305], [37.2433805, 6.757574], [37.24334879999999, 6.756413600000001], [37.2431834, 6.755815], [37.2431651, 6.7542599], [37.2434845, 6.751964399999999], [37.2445198, 6.7502217], [37.244940799999995, 6.749613200000001], [37.245659499999995, 6.7494004], [37.246331100000006, 6.748972199999999], [37.2471946, 6.748449], [37.248297900000004, 6.747759199999999], [37.24966570000001, 6.746711500000002], [37.2497916, 6.746409], [37.2498347, 6.746305399999999], [37.25000740000001, 6.7447639], [37.249772500000006, 6.743519099999999], [37.249416999999994, 6.742560900000001], [37.248582999999996, 6.741553100000001], [37.2472944, 6.740543700000002], [37.2457667, 6.739461599999999], [37.244192, 6.738140199999999], [37.24298720000001, 6.7371191], [37.241984900000006, 6.736326], [37.2412707, 6.735294699999999], [37.2404376, 6.734071600000001], [37.23965169999999, 6.7330162], [37.238722300000006, 6.7319363], [37.23811539999999, 6.7310131], [37.23720859999999, 6.7302921], [37.2363007, 6.729906], [37.2350589, 6.7291839], [37.234149900000006, 6.729084899999999], [37.2325245, 6.728576599999999], [37.231162000000005, 6.728165], [37.2301354, 6.727491399999999], [37.2290735, 6.7266622], [37.228167, 6.7258934], [37.227360499999996, 6.725081299999999], [37.2271417, 6.724860999999999], [37.2261889, 6.723661400000001], [37.2254755, 6.7224148], [37.2249055, 6.7212405], [37.2247051, 6.7204144], [37.224663899999996, 6.7185722000000005], [37.2249591, 6.716348399999999], [37.22523879999999, 6.715093400000001], [37.22533910000001, 6.7138259], [37.2254394, 6.712582200000001], [37.2257538, 6.7116503], [37.2257817, 6.7105500000000005], [37.2253551, 6.709423999999999], [37.225094899999995, 6.708585799999999], [37.2243697, 6.7073032999999995], [37.2236804, 6.7060089], [37.2235393, 6.705338599999999], [37.223022799999995, 6.704158199999999], [37.2229003, 6.703374500000001], [37.222616699999996, 6.7024166], [37.2223942, 6.701064099999998], [37.222493799999995, 6.699987900000001], [37.2227111, 6.6994624], [37.2233587, 6.699034099999999], [37.224101499999996, 6.6987497000000005], [37.224341100000004, 6.6986788], [37.225775999999996, 6.6988993], [37.227547699999995, 6.698642599999999], [37.22826659999999, 6.6983342], [37.228819699999995, 6.697594500000001], [37.229086800000005, 6.696495], [37.2290791, 6.6953347], [37.2287727, 6.694017799999999], [37.22839570000001, 6.6924136], [37.2284262, 6.690571599999999], [37.228488299999995, 6.689937899999999], [37.2291376, 6.689055100000001], [37.2300025, 6.688077300000001], [37.2305079, 6.6872658], [37.230514500000005, 6.6854476], [37.2306284, 6.6837136], [37.230752599999995, 6.682446100000001], [37.2307582, 6.680891099999999], [37.231026899999996, 6.679360999999998], [37.231090300000005, 6.678344399999999], [37.2312361, 6.6777229999999985], [37.231094999999996, 6.677052599999999], [37.231553600000005, 6.675929899999999], [37.231819, 6.675332699999999], [37.231965900000006, 6.674400200000001], [37.2320998, 6.673742799999999], [37.23248639999999, 6.6727155], [37.23280069999999, 6.6718075], [37.2338792, 6.671309000000001], [37.2348849, 6.6710973], [37.2359611, 6.671244700000001], [37.23717919999999, 6.671871099999999], [37.2383489, 6.672616899999998], [37.2384876, 6.6727988], [37.239134899999996, 6.6736483999999985], [37.239268499999994, 6.6740039], [37.2393395, 6.6732629], [37.2399671, 6.671734100000001], [37.2408329, 6.670493099999999], [37.2416991, 6.6691565], [37.2419455, 6.6683059], [37.2419898, 6.6681527], [37.2417073, 6.6668598999999995], [37.24166219999999, 6.6660942], [37.2425205, 6.660212], [37.2416694, 6.657338199999999], [37.241260000000004, 6.656857100000001], [37.2405257, 6.655994400000001], [37.238904, 6.6545054], [37.237328299999994, 6.653542799999999], [37.23608579999999, 6.6530599], [37.2344599, 6.652767], [37.233311400000005, 6.6527629], [37.23187550000001, 6.6528535], [37.23011679999999, 6.653086899999999], [37.229769000000005, 6.653133099999999], [37.2284769, 6.6531284], [37.2274256, 6.6527419000000005], [37.226946999999996, 6.652740199999999], [37.2220887, 6.6531055], [37.219886300000006, 6.6534325], [37.218691, 6.6531411], [37.2161117, 6.65184], [37.212433100000005, 6.6501521], [37.2103781, 6.649427], [37.20808280000001, 6.648988000000001], [37.206791700000004, 6.648744099999999], [37.20255739999999, 6.648585199999999], [37.2014084, 6.6487245999999995], [37.199877400000005, 6.6486712], [37.1981526, 6.649239000000001], [37.196233, 6.650763100000001], [37.1949805, 6.6530550999999996], [37.194445099999996, 6.65394], [37.194401899999995, 6.6540114], [37.1933918, 6.655680900000001], [37.1925247, 6.6572566], [37.191563099999996, 6.6584971], [37.1907004, 6.6588766999999995], [37.1895954, 6.6600687999999995], [37.188441700000006, 6.6614999], [37.1879614, 6.661976599999999], [37.18697529999999, 6.6633605], [37.1837115, 6.6660279000000005], [37.182033499999996, 6.666882900000001], [37.1807401, 6.667260899999999], [37.1796404, 6.667017599999999], [37.1780613, 6.6670118], [37.17600219999999, 6.6673868999999995], [37.1737025, 6.668144000000001], [37.17164319999999, 6.6685669], [37.169246900000005, 6.6695628], [37.168671599999996, 6.6698477], [37.1673064, 6.6702254], [37.16610939999999, 6.670412399999999], [37.1649131, 6.6704079], [37.1629511, 6.670400599999999], [37.1608794, 6.670189099999999], [37.1600332, 6.670102699999998], [37.1585505, 6.669905699999999], [37.1564445, 6.6700414], [37.15433879999999, 6.6700814], [37.152424700000005, 6.670074199999998], [37.14941029999999, 6.6700151000000005], [37.146612, 6.6697175], [37.1453711, 6.668851599999999], [37.143988799999995, 6.667411099999999], [37.1429429, 6.6655891], [37.1414675, 6.663478400000001], [37.14037340000001, 6.6617519], [37.1392793, 6.6600253], [37.1377075, 6.6581057], [37.136967399999996, 6.657672299999998], [37.1360135, 6.6568553], [37.13410340000001, 6.6557955], [37.132669899999996, 6.655263799999999], [37.1303766, 6.6543461], [37.12889450000001, 6.6540056], [37.1277943, 6.6539057999999995], [37.1263104, 6.654043699999999], [37.1248735, 6.654421000000002], [37.1240117, 6.654561199999999], [37.123295399999996, 6.6541758], [37.1229127, 6.654126499999999], [37.122241599999995, 6.654458799999999], [37.1219055, 6.6547446], [37.1213335, 6.654168299999999], [37.1208589, 6.6531618], [37.1187606, 6.651287900000001], [37.1159017, 6.649245800000001], [37.11573039999999, 6.6491234], [37.113395800000006, 6.646483099999999], [37.1113953, 6.6440833], [37.1105224, 6.6423613], [37.11035049999999, 6.6420221], [37.1089244, 6.6395766], [37.1073817, 6.636317300000001], [37.1057129, 6.63478], [37.10442419999999, 6.6339616999999995], [37.1035165, 6.6335755], [37.101984699999996, 6.633761], [37.1002752, 6.632879099999999], [37.099835799999994, 6.6326524], [37.09739760000001, 6.6321167999999995], [37.0972365, 6.632095100000001], [37.0940979, 6.6316735], [37.0913721, 6.6312803], [37.088334599999996, 6.6310772], [37.0869958, 6.6308328], [37.084415299999996, 6.630009599999999], [37.0821209, 6.629426599999999], [37.0803519, 6.6290848], [37.077675299999996, 6.6283568], [37.07652809999999, 6.6280653], [37.073610599999995, 6.6277669999999995], [37.0722717, 6.6275704], [37.0690436, 6.627175099999999], [37.0667493, 6.6265921], [37.064836799999995, 6.626249700000001], [37.06149559999999, 6.624179499999999], [37.0599668, 6.6235994], [37.057674999999996, 6.6223944], [37.0556681, 6.6217167], [37.054521, 6.6214252], [37.0528498, 6.6205574999999985], [37.0481981, 6.617190299999999], [37.047332399999995, 6.6164399], [37.045814, 6.615123700000001], [37.04304719999999, 6.6130556999999985], [37.0404738, 6.610462099999999], [37.038806300000005, 6.608685400000001], [37.03726029999999, 6.606430699999999], [37.0358812, 6.6043202999999995], [37.0345503, 6.6021143], [37.0330255, 6.6005294999999995], [37.03121569999999, 6.5984652], [37.02925989999999, 6.5970222], [37.0276613, 6.5959634], [37.0257526, 6.594712], [37.024125999999995, 6.5947055], [37.0213998, 6.5945032999999995], [37.019106900000004, 6.5936331], [37.018102999999996, 6.5934377], [37.016813, 6.593001999999999], [37.015572000000006, 6.592279499999999], [37.01409090000001, 6.591795200000001], [37.0126566, 6.591550299999999], [37.0125014, 6.5914704], [37.0101262, 6.590248499999999], [37.0091952, 6.5897663999999985], [37.007234700000005, 6.5895193], [37.004554899999995, 6.589699999999999], [37.0035028, 6.5896001], [37.001156200000004, 6.590212699999999], [36.999862, 6.5908294], [36.9976568, 6.591968700000001], [36.9957369, 6.5935397999999985], [36.9940575, 6.5947769], [36.9924737, 6.596014299999998], [36.9907434, 6.5980167], [36.9894214, 6.5995900999999995], [36.989113599999996, 6.600021], [36.9885495, 6.6016908], [36.9880523, 6.603162599999999], [36.989072799999995, 6.6055706], [36.989783599999996, 6.6072476999999985], [36.9908134, 6.6119125], [36.991355999999996, 6.621818499999999], [36.9910862, 6.630905599999999], [36.9895671, 6.631948100000001], [36.9890617, 6.6335425], [36.9883867, 6.6356718], [36.98791309999999, 6.637534199999999], [36.9889663, 6.641346800000001], [36.9895141, 6.642361299999999], [36.990513299999996, 6.6442116], [36.991689599999994, 6.6461901], [36.992958300000005, 6.649748], [36.993642, 6.6515271], [36.9934277, 6.655671099999999], [36.9914755, 6.659446499999999], [36.991870399999996, 6.662424899999998], [36.99106189999999, 6.667059900000001], [36.99149329999999, 6.670495], [36.990561500000005, 6.672268899999999], [36.990041500000004, 6.6752468], [36.989640699999995, 6.6767255], [36.989134299999996, 6.679881399999999], [36.9869305, 6.682774], [36.986208399999995, 6.6838235], [36.9848869, 6.6852055], [36.9829681, 6.686393600000001], [36.981889200000005, 6.687016899999999], [36.9806658, 6.6877237], [36.9783638, 6.6890059], [36.9775506, 6.689315000000001], [36.9756223, 6.690048199999999], [36.9732598, 6.6909463], [36.970944900000006, 6.692045500000001], [36.9684654, 6.6932228], [36.966462799999995, 6.6939570999999995], [36.96343359999999, 6.6950677999999995], [36.9615752, 6.6956219], [36.9582115, 6.6966247999999995], [36.9568366, 6.6970555], [36.9535401, 6.698088399999999], [36.952532999999995, 6.6986104], [36.95052199999999, 6.698936899999999], [36.946782600000006, 6.7006435], [36.9458252, 6.7007351], [36.9445811, 6.701271699999999], [36.94318869999999, 6.7018721999999995], [36.9409826, 6.703058899999999], [36.9391404, 6.703051199999998], [36.93717660000001, 6.7035214], [36.9344959, 6.7037971], [36.93329919999999, 6.7038877], [36.932438, 6.7038841], [36.932294399999996, 6.7038835], [36.931491799999996, 6.7032281000000005], [36.9292245, 6.7025277], [36.9273524, 6.701730299999999], [36.9254787, 6.7013277], [36.924096899999995, 6.701321900000001], [36.9227171, 6.7008225999999995], [36.921610400000006, 6.700540999999999], [36.9206788, 6.700304], [36.9195619, 6.7000198], [36.9179124, 6.6992617], [36.916311, 6.698525799999999], [36.9151211, 6.6979245999999995], [36.9133909, 6.6970505], [36.9117803, 6.696236800000001], [36.910557, 6.695295799999999], [36.91011159999999, 6.694953099999999], [36.908878099999995, 6.6940041], [36.9065122, 6.693303299999998], [36.9046513, 6.693247599999999], [36.90368369999999, 6.6932187], [36.90266319999999, 6.6931882], [36.900701, 6.692119000000001], [36.8989799, 6.691181199999999], [36.89788639999999, 6.690585399999999], [36.896735299999996, 6.6899581], [36.8951793, 6.6891103], [36.893997899999995, 6.688414400000001], [36.8923525, 6.687910100000002], [36.8911054, 6.6875279], [36.8887736, 6.6868132], [36.888032900000006, 6.6861558], [36.8863154, 6.6846315999999995], [36.885472299999996, 6.6832332999999995], [36.88476459999999, 6.6820594], [36.88357140000001, 6.6800805], [36.881948200000004, 6.678839999999999], [36.879781099999995, 6.677843899999999], [36.8783405, 6.676333], [36.8773248, 6.6752676], [36.875240399999996, 6.6730078], [36.8733953, 6.671007500000001], [36.871887, 6.670544199999999], [36.87004759999999, 6.6699793000000005], [36.86816499999999, 6.6690885], [36.866843, 6.668462799999999], [36.8638796, 6.6690420999999995], [36.861744, 6.6694477], [36.8603236, 6.6697174], [36.858878600000004, 6.6698289], [36.854901999999996, 6.6701358], [36.8524183, 6.670327400000001], [36.84986749999999, 6.6708684], [36.848955499999995, 6.671061799999999], [36.8468383, 6.671293], [36.843524699999996, 6.6716548], [36.8398183, 6.672872099999998], [36.838169199999996, 6.674156], [36.8363521, 6.6755705], [36.8335894, 6.676799], [36.832365, 6.677343400000001], [36.83140769999999, 6.677769], [36.8302165, 6.6782949], [36.8288979, 6.678877], [36.827291599999995, 6.6795861], [36.825598, 6.680333700000001], [36.8234892, 6.6808142], [36.82221690000001, 6.681104099999999], [36.820287799999996, 6.681543699999999], [36.8187423, 6.682312399999999], [36.8166384, 6.6838093999999995], [36.813302, 6.685028099999999], [36.8097156, 6.6869856], [36.8096858, 6.688840099999999], [36.8074199, 6.689493299999999], [36.8056268, 6.6909144], [36.8033968, 6.6930013], [36.8027057, 6.693788800000002], [36.8015943, 6.6950552], [36.800916799999996, 6.695827199999998], [36.8001767, 6.6964626], [36.7990591, 6.6974222999999995], [36.7967162, 6.6993572], [36.79521330000001, 6.700598299999999], [36.79358, 6.701903199999999], [36.7933634, 6.7020762], [36.79085539999999, 6.704079899999999], [36.7891824, 6.7054165], [36.7847789, 6.7089343999999995], [36.7824484, 6.7097288], [36.7808042, 6.7102892999999995], [36.77980659999999, 6.710629300000001], [36.7774047, 6.7105182999999995], [36.776702199999995, 6.710915399999999], [36.7742998, 6.7109045], [36.773177499999996, 6.7114348999999995], [36.7719925, 6.7119949], [36.7698904, 6.7119853], [36.767089899999995, 6.711472199999999], [36.7655514, 6.711422499999999], [36.763486799999995, 6.7113556999999995], [36.7609906, 6.711124], [36.7600848, 6.71104], [36.758383099999996, 6.7110322], [36.75656579999999, 6.7111934], [36.7546278, 6.711365300000001], [36.75339849999999, 6.7114226], [36.7507231, 6.7115475], [36.7491875, 6.7117158], [36.7472178, 6.7119317], [36.7455717, 6.7117245], [36.743916399999996, 6.7115162], [36.74293699999999, 6.711570999999998], [36.740612299999995, 6.711701199999999], [36.7383755, 6.7124350999999995], [36.7364017, 6.7130828], [36.73409949999999, 6.7130721], [36.7318865, 6.7133427], [36.72956320000001, 6.7136267], [36.727789699999995, 6.713843499999999], [36.7267651, 6.7135824], [36.725378199999994, 6.713228899999999], [36.7241904, 6.7129261], [36.7220625, 6.712703399999999], [36.7201884, 6.7125072], [36.7183904, 6.7116983], [36.7156915, 6.7108851], [36.714654, 6.7108802999999995], [36.7126887, 6.710871099999999], [36.711043, 6.7107791], [36.709780699999996, 6.7107084], [36.708785899999995, 6.710652800000001], [36.7063433, 6.709869], [36.704987900000006, 6.709434099999998], [36.7036978, 6.7090245], [36.7020269, 6.708493799999999], [36.7001904, 6.7079106], [36.6990809, 6.707413700000001], [36.6972616, 6.706599000000001], [36.6949964, 6.705584600000001], [36.6934945, 6.705677599999999], [36.692352899999996, 6.7046999000000005], [36.6902046, 6.7028601000000005], [36.689302399999995, 6.7016075], [36.6887926, 6.7008997], [36.68824420000001, 6.7001382], [36.687785399999996, 6.6995013], [36.687022400000004, 6.698442], [36.6861032, 6.6971611], [36.68539150000001, 6.6961693], [36.684190799999996, 6.6944962], [36.6831228, 6.693007999999999], [36.682050499999995, 6.6915137], [36.681226900000006, 6.6899219], [36.68077489999999, 6.689048099999999], [36.6799098, 6.6873759999999995], [36.6792675, 6.686134399999999], [36.67876100000001, 6.6848035], [36.67843289999999, 6.683941399999999], [36.6792444, 6.681730899999999], [36.679821499999996, 6.680158800000001], [36.6801566, 6.6792462], [36.6801657, 6.6773165], [36.680174099999995, 6.675532099999998], [36.6801807, 6.6741234], [36.6801872, 6.6727416999999996], [36.679886100000004, 6.6692475], [36.679681599999995, 6.6668755], [36.6795703, 6.665583799999999], [36.678328799999996, 6.6640595000000005], [36.6770816, 6.662528200000001], [36.675888400000005, 6.6610633], [36.674528, 6.659690299999999], [36.6718044, 6.656941199999999], [36.670862799999995, 6.6563466], [36.6695457, 6.6555149], [36.66781299999999, 6.6544207], [36.66658439999999, 6.6540561], [36.6650545, 6.6536021], [36.66399080000001, 6.653286400000001], [36.663015699999995, 6.652997], [36.6615544, 6.652479], [36.659983499999996, 6.6519222], [36.65795389999999, 6.6512027], [36.6558781, 6.6504669], [36.6528476, 6.6493926000000005], [36.650426599999996, 6.648534400000001], [36.6486191, 6.6480605], [36.6470248, 6.647642499999999], [36.6454995, 6.647242500000001], [36.6434297, 6.646699900000001], [36.640652599999996, 6.645116], [36.6395372, 6.644479800000001], [36.6379144, 6.6428416], [36.63740870000001, 6.6423311], [36.636549300000006, 6.6414634999999995], [36.635557899999995, 6.6404228000000005], [36.6345143, 6.6393272], [36.6332897, 6.6380416], [36.632093499999996, 6.637224100000001], [36.63172139999999, 6.6369698999999995], [36.630420199999996, 6.6360807], [36.6283244, 6.6348698], [36.6258312, 6.633056699999999], [36.6246626, 6.6321331999999975], [36.6235382, 6.631244499999998], [36.621576999999995, 6.6302775], [36.6196445, 6.6293245999999995], [36.6164431, 6.6291091], [36.614683799999995, 6.629457599999999], [36.6125908, 6.629872300000001], [36.6100323, 6.6303791], [36.60915, 6.630178600000001], [36.6073332, 6.6297657], [36.6062951, 6.629500900000001], [36.604934400000005, 6.629153699999999], [36.6029359, 6.628543699999999], [36.601588199999995, 6.627936999999999], [36.6002398, 6.6273299], [36.597549, 6.6250154], [36.5964599, 6.6226086], [36.5947733, 6.6195984999999995], [36.5944557, 6.618451199999999], [36.5936914, 6.615690700000002], [36.5927615, 6.614375400000001], [36.5915065, 6.612600500000001], [36.590212799999996, 6.6107707], [36.5893829, 6.6099972000000005], [36.58816850000001, 6.6088653000000015], [36.58632769999999, 6.6071496], [36.584134999999996, 6.605337800000001], [36.582504799999995, 6.6033621], [36.5813537, 6.601967099999999], [36.58015579999999, 6.6005154], [36.5795819, 6.5985682], [36.578974499999994, 6.596507099999999], [36.57838939999999, 6.594141700000001], [36.577185500000006, 6.5920193], [36.575806, 6.5895874], [36.57482579999999, 6.5881799999999995], [36.57391799999999, 6.586876500000001], [36.573429299999994, 6.5857206999999995], [36.5730277, 6.5847707999999985], [36.570637, 6.5825578], [36.5695869, 6.5821787], [36.5661421, 6.580935], [36.5643266, 6.581601600000001], [36.5620324, 6.5813034], [36.56045650000001, 6.580817499999998], [36.55735, 6.5803719], [36.5549112, 6.5803121], [36.5530967, 6.579729299999999], [36.55170199999999, 6.579101199999999], [36.5500903, 6.578375499999999], [36.5483547, 6.576334300000001], [36.5476691, 6.5756035], [36.546642, 6.574508499999999], [36.5448812, 6.572730300000001], [36.5433593, 6.571001099999999], [36.5422183, 6.5696086000000005], [36.54031109999999, 6.5684514], [36.538690300000006, 6.567391199999999], [36.5369496, 6.566402200000001], [36.534611, 6.565434199999999], [36.5320799, 6.5647044], [36.5303143, 6.5639305], [36.5300941, 6.5638282], [36.529399899999994, 6.562829999999999], [36.528560799999994, 6.5624896], [36.527315200000004, 6.561538700000001], [36.5263271, 6.5607844], [36.525041800000004, 6.559803199999998], [36.5240753, 6.5590654], [36.5227423, 6.5580265], [36.52154259999999, 6.5570914], [36.520586900000005, 6.5563465999999995], [36.5196599, 6.5559327], [36.51860939999999, 6.555463799999999], [36.517128899999996, 6.5548028], [36.51469540000001, 6.553716499999999], [36.512201100000006, 6.552602899999999], [36.5098238, 6.551715], [36.507626900000005, 6.550894500000001], [36.5062752, 6.550389600000001], [36.503512799999996, 6.5493578999999995], [36.5016483, 6.5480582], [36.5006214, 6.5473423], [36.4980808, 6.545707599999999], [36.49623330000001, 6.544518900000001], [36.4946091, 6.5417807], [36.4936509, 6.540165399999999], [36.4932868, 6.5395517000000005], [36.4928104, 6.5387485], [36.4922216, 6.536444199999999], [36.4899331, 6.533931399999999], [36.4859358, 6.5330109], [36.4832347, 6.532997399999999], [36.4808124, 6.5323006], [36.478527, 6.531665299999999], [36.4710844, 6.5294848000000005], [36.469217799999996, 6.5301276999999995], [36.464839, 6.5301057], [36.46177110000001, 6.5287857], [36.458528099999995, 6.525228500000001], [36.4544411, 6.522785200000001], [36.4510167, 6.5182953], [36.45050299999999, 6.5178392999999994], [36.44881549999999, 6.5163408], [36.447956, 6.5155777], [36.445633, 6.5142261], [36.4442403, 6.5134158], [36.4430677, 6.5119551], [36.440259399999995, 6.5084572], [36.4405089, 6.5070328], [36.4380796, 6.504566099999999], [36.4361342, 6.502413199999999], [36.4335399, 6.499604700000001], [36.4323499, 6.498582600000001], [36.4321342, 6.4983973], [36.4316157, 6.4979519], [36.4298297, 6.4964178], [36.4272402, 6.4926776], [36.424791299999995, 6.4894286999999995], [36.4243932, 6.4889005], [36.4236966, 6.4879763], [36.4227986, 6.4867849], [36.4199259, 6.4837886000000005], [36.4184558, 6.4797744999999995], [36.41772770000001, 6.476416500000001], [36.4162434, 6.4751975999999996], [36.4137297, 6.4749053], [36.4112151, 6.4747993], [36.409257, 6.4739662], [36.4092416, 6.4739597], [36.4092202, 6.4739506], [36.4068928, 6.4729603000000004], [36.405192899999996, 6.4719519000000005], [36.4041995, 6.4713626], [36.4003899, 6.469479599999999], [36.39342320000001, 6.4656237], [36.3898047, 6.462809899999999], [36.388507800000006, 6.461405699999999], [36.3872202, 6.4605578999999995], [36.3865514, 6.460458799999999], [36.3860285, 6.459882299999999], [36.385218, 6.459447700000001], [36.38412139999999, 6.4588681999999995], [36.3821645, 6.458236500000001], [36.380491000000006, 6.458275699999999], [36.3782436, 6.458359799999999], [36.37714460000001, 6.458258499999999], [36.37657019999999, 6.458399], [36.376186499999996, 6.4586361000000005], [36.37546820000001, 6.4588715], [36.374654, 6.4591541999999995], [36.3740555, 6.4593185], [36.37305039999999, 6.4595524], [36.3722345, 6.4601698999999995], [36.3717076, 6.4603584000000005], [36.3712751, 6.4607866], [36.370336, 6.4606328], [36.3692949, 6.462642599999999], [36.3690067, 6.4640003], [36.3677373, 6.4648373], [36.367421699999994, 6.4663616], [36.36636500000001, 6.4673125], [36.3657873, 6.4680746], [36.364638, 6.4684512], [36.3630572, 6.4690647], [36.36219639999999, 6.469107999999999], [36.3611444, 6.469150399999999], [36.360383999999996, 6.468285700000001], [36.359529099999996, 6.467181399999999], [36.35906349999999, 6.465963899999999], [36.3578575, 6.464745000000001], [36.3568729, 6.463749900000001], [36.356189500000006, 6.462962399999999], [36.35555980000001, 6.4622367999999994], [36.3542215, 6.462778299999999], [36.3519804, 6.4616668], [36.3507882, 6.4610867999999995], [36.34969089999999, 6.4606507], [36.34859589999999, 6.4597842000000005], [36.3468273, 6.4597272], [36.345918999999995, 6.459722499999999], [36.345012, 6.4594786], [36.3438174, 6.4593768], [36.3430512, 6.4596119], [36.341998, 6.4598933], [36.3416133, 6.460321599999999], [36.340466299999996, 6.4602678], [36.3393687, 6.4598794999999996], [36.338077, 6.460064099999999], [36.3365493, 6.459673499999999], [36.334997, 6.459402399999999], [36.3335165, 6.4591077], [36.3322744, 6.4589578], [36.33127119999999, 6.4588090000000005], [36.330409700000004, 6.458995799999999], [36.32945420000001, 6.4588950999999994], [36.328450499999995, 6.4588421], [36.3272569, 6.458548899999999], [36.3258969, 6.458836300000001], [36.3254391, 6.458933099999999], [36.3233507, 6.458356899999999], [36.323086499999995, 6.4558874], [36.32034689999999, 6.454244], [36.3193035, 6.4536181], [36.31848969999999, 6.452345299999999], [36.317258900000006, 6.450420500000001], [36.3165765, 6.4486878], [36.3159644, 6.447133300000001], [36.315331400000005, 6.442771599999999], [36.3150036, 6.441628799999998], [36.3142272, 6.4389229], [36.312838299999996, 6.435775799999999], [36.310046400000004, 6.432152599999999], [36.30889, 6.4293346], [36.30744789999999, 6.427405599999999], [36.3067038, 6.426370700000001], [36.3042295, 6.4247175], [36.300922199999995, 6.421138399999999], [36.2989152, 6.4197219], [36.2966242, 6.4188662999999995], [36.2946579, 6.4186216], [36.292835700000005, 6.417721600000001], [36.2908726, 6.416867700000001], [36.289986000000006, 6.416206899999999], [36.2879761, 6.415352699999999], [36.285781899999996, 6.4139352], [36.2832124, 6.412609400000001], [36.2808808, 6.410581999999999], [36.2788764, 6.408696899999999], [36.2767328, 6.4065767000000005], [36.2751022, 6.404881], [36.2741691, 6.4041730999999995], [36.2730964, 6.4031849], [36.27207130000001, 6.4022406], [36.2711878, 6.4010174], [36.2699788, 6.399324000000001], [36.2689361, 6.3974465], [36.267718800000004, 6.3938035], [36.2667901, 6.392261499999999], [36.2661188, 6.3916581], [36.263948899999995, 6.390971700000001], [36.2627896, 6.3905157], [36.26140389999999, 6.390358299999999], [36.26005729999999, 6.3899013], [36.2597206, 6.3896084], [36.25973319999999, 6.389573699999999], [36.25863719999999, 6.389212499999999], [36.2566388, 6.3884821999999994], [36.2543972, 6.3871807], [36.2524854, 6.3861462], [36.25131830000001, 6.3855147], [36.2488027, 6.3850213999999985], [36.2469432, 6.385161399999999], [36.244690899999995, 6.385899099999999], [36.2444391, 6.3859335999999995], [36.2443433, 6.385946700000001], [36.242582999999996, 6.3866401999999995], [36.240351499999996, 6.387858399999999], [36.2393342, 6.3882153], [36.237173999999996, 6.3892346], [36.2350559, 6.391144499999999], [36.2334965, 6.3936665999999995], [36.230442499999995, 6.395384], [36.228931499999995, 6.397625199999999], [36.2271246, 6.399010499999999], [36.22516849999999, 6.400510199999999], [36.222629, 6.402370899999999], [36.220987199999996, 6.4027838], [36.219951200000004, 6.403809100000001], [36.219716000000005, 6.4052633000000005], [36.2161036, 6.4068152], [36.2151987, 6.408424], [36.214435, 6.410428], [36.212841399999995, 6.4167308], [36.2120427, 6.420242099999999], [36.2109094, 6.421238799999999], [36.2079425, 6.4241279], [36.204791300000004, 6.426453700000001], [36.2032378, 6.4278509999999995], [36.2026682, 6.429206799999999], [36.201356600000004, 6.4290399], [36.19678789999999, 6.4352187], [36.1943312, 6.438683599999999], [36.1938935, 6.4404518], [36.191637199999995, 6.441845100000001], [36.18697499999999, 6.4432331], [36.1826842, 6.441237199999999], [36.180144899999995, 6.440147400000001], [36.17229229999999, 6.4372352], [36.1705742, 6.436759499999999], [36.16911290000001, 6.436503699999999], [36.164862, 6.4357596], [36.1619224, 6.435779099999999], [36.1591623, 6.4355269999999996], [36.1575979, 6.436199900000001], [36.1558285, 6.436960999999999], [36.1529277, 6.437694799999999], [36.1518412, 6.437969599999999], [36.1486138, 6.437108200000001], [36.146873600000006, 6.437703399999999], [36.1461232, 6.437704900000001], [36.1428539, 6.4377118], [36.1415345, 6.4381932], [36.1384882, 6.438457299999999], [36.137645299999996, 6.4382836999999995], [36.137102999999996, 6.438172], [36.1363827, 6.4380237], [36.135096299999994, 6.4372094], [36.1337688, 6.4363690999999985], [36.132273399999995, 6.435751499999999], [36.129806099999996, 6.433020000000001], [36.1281004, 6.4326139], [36.1259145, 6.429302600000001], [36.125980799999994, 6.4271637], [36.1253473, 6.426247599999999], [36.12320959999999, 6.423236800000001], [36.121164199999996, 6.4204607], [36.1200208, 6.4191667999999975], [36.1184181, 6.417352800000001], [36.1175324, 6.4165981], [36.115100500000004, 6.4159284], [36.1138642, 6.4155555], [36.113043, 6.415307699999999], [36.1114045, 6.4151579], [36.109234199999996, 6.415547000000001], [36.106951200000005, 6.413579899999999], [36.1041047, 6.410303299999999], [36.102553, 6.4085171], [36.100092599999996, 6.4062442], [36.10022119999999, 6.4048802], [36.0971458, 6.402051499999999], [36.095593699999995, 6.4003008], [36.0955738, 6.397182700000001], [36.09511930000001, 6.391980899999999], [36.0942456, 6.390155199999998], [36.0933638, 6.3884319], [36.0922943, 6.3870670999999986], [36.0909887, 6.3860288999999995], [36.089305599999996, 6.385504], [36.0876707, 6.384745], [36.086409599999996, 6.384128800000001], [36.085485299999995, 6.383622699999999], [36.084075, 6.3828505], [36.0828132, 6.3823748], [36.0823472, 6.381950400000001], [36.081274, 6.381241499999999], [36.080389999999994, 6.3802056999999985], [36.078949599999994, 6.3781828], [36.0774647, 6.375737900000001], [36.0761207, 6.373247], [36.0756127, 6.371979100000001], [36.074942899999996, 6.369731600000001], [36.0746475, 6.368740600000001], [36.073678099999995, 6.366251899999999], [36.0730812, 6.364139999999999], [36.0726206, 6.3627786], [36.072158699999996, 6.3616515], [36.0715171, 6.3591646], [36.0707784, 6.357286200000001], [36.0698939, 6.3563440999999985], [36.0688716, 6.354932699999999], [36.06756540000001, 6.354035100000001], [36.066492499999995, 6.3532793], [36.0652332, 6.3523819], [36.0639256, 6.351718599999999], [36.0621948, 6.3513807], [36.0607915, 6.351091699999999], [36.058551300000005, 6.3497202], [36.056312, 6.348208100000001], [36.054723300000006, 6.347589999999999], [36.0527088, 6.347719099999999], [36.05026569999999, 6.349110800000001], [36.0481985, 6.350270299999999], [36.04543399999999, 6.3505356], [36.0442841, 6.3504838999999995], [36.0430462, 6.350428300000001], [36.0408525, 6.3491507], [36.039921, 6.3482552000000005], [36.0391313, 6.347126200000001], [36.0380695, 6.3444495000000005], [36.03682390000001, 6.3411627], [36.03567090000001, 6.3380638], [36.035120199999994, 6.336092799999999], [36.0347143, 6.333373000000001], [36.0353332, 6.3315961], [36.0366109, 6.329260800000001], [36.038078299999995, 6.3265047999999995], [36.0394903, 6.3252478], [36.0409925, 6.324600500000001], [36.0417446, 6.3240894], [36.0426862, 6.3232045], [36.0446202, 6.3207323], [36.04570150000001, 6.3199888], [36.047021199999996, 6.318497], [36.0485723, 6.317475], [36.0512975, 6.3158506], [36.05298779999999, 6.3150636], [36.0556177, 6.313719799999999], [36.0570307, 6.3122753000000005], [36.0586815, 6.3101762], [36.0590718, 6.307413999999999], [36.0584717, 6.305864499999999], [36.0581479, 6.305159799999998], [36.056800499999994, 6.3032781], [36.054658499999995, 6.3011574999999995], [36.052464799999996, 6.2998801], [36.051110099999995, 6.2993102], [36.0488217, 6.298219599999999], [36.0470051, 6.296522599999999], [36.045888999999995, 6.295157499999999], [36.0445899, 6.2930418], [36.043567599999996, 6.2881447999999995], [36.041985, 6.283377300000001], [36.0419337, 6.279496999999999], [36.0408533, 6.2764893], [36.0404263, 6.2743639], [36.0393921, 6.271332999999999], [36.0364298, 6.2695096], [36.0350536, 6.271068199999999], [36.034659100000006, 6.272135], [36.031939400000006, 6.274389], [36.0290076, 6.275324100000001], [36.027033599999996, 6.2750933], [36.0250649, 6.273910799999999], [36.0224462, 6.2712604999999995], [36.0204185, 6.2675886], [36.0188565, 6.265694900000001], [36.0149724, 6.2650633], [36.0101695, 6.265322699999999], [36.0080147, 6.264645799999999], [36.0075682, 6.264505600000001], [36.0064498, 6.2641542], [36.004198599999995, 6.263065699999999], [36.0030372, 6.2631199], [36.001795200000004, 6.2623109], [36.0000175, 6.261766199999999], [35.9981438, 6.2607998], [35.9970873, 6.260323799999999], [35.9949575, 6.2590642], [35.992205, 6.257712], [35.9888854, 6.255109999999999], [35.9855304, 6.253333800000001], [35.981414699999995, 6.2498486], [35.979807199999996, 6.2490147], [35.9777634, 6.246170600000001], [35.9767649, 6.2453402], [35.97570100000001, 6.2434339], [35.97366890000001, 6.2416654000000005], [35.9722486, 6.2398337999999995], [35.970399799999996, 6.237449600000001], [35.9693123, 6.2360472], [35.96910489999999, 6.2346455999999995], [35.9684118, 6.234056099999999], [35.9681509, 6.2338341999999995], [35.967285, 6.2330977999999995], [35.9644471, 6.230748999999999], [35.961241099999995, 6.2283048], [35.9591946, 6.228000199999999], [35.95781029999999, 6.2270406], [35.9567215, 6.2255703], [35.9567927, 6.2239876999999995], [35.95557120000001, 6.2218355], [35.95604369999999, 6.21965], [35.956081, 6.2194774], [35.956725299999995, 6.217772699999999], [35.9580214, 6.215737299999999], [35.9583108, 6.2139907], [35.9613357, 6.2118347], [35.9651502, 6.2099533], [35.9672458, 6.208243299999999], [35.9676166, 6.207211], [35.96769049999999, 6.205638], [35.9677919, 6.2034807999999995], [35.967714400000006, 6.2013222], [35.966317, 6.195884599999999], [35.9660103, 6.194691199999999], [35.9646021, 6.1915471], [35.963759599999996, 6.189666], [35.9629283, 6.1870343], [35.9620694, 6.184314999999999], [35.962050399999995, 6.1842551], [35.9616967, 6.183135], [35.9622715, 6.1807111], [35.9636669, 6.1789042], [35.965097099999994, 6.1774568], [35.9661478, 6.1768925999999995], [35.9705352, 6.1745365], [35.975441499999995, 6.1708301], [35.976365, 6.170066399999999], [35.9771332, 6.167922], [35.9777425, 6.1662211], [35.9766699, 6.1651451], [35.9742604, 6.164399400000001], [35.971408, 6.1643832000000005], [35.968334, 6.164731699999999], [35.966060399999996, 6.1658168], [35.9612918, 6.1683518], [35.9595343, 6.168707700000001], [35.9561728, 6.1681761], [35.95288910000001, 6.1668397], [35.9504158, 6.164483], [35.9491051, 6.1634507], [35.94713999999999, 6.161755800000001], [35.9454687, 6.159842999999999], [35.94373919999999, 6.1590783], [35.9424728, 6.1569156000000005], [35.9422548, 6.154717300000001], [35.9407463, 6.151660899999999], [35.9395992, 6.149337], [35.9390808, 6.148286599999999], [35.9384868, 6.1470832], [35.9365721, 6.1436261], [35.9346077, 6.1406751], [35.9343958, 6.1393562], [35.9337514, 6.136936899999999], [35.93332850000001, 6.1341528], [35.9339291, 6.1314478], [35.934593099999994, 6.1304267999999995], [35.93554799999999, 6.1297002], [35.937023599999996, 6.128641600000001], [35.9392932, 6.1270131999999995], [35.94128119999999, 6.1265594], [35.9427351, 6.126227600000001], [35.944243199999995, 6.1259295], [35.947054900000005, 6.125373799999999], [35.94911140000001, 6.1238482], [35.9494446, 6.1234603], [35.95036290000001, 6.1223913], [35.9510402, 6.1190279], [35.9507656, 6.1158785999999985], [35.94941139999999, 6.114109], [35.9485151, 6.112937700000001], [35.9455429, 6.1083091], [35.9451921, 6.1056718000000005], [35.94514710000001, 6.104114600000001], [35.94509, 6.1021426000000005], [35.947708399999996, 6.1004155], [35.9492528, 6.0988869999999995], [35.951231099999994, 6.0982394], [35.9525335, 6.0977889], [35.9551879, 6.0968709], [35.95709009999999, 6.096735300000001], [35.95936, 6.096235699999999], [35.961042000000006, 6.0962452], [35.9646973, 6.0964854], [35.96593759999999, 6.0970048], [35.967394, 6.097013], [35.9690822, 6.097022499999999], [35.9698135, 6.097026599999999], [35.9716356, 6.098134900000001], [35.9733197, 6.097778399999999], [35.9761813, 6.0961108], [35.976771600000006, 6.0951624], [35.97809540000001, 6.093852200000001], [35.9798571, 6.092690799999999], [35.9816931, 6.0913102], [35.9849946, 6.089425299999999], [35.987194699999996, 6.088339499999999], [35.9897583, 6.0876218], [35.9923462, 6.0864519999999995], [35.9932776, 6.0860309], [35.994821, 6.0846485999999995], [35.9949296, 6.083187100000001], [35.9949879, 6.081125999999999], [35.99420620000001, 6.0779850999999985], [35.993794199999996, 6.0769495], [35.991984699999996, 6.0740815], [35.9904975, 6.072199199999999], [35.9892895, 6.0705995], [35.988640499999995, 6.069471500000001], [35.9878025, 6.068670299999999], [35.9864983, 6.0675386], [35.9858046, 6.066035499999999], [35.9851057, 6.0654694], [35.98454979999999, 6.0644356], [35.984846499999996, 6.061579300000001], [35.983964500000006, 6.060262600000001], [35.9838392, 6.0575445], [35.983242, 6.0555265999999985], [35.98212970000001, 6.053552699999999], [35.982138299999995, 6.0520065999999995], [35.982507, 6.051009], [35.9832787, 6.048920799999999], [35.9850201, 6.0471501], [35.9861974, 6.045844799999999], [35.9870026, 6.0441158], [35.9886949, 6.042766500000001], [35.9901912, 6.041127999999999], [35.9918026, 6.0393636], [35.99425240000001, 6.0364255], [35.994492099999995, 6.0341258], [35.9946478, 6.0326327], [35.995162799999996, 6.029834600000001], [35.995371399999996, 6.028701099999999], [35.996455499999996, 6.027270599999999], [35.9967857, 6.0268349], [35.998857699999995, 6.0245036999999995], [35.9995258, 6.0221648000000005], [35.99929919999999, 6.0208048], [35.999265799999996, 6.0193544999999995], [35.9992236, 6.017524799999999], [35.999566699999995, 6.0147156], [36.000002699999996, 6.0120005999999995], [36.000541999999996, 6.0111707999999995], [36.0017018, 6.0093862], [36.0039601, 6.007196500000001], [36.0055183, 6.004674999999999], [36.007503, 6.001171999999999], [36.00783919999999, 5.9995809], [36.0085535, 5.9973358999999995], [36.0083366, 5.9941956], [36.0073283, 5.9903013000000005], [36.0072566, 5.988690799999999], [36.007161499999995, 5.986552199999999], [36.0066494, 5.9845599], [36.006245, 5.9829865], [36.006432499999995, 5.982824000000001], [36.0058575, 5.982075399999999], [36.004845599999996, 5.978849100000001], [36.00441999999999, 5.9774921999999995], [36.0031574, 5.974374000000001], [36.0003391, 5.9716134], [35.99714869999999, 5.9700403999999985], [35.9948669, 5.9694788999999995], [35.993318699999996, 5.9684638], [35.991674599999996, 5.968271800000001], [35.9899481, 5.966432200000001], [35.9888644, 5.9640471], [35.9885083, 5.962306600000001], [35.987874999999995, 5.9611135], [35.9877976, 5.9585509], [35.9889023, 5.9570928], [35.99009589999999, 5.9560927999999995], [35.9896404, 5.9558158], [35.98872550000001, 5.955993800000001], [35.9881752, 5.9563568], [35.986619999999995, 5.9566228], [35.9850719, 5.9556078], [35.9829789, 5.953949199999999], [35.9806112, 5.9523806], [35.9777102, 5.9480640000000005], [35.9773552, 5.9461404], [35.9773642, 5.9444932999999995], [35.97810779999999, 5.9422098], [35.97959759999999, 5.940471], [35.98068310000001, 5.9392042], [35.9826127, 5.937293099999999], [35.9837559, 5.9363497], [35.984816, 5.935474999999999], [35.985551099999995, 5.9347469], [35.987202499999995, 5.933566300000001], [35.9883975, 5.9322916999999995], [35.9888708, 5.929274599999999], [35.9890484, 5.9275333], [35.9896415, 5.9260138], [35.9898281, 5.9239651], [35.9894311, 5.9216789], [35.9897406, 5.9185181], [35.989465599999996, 5.915295599999999], [35.9885252, 5.912418700000001], [35.9878547, 5.910367399999999], [35.9867875, 5.9086177], [35.986678999999995, 5.9084399], [35.985883599999994, 5.9071356999999995], [35.98466680000001, 5.9050208], [35.9835676, 5.9027894], [35.9831697, 5.9006789], [35.983526299999994, 5.8996267], [35.985639899999995, 5.8981154999999985], [35.9871659, 5.8971281], [35.98769670000001, 5.896311100000001], [35.9872376, 5.8946688], [35.98568890000001, 5.8924881], [35.9848578, 5.8913178], [35.9822365, 5.889371], [35.980776, 5.889070200000001], [35.977105200000004, 5.8865321], [35.976418599999995, 5.8837173], [35.9765546, 5.8802042000000005], [35.9770086, 5.8785034], [35.97756929999999, 5.8764031], [35.9776939, 5.8749981999999985], [35.9760719, 5.8721198], [35.974266899999996, 5.8706458999999995], [35.971102, 5.8719171999999995], [35.9699915, 5.871794100000001], [35.9684233, 5.869794399999999], [35.9682599, 5.867568100000001], [35.968796600000005, 5.8656384], [35.969274899999995, 5.8637084], [35.9695803, 5.861309], [35.9703645, 5.858940200000001], [35.9712448, 5.856281500000001], [35.97255469999999, 5.8519549], [35.9738114, 5.8466324], [35.9741735, 5.844296600000001], [35.974128400000005, 5.842066099999999], [35.9734358, 5.840364], [35.9720358, 5.8397123], [35.9688217, 5.839284999999999], [35.9658933, 5.839382], [35.9642596, 5.8394360999999995], [35.9628011, 5.838784], [35.961931899999996, 5.8373152], [35.9608938, 5.8346157000000005], [35.9609592, 5.8333277], [35.9609652, 5.832215], [35.9608596, 5.8301061999999995], [35.9611993, 5.8276167999999995], [35.96269879999999, 5.8258886], [35.963225699999995, 5.8250825], [35.9648134, 5.823451299999999], [35.9654368, 5.8216467], [35.965823199999996, 5.820528599999999], [35.96367719999999, 5.817237500000001], [35.96240519999999, 5.8145367], [35.962412799999996, 5.8131313], [35.963252499999996, 5.811588499999999], [35.963908399999994, 5.8103836], [35.964777, 5.808787999999999], [35.9654643, 5.806215000000001], [35.9658025, 5.804949000000001], [35.9660899, 5.8034881], [35.966567399999995, 5.801675200000001], [35.9669251, 5.800388699999999], [35.965800300000005, 5.797871499999999], [35.96509029999999, 5.796282499999999], [35.9642651, 5.7948109], [35.9632824, 5.7926974], [35.962302099999995, 5.790115299999999], [35.9620922, 5.7861823], [35.9620363, 5.785136], [35.9621868, 5.7837065], [35.962282699999996, 5.7827948], [35.962553199999995, 5.7819195], [35.96298540000001, 5.780520500000001], [35.9630711, 5.780243], [35.9640295, 5.7776923], [35.9646572, 5.7761313], [35.9651121, 5.7752322], [35.9655436, 5.7743792], [35.9670128, 5.772981499999999], [35.96880410000001, 5.7714718], [35.9702433, 5.7702462], [35.9721227, 5.768675], [35.973065399999996, 5.7673331], [35.975669800000006, 5.764820099999999], [35.97729390000001, 5.7628283], [35.9780083, 5.7619522000000005], [35.9782983, 5.760564899999999], [35.9785001, 5.759599700000001], [35.9772766, 5.756052599999999], [35.976764599999996, 5.753355900000001], [35.977080599999994, 5.7514429], [35.977187, 5.7504238999999995], [35.977377, 5.7486052999999995], [35.9775006, 5.746859199999999], [35.97772119999999, 5.7453552000000006], [35.9784103, 5.7406563], [35.9783107, 5.7373761000000005], [35.9778513, 5.7357925], [35.97599239999999, 5.733498700000001], [35.9758916, 5.7306918], [35.9757884, 5.727816899999999], [35.97393290000001, 5.724878899999999], [35.9727862, 5.723578799999999], [35.970937199999995, 5.722023], [35.96936590000001, 5.720851700000001], [35.9683225, 5.720073999999999], [35.966830699999996, 5.719043500000001], [35.9656685, 5.7176904], [35.96451220000001, 5.715224699999999], [35.964006399999995, 5.714085399999999], [35.963183199999996, 5.7122309], [35.9615595, 5.7097041], [35.960061399999994, 5.7055381999999994], [35.9594291, 5.703485099999999], [35.95903469999999, 5.700672], [35.95927679999999, 5.6990921000000005], [35.95969099999999, 5.6981573], [35.9605732, 5.697166300000001], [35.9620378, 5.6965884], [35.9640255, 5.696598900000001], [35.9649772, 5.696866000000001], [35.967002799999996, 5.6974345], [35.9695192, 5.6969791999999995], [35.9702859, 5.6956948999999994], [35.970234500000004, 5.694347599999999], [35.969245, 5.693522499999999], [35.96752, 5.6932873], [35.96374889999999, 5.6936107], [35.9616501, 5.692487], [35.959497500000005, 5.6904845], [35.9590287, 5.6892682], [35.958344, 5.6874917], [35.9579446, 5.685615500000001], [35.9582455, 5.683977400000001], [35.959130099999996, 5.6825179], [35.96055739999999, 5.681914099999998], [35.961591, 5.6814767999999995], [35.963755899999995, 5.6811368], [35.965687700000004, 5.681827200000001], [35.967082, 5.682325500000001], [35.9681931, 5.6822728], [35.9678466, 5.6814510999999985], [35.9656848, 5.679675200000001], [35.9647614, 5.6789166], [35.96436070000001, 5.6772748], [35.9647822, 5.674934399999999], [35.9653176, 5.673180299999999], [35.96475289999999, 5.669370799999999], [35.9635405, 5.6664362], [35.96249470000001, 5.665200899999999], [35.9610957, 5.664432199999999], [35.958940000000005, 5.6630154], [35.957772999999996, 5.6625993], [35.957242199999996, 5.662482], [35.9561404, 5.660777899999999], [35.9553291, 5.6594267], [35.954956599999996, 5.658521], [35.954001399999996, 5.656198700000001], [35.9534814, 5.6550246999999985], [35.9515732, 5.651032399999999], [35.9485081, 5.651956800000001], [35.946274200000005, 5.6526306], [35.9432736, 5.653959100000001], [35.937088599999996, 5.6559387], [35.934691199999996, 5.6567059], [35.9287043, 5.6581183], [35.9231153, 5.6594367], [35.915154699999995, 5.6617211], [35.9133633, 5.662442399999999], [35.910085699999996, 5.663762199999999], [35.9087055, 5.6641971], [35.902942599999996, 5.6660128], [35.899435499999996, 5.6671176999999995], [35.895236800000006, 5.668239400000001], [35.8844463, 5.671121799999999], [35.8813452, 5.672017299999999], [35.877416000000004, 5.673152], [35.8744209, 5.673445999999999], [35.8728901, 5.6733591], [35.870396299999996, 5.6732173999999995], [35.8663746, 5.6724717999999985], [35.864297199999996, 5.672270300000001], [35.8567798, 5.6715408], [35.8548312, 5.671295799999999], [35.851622199999994, 5.670892299999999], [35.8473908, 5.6707659], [35.8442164, 5.6703117999999995], [35.8421306, 5.670013399999998], [35.8369742, 5.6691579999999995], [35.8315232, 5.6684777], [35.8283095, 5.6680765], [35.8261417, 5.6681164], [35.8231484, 5.668099899999999], [35.8172697, 5.667240400000001], [35.8158599, 5.667129300000001], [35.813039499999995, 5.666907], [35.811597899999995, 5.6662786], [35.8068524, 5.6658389], [35.80224289999999, 5.660947699999999], [35.8003874, 5.6589789], [35.7955687, 5.653110299999999], [35.79300719999999, 5.649684100000001], [35.7904446, 5.6464646], [35.7872651, 5.642828099999999], [35.784185799999996, 5.638807], [35.7799895, 5.633327200000001], [35.7772212, 5.630003199999999], [35.77414559999999, 5.6260368000000005], [35.7715849, 5.622734299999999], [35.7694394, 5.6203379999999985], [35.7675845, 5.6182662], [35.764509000000004, 5.6145269], [35.7621306, 5.6109808], [35.7610287, 5.609337900000001], [35.7600065, 5.6075745999999995], [35.75774579999999, 5.6058044], [35.75655100000001, 5.604233600000001], [35.7539549, 5.600820499999999], [35.7538427, 5.600657999999999], [35.7538535, 5.5989254], [35.7538816, 5.5944011], [35.7539022, 5.5910832], [35.7539312, 5.586396999999999], [35.754066300000005, 5.5806077], [35.754388399999996, 5.5783347999999995], [35.7547129, 5.5762960999999995], [35.7550915, 5.5739182], [35.7556845, 5.5701927], [35.7562054, 5.5669198], [35.7563302, 5.562991499999999], [35.75643660000001, 5.5597236], [35.756623499999996, 5.553981200000001], [35.7568264, 5.547743699999999], [35.7568675, 5.5460058000000005], [35.7569607, 5.5420578], [35.7570725, 5.533482800000001], [35.757138, 5.5284625], [35.757159099999996, 5.5245887], [35.7571718, 5.522259000000001], [35.7576008, 5.519262900000001], [35.7578302, 5.5150250000000005], [35.756927700000006, 5.5102123], [35.756842999999996, 5.506799799999999], [35.7561308, 5.5049349], [35.7561499, 5.501419600000001], [35.7561002, 5.4977399], [35.756039099999995, 5.4932108], [35.756002599999995, 5.4905107], [35.7560194, 5.487409], [35.7562604, 5.4809999000000005], [35.756022699999995, 5.4782569], [35.755632399999996, 5.4737545], [35.7553862, 5.4709143000000005], [35.755064399999995, 5.4687977], [35.75451640000001, 5.4651933999999995], [35.75419049999999, 5.463049900000001], [35.7546165, 5.460570700000001], [35.754745299999996, 5.455815299999999], [35.7550687, 5.4532321999999995], [35.754875399999996, 5.4508014], [35.755103399999996, 5.446770299999999], [35.7552474, 5.434945699999999], [35.755287800000005, 5.431624099999999], [35.75562660000001, 5.426146], [35.7559488, 5.4237697], [35.755761799999995, 5.4201499], [35.7557867, 5.4154973], [35.7560137, 5.4116212], [35.755616499999995, 5.408724100000001], [35.7552297, 5.4038625], [35.754731, 5.4006546], [35.7547431, 5.3983799999999995], [35.754585999999996, 5.3964151], [35.754259399999995, 5.392328900000001], [35.754176, 5.3886062], [35.7541953, 5.3849876], [35.75369039999999, 5.382917], [35.7542194, 5.3804384], [35.7541349, 5.3769225], [35.7541548, 5.376285399999999], [35.75425909999999, 5.3729425], [35.7551925, 5.372016899999999], [35.75592940000001, 5.3692291999999995], [35.7559343, 5.3682986999999995], [35.7557903, 5.367969199999999], [35.75609209999999, 5.367517899999999], [35.756471, 5.363641899999999], [35.7566595, 5.3617137999999995], [35.7567255, 5.3610393], [35.7567853, 5.3604278], [35.7569237, 5.359012099999999], [35.757041099999995, 5.3454339], [35.75375, 5.34694], [35.744367000000004, 5.352908799999998], [35.7343295, 5.359293999999999], [35.72624, 5.36444], [35.6639461, 5.3840309], [35.660068700000004, 5.3852503], [35.6514896, 5.3879484], [35.6185906, 5.3982947999999995], [35.6160863, 5.399082400000001], [35.5945523, 5.4058547], [35.57760109999999, 5.4111857], [35.57293839999999, 5.4126521], [35.570003899999996, 5.413575], [35.527919999999995, 5.42681], [35.504709999999996, 5.4313899999999995], [35.443709999999996, 5.425520000000001], [35.41909, 5.3984000000000005], [35.35284000000001, 5.35069], [35.32625, 5.35708]]]}}, {"type": "Feature", "properties": {"region": "Tigray", "source_region": "Tigray", "source_reg_pcode": "ET01", "analytical_region": true, "source_polygon_n": 75}, "geometry": {"type": "Polygon", "coordinates": [[[38.6692821, 13.514505900000001], [38.6690758, 13.5149701], [38.6667026, 13.520309], [38.666069199999995, 13.521734100000002], [38.6648302, 13.5267951], [38.6621503, 13.531181400000001], [38.669084399999996, 13.536098599999997], [38.6690695, 13.536119999999997], [38.6690691, 13.536120599999999], [38.6687407, 13.536591600000001], [38.6687404, 13.5365934], [38.6687115, 13.5366357], [38.668709799999995, 13.5366474], [38.6687085, 13.536656800000001], [38.6685622, 13.5376993], [38.6684108, 13.5387322], [38.6683053, 13.539452599999999], [38.6683039, 13.539487600000001], [38.6682982, 13.5395252], [38.6682292, 13.540362199999999], [38.66822379999999, 13.540428], [38.6675922, 13.5414456], [38.6673529, 13.541831199999999], [38.6673426, 13.5418564], [38.6664521, 13.542972299999999], [38.6661352, 13.543369599999998], [38.6660514, 13.5434746], [38.66584280000001, 13.543735999999999], [38.665842, 13.543738200000002], [38.665357500000006, 13.544345499999997], [38.6652279, 13.545759199999999], [38.66522769999999, 13.5457611], [38.665143, 13.545868099999998], [38.665129199999996, 13.545888699999999], [38.66507609999999, 13.546028999999999], [38.6650553, 13.5460842], [38.6650467, 13.5461069], [38.664905899999994, 13.546228499999998], [38.6644486, 13.546764299999998], [38.664447599999995, 13.546767699999998], [38.6637529, 13.5490421], [38.6637511, 13.549047600000002], [38.6635759, 13.5496218], [38.66357419999999, 13.549627599999997], [38.6635709, 13.549638799999999], [38.6635496, 13.5497118], [38.6634357, 13.550102599999999], [38.6633852, 13.550275500000001], [38.6633658, 13.550327], [38.663322099999995, 13.550442499999999], [38.6633166, 13.550457199999999], [38.663314799999995, 13.550461700000001], [38.66253849999999, 13.5529547], [38.662489199999996, 13.5531145], [38.6623802, 13.553464499999999], [38.6623698, 13.553491999999999], [38.661345, 13.556492700000002], [38.660869500000004, 13.557884999999999], [38.66078129999999, 13.558143299999996], [38.6607653, 13.558190199999999], [38.6604521, 13.558589000000001], [38.66044859999999, 13.558593499999997], [38.6587274, 13.560632199999999], [38.6583052, 13.561132299999999], [38.658014099999995, 13.5614771], [38.65589009999999, 13.5632687], [38.6557625, 13.563376300000002], [38.6554384, 13.563618199999997], [38.652303700000004, 13.565957200000001], [38.651658700000006, 13.5664385], [38.6516458, 13.566448500000002], [38.651422499999995, 13.566622999999998], [38.6492325, 13.568333999999998], [38.64892089999999, 13.568589899999997], [38.6489018, 13.5686056], [38.6488979, 13.5686088], [38.6474477, 13.5698], [38.647431499999996, 13.569813300000002], [38.6473418, 13.569886999999998], [38.64719759999999, 13.570126799999997], [38.6466067, 13.5711223], [38.64660389999999, 13.5711254], [38.6465499, 13.5712037], [38.64636479999999, 13.5715177], [38.64534, 13.573256], [38.645306999999995, 13.573312], [38.644832400000006, 13.5736981], [38.6448129, 13.5737264], [38.6435335, 13.5744966], [38.643176499999996, 13.5747115], [38.643077500000004, 13.574771100000001], [38.642910799999996, 13.574867], [38.642900299999994, 13.574872399999999], [38.6427793, 13.574950699999999], [38.6427651, 13.574959199999999], [38.642750199999995, 13.574969499999998], [38.6424112, 13.5751887], [38.6423367, 13.5752369], [38.642332599999996, 13.575239799999999], [38.64228609999999, 13.5752724], [38.6419661, 13.5754973], [38.6410394, 13.5761484], [38.6410115, 13.576168000000001], [38.640989499999996, 13.576183499999999], [38.640987599999995, 13.576184799999998], [38.6397633, 13.5779483], [38.639718699999996, 13.578115299999999], [38.6391567, 13.580224300000001], [38.6389457, 13.581016000000002], [38.63894529999999, 13.581015999999998], [38.6389417, 13.581029599999999], [38.63894069999999, 13.5810294], [38.638935499999995, 13.5810286], [38.6389056, 13.5811404], [38.638905199999996, 13.5811417], [38.6389029, 13.5811502], [38.6389085, 13.5811513], [38.6389089, 13.5811514], [38.6389093, 13.581151499999999], [38.63890269999999, 13.5811765], [38.638869, 13.581304399999999], [38.6387053, 13.5819242], [38.638582199999995, 13.5823903], [38.6385183, 13.5826324], [38.6383192, 13.583385999999999], [38.6382972, 13.583478800000002], [38.63811369999999, 13.5842493], [38.6378291, 13.585443500000002], [38.6374189, 13.587743099999999], [38.6373756, 13.589759400000002], [38.6373907, 13.5917984], [38.63731999999999, 13.593703099999999], [38.6373112, 13.593940199999999], [38.6371765, 13.595381999999999], [38.6370747, 13.596471699999999], [38.637022, 13.597103], [38.636901699999996, 13.598543199999998], [38.6367379, 13.598980999999998], [38.636435500000005, 13.599788799999999], [38.6360811, 13.600735900000002], [38.6358862, 13.601191199999999], [38.6351673, 13.602870699999999], [38.633918, 13.603540299999999], [38.633874999999996, 13.603563299999998], [38.633872600000004, 13.6035645], [38.633374100000005, 13.603831099999999], [38.631909500000006, 13.605318599999997], [38.6314913, 13.6059555], [38.630889700000004, 13.606872399999999], [38.6307541, 13.607079], [38.6293131, 13.608577799999999], [38.6273765, 13.6099313], [38.626614599999996, 13.6105325], [38.626062999999995, 13.6109669], [38.625336999999995, 13.611538799999998], [38.6236204, 13.612602099999998], [38.621916899999995, 13.613791899999999], [38.6209973, 13.615818199999998], [38.6211801, 13.6171285], [38.621257799999995, 13.6176847], [38.6213212, 13.618140300000002], [38.620671699999995, 13.6196086], [38.620416, 13.620186899999998], [38.6199685, 13.622148399999999], [38.619496999999996, 13.623734599999999], [38.619357300000004, 13.624204599999999], [38.618437199999995, 13.625986699999999], [38.61823549999999, 13.6263277], [38.6173644, 13.627803699999998], [38.6171327, 13.6281503], [38.6169262, 13.628458499999999], [38.6162083, 13.629530799999998], [38.616185400000006, 13.629565099999999], [38.6153592, 13.6309088], [38.6151179, 13.6313017], [38.6149038, 13.631649500000002], [38.61355950000001, 13.633366599999999], [38.6118483, 13.6349135], [38.610512799999995, 13.635864199999999], [38.610144899999995, 13.6361259], [38.608949599999995, 13.636994300000001], [38.608348500000005, 13.637431899999997], [38.6064116, 13.638785100000002], [38.6047602, 13.640423600000002], [38.6044061, 13.6410775], [38.604037999999996, 13.641757299999998], [38.6037009, 13.6423796], [38.6023442, 13.644193699999999], [38.601305399999994, 13.645798099999999], [38.600434899999996, 13.6478222], [38.598886900000004, 13.649251699999999], [38.59667460000001, 13.650204299999999], [38.5962544, 13.6502647], [38.5939019, 13.650602199999998], [38.593871, 13.6506002], [38.5938609, 13.6505995], [38.593853200000005, 13.650599000000001], [38.5937937, 13.650595199999998], [38.593775900000004, 13.650597699999997], [38.59373499999999, 13.650595099999999], [38.593705899999996, 13.6505993], [38.59026359999999, 13.6503774], [38.589355999999995, 13.650318900000002], [38.5873321, 13.6502552], [38.58731160000001, 13.650256299999999], [38.5847769, 13.650392600000002], [38.581995899999995, 13.650659199999998], [38.57951999999999, 13.650822199999999], [38.5780373, 13.651075100000002], [38.5771474, 13.651226199999998], [38.5750683, 13.651962999999999], [38.573065299999996, 13.653228799999999], [38.57304979999999, 13.653201399999999], [38.5730066, 13.6532287], [38.573006299999996, 13.6532281], [38.57204529999999, 13.655306399999999], [38.5717048, 13.656338199999999], [38.571366399999995, 13.6573634], [38.570381399999995, 13.6583429], [38.56959630000001, 13.659123600000001], [38.56782630000001, 13.6607899], [38.5662088, 13.662824899999997], [38.5643777, 13.664239000000002], [38.5617265, 13.665689], [38.5592964, 13.6675394], [38.5574577, 13.669103800000002], [38.5558364, 13.670298899999999], [38.5538909, 13.6715184], [38.5527936, 13.672079100000001], [38.5520218, 13.672473499999999], [38.5498892, 13.673680099999999], [38.548104099999996, 13.6747167], [38.5459905, 13.6762692], [38.54444549999999, 13.6776938], [38.54215670000001, 13.679706], [38.540444, 13.6816265], [38.538284700000006, 13.682868000000001], [38.536136899999995, 13.683798699999999], [38.5339053, 13.6846049], [38.5326031, 13.685609000000001], [38.5304456, 13.687272499999999], [38.52999419999999, 13.686629499999999], [38.52992270000001, 13.686527499999999], [38.52913329999999, 13.6854029], [38.5271341, 13.684960499999999], [38.5246471, 13.684417799999999], [38.52237710000001, 13.6840359], [38.519867, 13.6843215], [38.516495, 13.685582], [38.51466, 13.6866917], [38.5128252, 13.6879957], [38.5107843, 13.689577499999999], [38.509517699999996, 13.6911302], [38.50803, 13.6932023], [38.5066528, 13.695228399999998], [38.5051766, 13.696886900000003], [38.50314339999999, 13.6971224], [38.5007629, 13.696451900000001], [38.498740999999995, 13.696124599999997], [38.495986800000004, 13.6959065], [38.493560599999995, 13.696353599999997], [38.4917714, 13.697460999999997], [38.489734299999995, 13.698272800000002], [38.4871975, 13.699467900000002], [38.48471669999999, 13.700900599999999], [38.4845883, 13.7009747], [38.4828068, 13.702772600000001], [38.480956600000006, 13.704894699999997], [38.47989990000001, 13.708883400000003], [38.4796368, 13.710899099999999], [38.47910650000001, 13.713112200000001], [38.478209899999996, 13.715363899999998], [38.47621109999999, 13.7179581], [38.4743648, 13.7193195], [38.4723124, 13.719463200000002], [38.46968009999999, 13.7195661], [38.4664988, 13.7202261], [38.4639887, 13.7207191], [38.4617875, 13.721611699999997], [38.4603215, 13.723139999999997], [38.4595176, 13.723977999999999], [38.4570418, 13.7258747], [38.4532385, 13.7300018], [38.4512243, 13.7322273], [38.449461899999996, 13.7339108], [38.447997199999996, 13.735349699999997], [38.44600189999999, 13.736977300000001], [38.443812400000006, 13.737847100000002], [38.441328899999995, 13.7378562], [38.43959340000001, 13.739389399999999], [38.437068, 13.739524899999997], [38.434965899999995, 13.7410504], [38.4322546, 13.742468100000002], [38.4322154, 13.7424886], [38.4292819, 13.744272099999998], [38.4273897, 13.745611499999999], [38.425459599999996, 13.746731599999999], [38.423483399999995, 13.747876399999997], [38.421034299999995, 13.748688999999999], [38.417505899999995, 13.7498572], [38.4148317, 13.7517666], [38.4125389, 13.7541098], [38.4108148, 13.756136600000001], [38.409056099999994, 13.757773499999999], [38.4073165, 13.7592499], [38.40593940000001, 13.7616879], [38.4048295, 13.763687899999999], [38.403952000000004, 13.7658118], [38.40251, 13.768802200000001], [38.401186300000006, 13.770632199999996], [38.39938559999999, 13.773360699999998], [38.3983442, 13.776579199999997], [38.397646300000005, 13.778633399999999], [38.3962079, 13.7809344], [38.39477749999999, 13.7824996], [38.3931906, 13.784007900000002], [38.39083309999999, 13.784647399999999], [38.3863393, 13.785789099999999], [38.3838863, 13.7861424], [38.38091079999999, 13.786086300000001], [38.3788738, 13.786850800000002], [38.3758067, 13.788417500000001], [38.3730373, 13.7917061], [38.3719882, 13.794256599999999], [38.3714807, 13.796481799999999], [38.370736799999996, 13.799088399999999], [38.370275299999996, 13.801254899999998], [38.36855859999999, 13.803914399999998], [38.3670288, 13.805329999999998], [38.36415639999999, 13.806192899999997], [38.361547099999996, 13.8063986], [38.3583122, 13.805964099999999], [38.3545699, 13.805625399999998], [38.3514954, 13.804903], [38.3488058, 13.8049807], [38.346356799999995, 13.805967599999999], [38.3442778, 13.806145100000002], [38.34227500000001, 13.8055623], [38.338967499999995, 13.8066011], [38.3377851, 13.8046212], [38.335046, 13.804526800000001], [38.333104299999995, 13.8039903], [38.3311244, 13.8035227], [38.3284314, 13.803487100000002], [38.325169700000004, 13.8043292], [38.32297620000001, 13.804852099999996], [38.320935299999995, 13.8052601], [38.3199879, 13.805351299999998], [38.3154075, 13.8057929], [38.315983599999996, 13.803645999999999], [38.3148927, 13.8009101], [38.3148546, 13.7987016], [38.3140877, 13.796513700000002], [38.312836399999995, 13.7942396], [38.309803699999996, 13.790708299999999], [38.308354300000005, 13.788703799999997], [38.3072173, 13.7870256], [38.30576010000001, 13.7852268], [38.3037651, 13.7833631], [38.302239, 13.7816104], [38.3007741, 13.779879300000001], [38.2993398, 13.7781019], [38.2975545, 13.7762365], [38.295490699999995, 13.7746043], [38.29322479999999, 13.7725499], [38.2903562, 13.7696043], [38.287247199999996, 13.7690539], [38.284698899999995, 13.769291800000001], [38.2822575, 13.7683884], [38.2796139, 13.767489], [38.2771648, 13.767034299999999], [38.2746049, 13.7662706], [38.272026200000006, 13.764840099999999], [38.2699205, 13.7636811], [38.2682763, 13.762480499999999], [38.2663881, 13.7609152], [38.26495759999999, 13.7593332], [38.2631569, 13.756984899999999], [38.2612533, 13.7560299], [38.259327000000006, 13.75512], [38.257163999999996, 13.754507700000001], [38.255939500000004, 13.7526911], [38.25473769999999, 13.750746999999999], [38.252681300000006, 13.7484216], [38.2500725, 13.746312699999999], [38.24800090000001, 13.744503700000003], [38.24641789999999, 13.7430466], [38.2448424, 13.7415884], [38.242954, 13.740473900000001], [38.24029900000001, 13.7396203], [38.2381399, 13.7394724], [38.235438900000005, 13.738411800000002], [38.233790899999995, 13.7367838], [38.23241389999999, 13.7349271], [38.23095670000001, 13.732877], [38.2287669, 13.730372399999998], [38.22707319999999, 13.728883199999999], [38.2242502, 13.7273452], [38.221469400000004, 13.7274958], [38.2184405, 13.728288699999997], [38.216239099999996, 13.728797099999998], [38.2137788, 13.7287746], [38.2110702, 13.728392999999997], [38.208644099999994, 13.7282665], [38.20645450000001, 13.728600799999999], [38.2035893, 13.729872], [38.203055500000005, 13.730108800000002], [38.201281699999996, 13.731095400000001], [38.1993741, 13.732225], [38.197314399999996, 13.733118000000001], [38.195342000000004, 13.733836000000002], [38.1942593, 13.733356599999999], [38.193140899999996, 13.7328614], [38.190649799999996, 13.7317016], [38.1883306, 13.731064499999999], [38.1857859, 13.730354199999997], [38.1834895, 13.7296471], [38.1809717, 13.730212899999998], [38.179022499999995, 13.731561500000002], [38.1787594, 13.7321577], [38.177603500000004, 13.734777699999999], [38.17671070000001, 13.7365932], [38.1739716, 13.7372599], [38.1710649, 13.736941599999998], [38.1701548, 13.7372401], [38.167616300000006, 13.738072599999999], [38.1654457, 13.7389005], [38.1638176, 13.7392925], [38.1624511, 13.7396215], [38.16121999999999, 13.739768699999999], [38.158949199999995, 13.7400402], [38.156400999999995, 13.7416883], [38.1563454, 13.741789899999997], [38.1549743, 13.7442941], [38.153501899999995, 13.745775299999998], [38.1501944, 13.747002499999999], [38.1478178, 13.7469525], [38.1470576, 13.7471157], [38.142785800000006, 13.748032599999998], [38.142625900000006, 13.7480669], [38.142589, 13.7479965], [38.141050299999996, 13.7450552], [38.1389369, 13.7445133], [38.135950099999995, 13.743312800000002], [38.1339208, 13.743101099999999], [38.13112429999999, 13.7432755], [38.128850799999995, 13.7431183], [38.126104299999994, 13.7432555], [38.1222016, 13.7439401], [38.1182458, 13.745122799999999], [38.1153542, 13.745471899999998], [38.1116616, 13.7454597], [38.10834639999999, 13.745248899999998], [38.1053938, 13.7446121], [38.1034141, 13.743949399999998], [38.1009725, 13.743096300000001], [38.098573099999996, 13.7419212], [38.096306999999996, 13.741672200000002], [38.0938314, 13.742442899999999], [38.0906155, 13.743251599999999], [38.0863848, 13.7439717], [38.0838368, 13.7447104], [38.0810404, 13.7454696], [38.078828, 13.7460332], [38.076135, 13.7479078], [38.07519630000001, 13.748561299999999], [38.0732545, 13.750114700000001], [38.0707026, 13.751002500000002], [38.0698639, 13.7511658], [38.0684366, 13.7514437], [38.065659399999994, 13.7520638], [38.0628287, 13.7527549], [38.0606467, 13.753571599999999], [38.058521899999995, 13.754017800000002], [38.056423900000006, 13.7538425], [38.05268529999999, 13.7529693], [38.0504576, 13.7525674], [38.047184599999994, 13.7521954], [38.04486130000001, 13.7523491], [38.04229409999999, 13.7532139], [38.0394214, 13.7537113], [38.0372738, 13.753583099999998], [38.0337104, 13.7521475], [38.0300678, 13.749594900000002], [38.028282499999996, 13.747211199999997], [38.0269092, 13.7450653], [38.0254937, 13.743082], [38.023655, 13.7407704], [38.02163339999999, 13.7396368], [38.0188026, 13.739120400000001], [38.0162009, 13.7396536], [38.013946499999996, 13.7407137], [38.0124169, 13.742827700000001], [38.0120551, 13.7441553], [38.011673, 13.745557400000001], [38.011795000000006, 13.7482543], [38.0127145, 13.7507737], [38.01305779999999, 13.753693], [38.0115853, 13.7555179], [38.0089417, 13.757466899999999], [38.006248400000004, 13.759934500000002], [38.004462999999994, 13.762185200000001], [38.0022543, 13.7647371], [38.0010833, 13.7665395], [38.0003126, 13.769154799999997], [38.000178999999996, 13.7715286], [38.0002935, 13.774651599999999], [38.0001448, 13.7769339], [37.9998092, 13.778970099999999], [37.9991261, 13.781222999999999], [37.998225999999995, 13.7838548], [37.997794999999996, 13.786493], [37.9973866, 13.789200199999998], [37.9970243, 13.7915742], [37.9974858, 13.793984399999998], [37.9963988, 13.796709199999997], [37.99478119999999, 13.798153599999997], [37.9926181, 13.799269200000001], [37.990348399999995, 13.7991661], [37.989769800000005, 13.799337999999999], [37.9880559, 13.799847199999997], [37.986361900000006, 13.801095799999995], [37.9842487, 13.802303], [37.9817919, 13.803386799999998], [37.9793124, 13.8042987], [37.979158999999996, 13.804405599999999], [37.9789921, 13.804521900000001], [37.9770008, 13.805909699999999], [37.975181, 13.8082064], [37.974562999999996, 13.8107081], [37.9751123, 13.813934600000001], [37.975829399999995, 13.816158199999999], [37.9748415, 13.818272999999996], [37.97342619999999, 13.8199453], [37.9714694, 13.821759999999998], [37.9697067, 13.8228025], [37.9675249, 13.824147199999999], [37.964358399999995, 13.827045], [37.9627944, 13.8283142], [37.9608194, 13.8283198], [37.959902899999996, 13.8283223], [37.9564849, 13.8282084], [37.9530402, 13.8281067], [37.94950379999999, 13.828201199999999], [37.94627270000001, 13.8282461], [37.943640699999996, 13.828400900000002], [37.940337099999994, 13.828503], [37.9383076, 13.828720299999999], [37.9361294, 13.8294793], [37.934050299999996, 13.830822999999999], [37.93205510000001, 13.832143300000002], [37.930163799999995, 13.833970899999999], [37.9288545, 13.8352359], [37.928204099999995, 13.835625199999999], [37.92642850000001, 13.8366877], [37.92416610000001, 13.837423600000001], [37.9221291, 13.838134499999999], [37.9202027, 13.839316], [37.9177822, 13.8411865], [37.917742399999995, 13.841217299999999], [37.9160027, 13.842579299999999], [37.914324300000004, 13.843759499999999], [37.9124015, 13.845320700000002], [37.91060110000001, 13.8473514], [37.9091018, 13.8503575], [37.90809479999999, 13.8530008], [37.9072135, 13.856529499999999], [37.9067709, 13.8591674], [37.9063398, 13.862863100000002], [37.9052261, 13.865301299999995], [37.9042226, 13.867232600000001], [37.903780399999995, 13.870951999999999], [37.903658199999995, 13.873012699999997], [37.903952, 13.8764596], [37.9033721, 13.879305999999998], [37.902628199999995, 13.8813029], [37.901316, 13.883065499999999], [37.899076699999995, 13.884870399999999], [37.898141900000006, 13.885189899999999], [37.8959867, 13.8859266], [37.89330479999999, 13.8858613], [37.8912182, 13.885457500000001], [37.889223099999995, 13.884545500000003], [37.8868467, 13.8831436], [37.884355600000006, 13.881881199999999], [37.8826389, 13.880829199999999], [37.879899800000004, 13.879545300000002], [37.8775651, 13.879052100000003], [37.8755167, 13.8786121], [37.873017899999994, 13.8779474], [37.87027150000001, 13.877308699999997], [37.8677767, 13.8762148], [37.86773449999999, 13.8761963], [37.8662393, 13.874692], [37.865205399999994, 13.8726316], [37.8647401, 13.8694291], [37.86431519999999, 13.866953299999999], [37.864263199999996, 13.8666504], [37.86254639999999, 13.865287400000001], [37.8596359, 13.8647179], [37.85701890000001, 13.8649972], [37.8542075, 13.8658655], [37.851746999999996, 13.868053099999997], [37.851608899999995, 13.8684566], [37.8509496, 13.870384099999999], [37.851720199999995, 13.8722625], [37.8509763, 13.8742942], [37.8497683, 13.876126699999999], [37.849748, 13.8761575], [37.8469901, 13.8777492], [37.8447239, 13.8776922], [37.8415806, 13.8774581], [37.8394901, 13.8786291], [37.8365414, 13.8766578], [37.833974, 13.8760512], [37.8316204, 13.875831999999999], [37.829014699999995, 13.874904199999998], [37.8272567, 13.8732094], [37.82688230000001, 13.872848600000001], [37.8256272, 13.8709825], [37.8255654, 13.8707315], [37.825089399999996, 13.8687989], [37.824349399999996, 13.866743200000002], [37.8225413, 13.8652982], [37.8202561, 13.8649629], [37.817974799999995, 13.864189099999999], [37.8158311, 13.864244300000001], [37.813675599999996, 13.8654633], [37.81202, 13.866802300000002], [37.8098191, 13.868091199999999], [37.807724799999995, 13.8694359], [37.805805799999995, 13.870870700000001], [37.80406240000001, 13.871959499999999], [37.8021856, 13.872771799999997], [37.7998014, 13.8720561], [37.796502000000004, 13.8700064], [37.7953458, 13.8692882], [37.793904, 13.867802999999999], [37.7937866, 13.867638399999997], [37.7925421, 13.8658922], [37.79047430000001, 13.863952999999997], [37.7875903, 13.8640144], [37.7844088, 13.862892299999997], [37.78265419999999, 13.8617457], [37.7797587, 13.8595842], [37.77714939999999, 13.8588706], [37.773952699999995, 13.858198], [37.7678643, 13.856612499999997], [37.7678879, 13.8567743], [37.7679413, 13.8571406], [37.7679264, 13.8578299], [37.767476599999995, 13.858467200000002], [37.76688219999999, 13.8588303], [37.7664415, 13.859283500000002], [37.765965, 13.8596687], [37.764764899999996, 13.860576], [37.7646529, 13.860660699999997], [37.76383589999999, 13.8612784], [37.76209860000001, 13.8622867], [37.7607697, 13.8630947], [37.7597405, 13.864370899999997], [37.7589897, 13.8653796], [37.75837069999999, 13.8665698], [37.75776299999999, 13.8677487], [37.7569357, 13.8692181], [37.756290899999996, 13.870247599999997], [37.75563509999999, 13.8713359], [37.7547357, 13.872667000000002], [37.75399759999999, 13.8737673], [37.7533867, 13.874682900000002], [37.7523992, 13.8755559], [37.7519919, 13.875847600000002], [37.7512325, 13.8761782], [37.7491347, 13.876229599999998], [37.7480736, 13.876307800000001], [37.74705970000001, 13.8763885], [37.7461406, 13.8764121], [37.745197999999995, 13.8764468], [37.7437122, 13.876578100000001], [37.742554, 13.876862599999999], [37.74133399999999, 13.8773547], [37.7396403, 13.878057799999997], [37.7375482, 13.8794471], [37.7368804, 13.880072], [37.7362223, 13.880811], [37.7354182, 13.8819165], [37.735228, 13.883765400000001], [37.7353076, 13.884943799999997], [37.735326, 13.885215700000002], [37.735508700000004, 13.886506], [37.7356537, 13.887979099999999], [37.7353941, 13.889724800000002], [37.7352315, 13.890423399999998], [37.7349432, 13.891696600000001], [37.7346838, 13.8921168], [37.7345698, 13.892301499999999], [37.733067, 13.8936746], [37.7324945, 13.8941857], [37.731398, 13.895127], [37.72985289999999, 13.8961428], [37.7290102, 13.896615199999996], [37.727636200000006, 13.8971618], [37.7264997, 13.8975966], [37.7254475, 13.897871299999997], [37.7243588, 13.898238500000001], [37.7234258, 13.898547299999999], [37.7225837, 13.8988259], [37.7215797, 13.899020700000001], [37.71964989999999, 13.898882899999998], [37.7188984, 13.898711699999998], [37.71840590000001, 13.8985452], [37.717347600000004, 13.8984289], [37.7154703, 13.897889099999999], [37.7150969, 13.8976306], [37.7138256, 13.896707499999996], [37.713104099999995, 13.8960777], [37.7123176, 13.895010200000002], [37.712111799999995, 13.8946846], [37.7116949, 13.8940249], [37.7109112, 13.8927733], [37.709566699999996, 13.8911819], [37.708952, 13.890484800000001], [37.708369100000006, 13.8900523], [37.7073764, 13.889430100000002], [37.7053624, 13.888566299999999], [37.7030985, 13.887895499999999], [37.70115849999999, 13.8876298], [37.697802499999995, 13.8884278], [37.696655299999996, 13.8887596], [37.69542450000001, 13.8891813], [37.693365899999996, 13.889857300000001], [37.6919456, 13.890345799999999], [37.6877126, 13.892363799999998], [37.686644199999996, 13.892971699999999], [37.6852527, 13.8939428], [37.6841184, 13.895032699999998], [37.6831951, 13.896217599999998], [37.6825322, 13.897302300000003], [37.68183210000001, 13.8985234], [37.6812911, 13.9001499], [37.681055, 13.901043599999998], [37.68055150000001, 13.902521199999999], [37.68036459999999, 13.903254599999997], [37.6801439, 13.903884], [37.679816900000006, 13.904535399999999], [37.6790354, 13.905664499999997], [37.678295899999995, 13.906345299999998], [37.6775559, 13.907037299999999], [37.6765337, 13.907691699999999], [37.675325199999996, 13.9081948], [37.674011, 13.908672399999999], [37.67279250000001, 13.9090375], [37.67133630000001, 13.9095709], [37.669737, 13.91023], [37.6672973, 13.9111546], [37.6658504, 13.9118721], [37.664707899999996, 13.912708799999997], [37.66361119999999, 13.913627099999998], [37.66278539999999, 13.914559400000002], [37.661861300000005, 13.915778099999999], [37.6611701, 13.9171958], [37.660381, 13.918876299999999], [37.66003870000001, 13.9197569], [37.659966, 13.9199728], [37.659129199999995, 13.9224593], [37.65884479999999, 13.9234329], [37.658440999999996, 13.9253483], [37.6580346, 13.9274591], [37.6578665, 13.928527200000001], [37.6577598, 13.9294226], [37.657587299999996, 13.930788999999999], [37.657576299999995, 13.9315935], [37.65768980000001, 13.9335727], [37.657616499999996, 13.934606200000001], [37.6574672, 13.9351681], [37.6572467, 13.935774799999999], [37.656990199999996, 13.9364152], [37.6568289, 13.936999700000001], [37.656805299999995, 13.937130900000001], [37.656752399999995, 13.9374241], [37.656574899999995, 13.938319199999999], [37.6565016, 13.940192300000001], [37.6563795, 13.941340799999999], [37.6559458, 13.942865], [37.6556763, 13.9436082], [37.6552779, 13.945121299999998], [37.6534378, 13.948663799999997], [37.65248839999999, 13.949973799999999], [37.652163699999996, 13.950452299999998], [37.651215, 13.951739700000001], [37.65038899999999, 13.952672999999999], [37.648271799999996, 13.954095200000001], [37.6470153, 13.954642999999997], [37.646354699999996, 13.9546924], [37.6446096, 13.954808199999999], [37.6436223, 13.9546241], [37.642894999999996, 13.954396299999999], [37.64206130000001, 13.954213099999999], [37.640900699999996, 13.953785199999999], [37.639999100000004, 13.9533937], [37.6394139, 13.9531113], [37.638757000000005, 13.9529189], [37.63805409999999, 13.9526336], [37.6370955, 13.952105099999999], [37.63616030000001, 13.9515755], [37.6356207, 13.951407499999998], [37.634240999999996, 13.951505999999998], [37.6335436, 13.951658], [37.6324408, 13.952172700000002], [37.631514, 13.9527246], [37.63063640000001, 13.9531276], [37.6299706, 13.953556599999999], [37.62963659999999, 13.953839499999999], [37.628947499999995, 13.9550842], [37.6287022, 13.9565992], [37.62877460000001, 13.957324000000002], [37.6289316, 13.9578785], [37.6289574, 13.957967400000001], [37.62924619999999, 13.9589628], [37.629587699999995, 13.9598179], [37.6299417, 13.960616499999999], [37.6303657, 13.961449400000001], [37.6309316, 13.962261599999998], [37.631324299999996, 13.9628175], [37.631969700000006, 13.9638381], [37.63224259999999, 13.9645538], [37.6323965, 13.965326399999999], [37.63248, 13.9660863], [37.632765, 13.967596400000001], [37.6328215, 13.968597799999998], [37.6328339, 13.969391100000001], [37.6329182, 13.970117], [37.63290029999999, 13.970541800000001], [37.632874, 13.971564299999997], [37.6329445, 13.972428000000003], [37.6329931, 13.973152599999999], [37.6327151, 13.974471899999998], [37.632648599999996, 13.9750117], [37.6323621, 13.976111800000002], [37.6321054, 13.976763500000002], [37.6319465, 13.977176099999998], [37.63162279999999, 13.977768399999999], [37.63136599999999, 13.978238399999999], [37.6309888, 13.979072500000001], [37.630593399999995, 13.979550499999998], [37.630162999999996, 13.979981899999999], [37.629887, 13.980335199999995], [37.6294658, 13.9809622], [37.628909199999995, 13.9819896], [37.628029999999995, 13.983336099999999], [37.627429199999995, 13.9841451], [37.62715310000001, 13.984509699999998], [37.62686300000001, 13.985034599999999], [37.62648629999999, 13.9858347], [37.626315, 13.986281199999999], [37.625987099999996, 13.986990100000002], [37.6258292, 13.987321399999999], [37.62556310000001, 13.9878013], [37.625258599999995, 13.988498999999997], [37.624959200000006, 13.9888397], [37.62423690000001, 13.9899113], [37.6237909, 13.9906184], [37.6231612, 13.991818199999997], [37.622912, 13.992769400000002], [37.6227143, 13.993411199999999], [37.622319399999995, 13.9946824], [37.622312199999996, 13.994776799999997], [37.6222325, 13.995819799999998], [37.62222549999999, 13.9971418], [37.6221816, 13.997750600000002], [37.6221597, 13.9984635], [37.62192479999999, 13.998548800000002], [37.61946979999999, 13.9994403], [37.6184734, 14.000561200000002], [37.617974399999994, 14.0008397], [37.617475000000006, 14.0011419], [37.6166543, 14.0016672], [37.615618, 14.002385599999998], [37.613738100000006, 14.0035941], [37.61223929999999, 14.0045448], [37.6114549, 14.0050025], [37.6108647, 14.005763], [37.610463, 14.006515499999999], [37.6099508, 14.007495599999999], [37.609512800000005, 14.008938299999999], [37.6095884, 14.009929699999997], [37.6097141, 14.0102339], [37.610106, 14.0111824], [37.6105837, 14.012032600000001], [37.611185, 14.013850699999999], [37.611775, 14.0149897], [37.6127167, 14.016193999999997], [37.613324600000006, 14.0170111], [37.6150446, 14.0200017], [37.6155802, 14.0209212], [37.616234, 14.02243], [37.6172663, 14.0244642], [37.6183055, 14.026106299999999], [37.6193001, 14.027632899999997], [37.619721199999994, 14.028388999999999], [37.620198099999996, 14.029295599999998], [37.62112369999999, 14.030740499999997], [37.6218125, 14.0316405], [37.6225586, 14.032620999999999], [37.62304030000001, 14.033274599999999], [37.6233236, 14.0338446], [37.623905, 14.0354671], [37.6239437, 14.035917], [37.6240799, 14.0368173], [37.6237002, 14.0376388], [37.62304890000001, 14.037880299999998], [37.6224935, 14.0379259], [37.622366, 14.0379363], [37.62164690000001, 14.038038499999999], [37.6206075, 14.0382958], [37.6193673, 14.038594999999999], [37.6181483, 14.039021900000002], [37.6175601, 14.0391538], [37.617534299999996, 14.0391596], [37.6165544, 14.0393834], [37.615673199999996, 14.0395191], [37.6154223, 14.0395577], [37.6142798, 14.0396755], [37.6130187, 14.0398366], [37.6118521, 14.0399757], [37.6105335, 14.040066399999997], [37.6090627, 14.0401201], [37.6082173, 14.040057599999999], [37.6062483, 14.039722], [37.604850299999995, 14.039661899999999], [37.6030552, 14.040077599999998], [37.602409200000004, 14.040675], [37.6012901, 14.0426253], [37.600598399999996, 14.0438306], [37.600503, 14.0464312], [37.60078579999999, 14.047667899999999], [37.60110830000001, 14.0499195], [37.601231999999996, 14.0508546], [37.600983, 14.054119900000002], [37.6004826, 14.054467299999999], [37.6002894, 14.0545729], [37.600048799999996, 14.054704599999999], [37.5999124, 14.0547792], [37.59976539999999, 14.054811899999997], [37.5986255, 14.0550655], [37.597655499999995, 14.0547367], [37.59670159999999, 14.05419], [37.5959593, 14.0536455], [37.5955249, 14.0533352], [37.5954139, 14.0532559], [37.594324, 14.052429199999999], [37.5926681, 14.051685099999998], [37.5910784, 14.051816], [37.5907414, 14.0522366], [37.59031399999999, 14.0530317], [37.5896569, 14.054254], [37.5894836, 14.054723099999999], [37.5894437, 14.055608699999999], [37.589469799999996, 14.0557486], [37.5897323, 14.0571562], [37.5900142, 14.058416599999997], [37.5900821, 14.0592229], [37.5901297, 14.059788999999999], [37.5903316, 14.060322399999999], [37.5910083, 14.0618551], [37.5919015, 14.063771099999999], [37.5921034, 14.064293099999999], [37.592384599999995, 14.064977299999999], [37.5925358, 14.066327300000001], [37.592349600000006, 14.0676561], [37.592251, 14.068359499999996], [37.592127100000006, 14.0686507], [37.5919819, 14.068992199999997], [37.5918573, 14.069284900000001], [37.5911124, 14.070146099999999], [37.5906037, 14.070497900000001], [37.590171, 14.0707971], [37.5882947, 14.071774800000002], [37.58711139999999, 14.072812], [37.5861636, 14.0738188], [37.58572269999999, 14.0744516], [37.585498699999995, 14.0747731], [37.5850636, 14.075410100000001], [37.5843523, 14.076352799999999], [37.581591599999996, 14.079340000000002], [37.581276599999995, 14.0798297], [37.5808053, 14.0805116], [37.5801835, 14.0823079], [37.5798905, 14.083510700000001], [37.579605, 14.084932799999999], [37.5795425, 14.085773099999999], [37.579482, 14.0857924], [37.57872589999999, 14.086033799999997], [37.5781767, 14.086483699999999], [37.577870499999996, 14.0877564], [37.5776703, 14.088396999999999], [37.577280099999996, 14.0897597], [37.5771491, 14.091104699999997], [37.5768606, 14.092078099999998], [37.576063999999995, 14.095032699999999], [37.5756003, 14.0959339], [37.574849, 14.096484199999997], [37.5741622, 14.0967883], [37.5736275, 14.097024999999999], [37.57244449999999, 14.096772800000002], [37.571084000000006, 14.0965749], [37.5700741, 14.096498899999998], [37.569441, 14.096383300000001], [37.568286199999996, 14.0958781], [37.567284099999995, 14.0953863], [37.56614340000001, 14.094755800000001], [37.561883400000006, 14.091774499999998], [37.560412899999996, 14.091170299999998], [37.559598799999996, 14.091316799999998], [37.558779400000006, 14.091738999999999], [37.5574746, 14.092957199999999], [37.5573808, 14.094809699999999], [37.5574085, 14.095125800000002], [37.55747769999999, 14.0959165], [37.557948, 14.097169], [37.5581846, 14.098336499999997], [37.558189299999995, 14.0993376], [37.55814939999999, 14.1002119], [37.558084799999996, 14.1011437], [37.55782039999999, 14.102692399999999], [37.5577204, 14.103622899999998], [37.557646999999996, 14.103756799999998], [37.55724550000001, 14.1044889], [37.5568826, 14.104585799999997], [37.5566782, 14.104640300000002], [37.556348299999996, 14.104658200000001], [37.5546298, 14.104751199999999], [37.55244, 14.104087399999997], [37.5518347, 14.103903899999999], [37.5508938, 14.104542299999997], [37.5504915, 14.105023699999997], [37.5504484, 14.1050752], [37.5497735, 14.1057121], [37.549706, 14.1057758], [37.548895099999996, 14.1069924], [37.548769400000005, 14.107426600000002], [37.548372699999994, 14.108687499999998], [37.5482687, 14.109017899999998], [37.5480752, 14.1093649], [37.54769669999999, 14.1100439], [37.5469966, 14.110997800000002], [37.54642229999999, 14.111505099999999], [37.5460771, 14.1117165], [37.5451817, 14.1119235], [37.5448802, 14.1121827], [37.543971299999995, 14.112704899999999], [37.5435966, 14.112814500000002], [37.542496, 14.1131219], [37.5417792, 14.113192199999997], [37.5406738, 14.113234099999998], [37.540084799999995, 14.113198899999999], [37.5388476, 14.113369599999997], [37.5383591, 14.113437], [37.537333, 14.113305299999999], [37.5358681, 14.112962], [37.534811499999996, 14.112440300000001], [37.5338893, 14.112180399999998], [37.532581099999994, 14.1120764], [37.5317925, 14.112055799999997], [37.5310407, 14.112397599999998], [37.530134499999996, 14.1128095], [37.529429300000004, 14.113547499999997], [37.5286009, 14.114644100000001], [37.527302299999995, 14.1164621], [37.526727799999996, 14.117944399999997], [37.526331299999995, 14.118838], [37.5261158, 14.1199926], [37.525673399999995, 14.121635000000003], [37.525580399999996, 14.122149300000002], [37.5255335, 14.122408199999999], [37.5254984, 14.123099499999999], [37.52544759999999, 14.1235714], [37.525356200000004, 14.1244138], [37.52526650000001, 14.125359], [37.5252546, 14.126038], [37.5252502, 14.126452599999999], [37.5252594, 14.1269928], [37.5252388, 14.127856999999995], [37.5251411, 14.128329899999999], [37.5249381, 14.128840499999999], [37.524660399999995, 14.1298003], [37.5228438, 14.131603799999997], [37.52203660000001, 14.132573899999999], [37.52138209999999, 14.1335168], [37.5210253, 14.1339948], [37.5206499, 14.1347495], [37.5203675, 14.1354449], [37.5200177, 14.136992999999999], [37.5199673, 14.1374887], [37.5199681, 14.1382141], [37.5199886, 14.141481899999999], [37.520046199999996, 14.143460699999997], [37.520185, 14.144689800000002], [37.5202251, 14.145655], [37.52025039999999, 14.146436999999999], [37.5201293, 14.147613600000001], [37.5198518, 14.1485848], [37.519202299999996, 14.149827], [37.518805199999996, 14.150698], [37.518627099999996, 14.1512991], [37.5183898, 14.151867099999999], [37.5180401, 14.1534378], [37.5178742, 14.154062699999999], [37.51776499999999, 14.154559199999998], [37.51754139999999, 14.155242599999998], [37.5171586, 14.1562503], [37.5167658, 14.157362], [37.516761200000005, 14.1573746], [37.516496, 14.1581151], [37.51563910000001, 14.160304099999998], [37.5161514, 14.162045000000003], [37.51634250000001, 14.162893599999999], [37.5167147, 14.164014499999999], [37.5170637, 14.164446000000002], [37.517679699999995, 14.164677000000001], [37.51848700000001, 14.165088699999998], [37.520200200000005, 14.1654608], [37.5208969, 14.1656062], [37.521523200000004, 14.1657368], [37.5220218, 14.165981700000001], [37.5235352, 14.167071199999997], [37.523787500000005, 14.167366500000002], [37.5241861, 14.167957599999998], [37.524500499999995, 14.1684465], [37.5248308, 14.168855099999998], [37.5250054, 14.1690711], [37.5254144, 14.169582100000001], [37.52620629999999, 14.1711326], [37.5271262, 14.173982299999999], [37.527376200000006, 14.1748177], [37.5275569, 14.1757464], [37.5276621, 14.177080399999998], [37.527588699999995, 14.178980399999997], [37.52739259999999, 14.179892200000001], [37.5271419, 14.181058900000002], [37.52681, 14.1822964], [37.526516099999995, 14.1830042], [37.5254628, 14.1833672], [37.5251416, 14.1831663], [37.5244328, 14.182326999999997], [37.5240479, 14.181597300000002], [37.523873099999996, 14.1812659], [37.5229335, 14.180017299999998], [37.5214731, 14.179282899999999], [37.52060629999999, 14.1795396], [37.519936099999995, 14.180252999999997], [37.519452099999995, 14.1811071], [37.5194218, 14.181160499999999], [37.518988300000004, 14.1819736], [37.51831409999999, 14.183159199999999], [37.5168434, 14.183874399999997], [37.5147246, 14.1838771], [37.512484, 14.1829502], [37.511627, 14.1817099], [37.5111129, 14.181248], [37.509969299999995, 14.180449999999999], [37.508781899999995, 14.179849400000002], [37.5080569, 14.179448299999999], [37.5070511, 14.179143700000001], [37.506061200000005, 14.1790686], [37.5049074, 14.179042199999998], [37.5034633, 14.179263699999998], [37.50257510000001, 14.179646900000002], [37.5017923, 14.179994499999998], [37.500715199999995, 14.180324500000001], [37.4998418, 14.1808806], [37.4993002, 14.180867], [37.4987101, 14.180784199999998], [37.49766259999999, 14.1807912], [37.496974, 14.1811259], [37.4964369, 14.181387899999999], [37.49558869999999, 14.182035800000001], [37.494979400000005, 14.182898600000001], [37.4947189, 14.1835014], [37.494652099999996, 14.1844117], [37.4947527, 14.185480100000001], [37.49489200000001, 14.186743], [37.4950734, 14.187729399999998], [37.49537420000001, 14.1887945], [37.4957206, 14.189778599999999], [37.496293699999995, 14.1909426], [37.496655700000005, 14.1921561], [37.4965442, 14.1932163], [37.4961722, 14.1941778], [37.495673599999996, 14.194624399999999], [37.4942341, 14.195799399999997], [37.4931821, 14.1969453], [37.4921122, 14.1977012], [37.49088139999999, 14.198700199999998], [37.490159999999996, 14.1992075], [37.4889419, 14.199562499999999], [37.488166899999996, 14.1996796], [37.4871553, 14.199720699999999], [37.4862849, 14.1997694], [37.4849117, 14.2000127], [37.4833266, 14.200258], [37.48196299999999, 14.201063999999997], [37.48144169999999, 14.2015567], [37.4806075, 14.2023423], [37.4799753, 14.203238800000001], [37.47957050000001, 14.204362799999998], [37.4790676, 14.206649799999997], [37.47855359999999, 14.208270200000001], [37.4782481, 14.209000399999999], [37.4775797, 14.210541799999998], [37.476887999999995, 14.211393899999997], [37.475898099999995, 14.2120327], [37.47459009999999, 14.212653699999999], [37.472761, 14.213088400000002], [37.472022900000006, 14.2133085], [37.4708945, 14.213396199999998], [37.47006950000001, 14.2133536], [37.468926499999995, 14.213292099999999], [37.4677511, 14.213393000000002], [37.4670018, 14.2136368], [37.466664200000004, 14.2138295], [37.466150400000004, 14.2141228], [37.465782000000004, 14.214611900000001], [37.46543589999999, 14.215484], [37.4654094, 14.2155507], [37.4653048, 14.2170144], [37.46527599999999, 14.217639400000001], [37.4652702, 14.2177633], [37.4652251, 14.2185697], [37.4653169, 14.219822200000001], [37.4655277, 14.221153399999999], [37.465836599999996, 14.222021999999997], [37.4662344, 14.2227523], [37.4663955, 14.223048099999998], [37.4666786, 14.2237798], [37.4670084, 14.224676599999999], [37.4670489, 14.2247866], [37.4670978, 14.2248988], [37.4670979, 14.224899099999998], [37.4673429, 14.2254608], [37.467857499999994, 14.2266595], [37.4684561, 14.227937800000001], [37.468913199999996, 14.2292074], [37.469158300000004, 14.230481200000002], [37.4694828, 14.2315679], [37.469595, 14.231934700000002], [37.469753100000005, 14.2329221], [37.46989560000001, 14.233701499999999], [37.469710899999995, 14.2373871], [37.4698585, 14.238467100000001], [37.4699741, 14.239028200000002], [37.470067900000004, 14.239716900000001], [37.47015770000001, 14.240141199999997], [37.4701655, 14.240613499999998], [37.4701002, 14.2416266], [37.4702261, 14.243489399999998], [37.4703713, 14.244419100000002], [37.4703791, 14.2448903], [37.47047799999999, 14.245855899999997], [37.4705762, 14.246797700000004], [37.4705893, 14.247568299999998], [37.470538499999996, 14.248052700000002], [37.4702033, 14.2484144], [37.470396199999996, 14.249009899999999], [37.470193300000005, 14.2496425], [37.46979029999999, 14.250273799999997], [37.469387499999996, 14.250905], [37.469138400000006, 14.251295500000001], [37.467921499999996, 14.252280799999998], [37.4673312, 14.252692800000002], [37.4666826, 14.252920300000001], [37.4649633, 14.253040299999999], [37.46428089999999, 14.252968099999999], [37.463317100000005, 14.252629700000002], [37.4622112, 14.252488200000002], [37.4607284, 14.2523554], [37.4601049, 14.252237300000003], [37.4593169, 14.252107899999999], [37.458270299999995, 14.251837900000002], [37.4575414, 14.251628699999998], [37.456718599999995, 14.251337499999996], [37.4560842, 14.251057699999999], [37.4554614, 14.250790399999998], [37.4554596, 14.250789699999999], [37.454380199999996, 14.2503371], [37.453581, 14.2500698], [37.452145099999996, 14.249993799999999], [37.4509915, 14.249966], [37.450415, 14.2499069], [37.4497566, 14.2497196], [37.44887430000001, 14.249578300000001], [37.4481092, 14.2495744], [37.4473434, 14.2497209], [37.4460932, 14.250233599999998], [37.4458096, 14.2504973], [37.4456068, 14.251060899999997], [37.445685499999996, 14.251866999999999], [37.44636489999999, 14.252629499999998], [37.446936099999995, 14.253027200000002], [37.4473625, 14.2533241], [37.447501300000006, 14.253854899999999], [37.4472162, 14.254429299999998], [37.446954999999996, 14.254933800000002], [37.4467298, 14.255255400000001], [37.4463625, 14.255818], [37.4462313, 14.256197900000002], [37.446156200000004, 14.257187100000001], [37.4467968, 14.2587098], [37.4463521, 14.2607102], [37.4459388, 14.260973], [37.4452425, 14.2613617], [37.4441589, 14.261472099999999], [37.4432286, 14.2615722], [37.4415059, 14.2623824], [37.44100960000001, 14.2628288], [37.440359699999995, 14.263332999999998], [37.439815599999996, 14.2639068], [37.438820799999995, 14.2652143], [37.438027299999995, 14.2662587], [37.4377278, 14.2673968], [37.4371817, 14.2683389], [37.4361529, 14.269405499999998], [37.4351257, 14.2700111], [37.4335674, 14.2709602], [37.4323051, 14.2715179], [37.43082030000001, 14.2717996], [37.4297712, 14.272060499999998], [37.4286745, 14.2724589], [37.427779199999996, 14.272604399999997], [37.4258439, 14.2735972], [37.4248142, 14.274743899999999], [37.4241742, 14.275685399999997], [37.42234990000001, 14.278083299999999], [37.4214282, 14.278851099999999], [37.4206353, 14.279711299999999], [37.419937999999995, 14.2803066], [37.419499599999995, 14.280868600000002], [37.4185288, 14.282073400000002], [37.418007499999995, 14.2827614], [37.41765099999999, 14.2834618], [37.4171531, 14.284173599999999], [37.4162299, 14.285228399999998], [37.4151305, 14.286167899999997], [37.4142452, 14.286681699999997], [37.4127345, 14.287412799999998], [37.411721, 14.287626399999999], [37.4111329, 14.2875208], [37.4103105, 14.2871718], [37.4094763, 14.2867652], [37.40899279999999, 14.2866679], [37.40807669999999, 14.2864835], [37.4071691, 14.286662699999999], [37.4034152, 14.288742499999996], [37.4027617, 14.2896444], [37.4022183, 14.2903942], [37.401425599999996, 14.2912193], [37.400563, 14.291872199999997], [37.4001142, 14.292181], [37.399157699999996, 14.292764300000002], [37.3987085, 14.293129599999999], [37.39782299999999, 14.293667099999999], [37.3966649, 14.294537199999999], [37.395470399999994, 14.295671399999998], [37.3948305, 14.2965088], [37.3940476, 14.2977712], [37.39338370000001, 14.298701099999999], [37.3929337, 14.299251600000002], [37.392730799999995, 14.2998039], [37.3926204, 14.300746499999999], [37.3930972, 14.3020152], [37.3937395, 14.3031347], [37.3962784, 14.306518699999998], [37.396889, 14.30689], [37.3976044, 14.307467599999995], [37.3982848, 14.308001], [37.39929419999999, 14.308718499999998], [37.4007966, 14.309714900000001], [37.402320399999994, 14.311161199999999], [37.403059, 14.3118316], [37.4033726, 14.3127534], [37.40336739999999, 14.313893400000001], [37.4029252, 14.315226999999998], [37.402026500000005, 14.3160627], [37.4005864, 14.316781700000002], [37.3999488, 14.317181900000001], [37.3992352, 14.3186289], [37.399124799999996, 14.319583999999997], [37.399258499999995, 14.3211848], [37.3993939, 14.3224398], [37.3992834, 14.323361], [37.3997944, 14.3248705], [37.4001537, 14.326080699999999], [37.4004889, 14.3274297], [37.400872799999995, 14.328409599999999], [37.401558900000005, 14.330231], [37.40266690000001, 14.332538800000002], [37.4028734, 14.333644], [37.402904899999996, 14.3344735], [37.4026628, 14.335853700000001], [37.4002915, 14.336764200000005], [37.3995043, 14.336404099999996], [37.398303999999996, 14.3361678], [37.39765539999999, 14.3363611], [37.3960584, 14.337897], [37.3956991, 14.339126100000001], [37.3950578, 14.3402979], [37.39414689999999, 14.341110899999999], [37.3925445, 14.3413226], [37.39151959999999, 14.341352999999998], [37.390354099999996, 14.341302100000002], [37.3892358, 14.3411928], [37.3882592, 14.341027999999998], [37.38737619999999, 14.340942900000002], [37.3867528, 14.340813299999997], [37.3856351, 14.340567300000002], [37.38489380000001, 14.3404481], [37.3840818, 14.3403534], [37.383305299999996, 14.340200099999999], [37.3821636, 14.3400341], [37.3817752, 14.3399863], [37.38082079999999, 14.3401198], [37.380454099999994, 14.3404405], [37.38010980000001, 14.341060599999997], [37.379702599999995, 14.342450900000001], [37.37969770000001, 14.343453], [37.38021009999999, 14.344640599999996], [37.38045429999999, 14.3452863], [37.380577200000005, 14.3466451], [37.380398199999995, 14.347127500000001], [37.379945400000004, 14.348219199999999], [37.3798362, 14.348898600000002], [37.3797139, 14.349829799999998], [37.379185, 14.352026], [37.3799318, 14.3534919], [37.381023299999995, 14.354244000000001], [37.3821168, 14.3545836], [37.3847729, 14.355734899999998], [37.388074599999996, 14.3573606], [37.38883690000001, 14.358043699999998], [37.389528, 14.3587952], [37.3903824, 14.359937599999999], [37.390872, 14.3609996], [37.3912564, 14.361864200000001], [37.3915464, 14.362798300000001], [37.3917664, 14.363592899999995], [37.3917745, 14.3643183], [37.3914876, 14.3652609], [37.3890498, 14.365169799999999], [37.38736049999999, 14.3638149], [37.3867025, 14.3634896], [37.3848078, 14.363194199999999], [37.3834638, 14.363464100000003], [37.383120399999996, 14.363831200000002], [37.3821359, 14.365277399999998], [37.381530999999995, 14.366114999999997], [37.3812797, 14.3669302], [37.3811466, 14.367666999999999], [37.3809538, 14.3685752], [37.3809025, 14.369461800000002], [37.380897499999996, 14.3704853], [37.3807036, 14.3716127], [37.3802879, 14.372336300000002], [37.376978099999995, 14.372367899999999], [37.3761326, 14.371810699999997], [37.3757333, 14.3715787], [37.3749332, 14.371437600000002], [37.3736131, 14.3715923], [37.37290529999999, 14.371831499999999], [37.3718308, 14.372401500000002], [37.3715816, 14.3728155], [37.3711297, 14.3736767], [37.37098459999999, 14.3744237], [37.371320999999995, 14.375462], [37.371939499999996, 14.3766842], [37.37223049999999, 14.3773878], [37.3725071, 14.3786088], [37.3725728, 14.3796227], [37.3725342, 14.3803127], [37.371489800000006, 14.38192], [37.370061, 14.382650199999997], [37.369163199999996, 14.383175], [37.36805179999999, 14.3839989], [37.3669296, 14.384673600000001], [37.365606199999995, 14.385518599999996], [37.3649207, 14.386022299999997], [37.364341100000004, 14.386514199999999], [37.3638793, 14.386984399999998], [37.3633345, 14.3875806], [37.3625887, 14.388336899999999], [37.3622206, 14.3889456], [37.3617571, 14.389795400000004], [37.36142340000001, 14.390576], [37.3609954, 14.3913797], [37.3605552, 14.3922534], [37.3597715, 14.393549499999997], [37.35939140000001, 14.3941694], [37.3590459, 14.394928499999999], [37.3587364, 14.395605299999998], [37.35813269999999, 14.396224799999999], [37.357340799999996, 14.396727700000003], [37.35677369999999, 14.3970469], [37.3556641, 14.39756], [37.3546482, 14.398107699999997], [37.353751100000004, 14.398506999999999], [37.3523117, 14.398948899999999], [37.3515904, 14.3995099], [37.3500668, 14.400319499999998], [37.349027199999995, 14.400902000000002], [37.3478209, 14.4018742], [37.347475900000006, 14.402563299999999], [37.3472374, 14.4031615], [37.3470328, 14.403989399999999], [37.3468295, 14.404598000000002], [37.3485884, 14.410910099999999], [37.3470152, 14.411236299999999], [37.3481354, 14.4120905], [37.34953919999999, 14.4131608], [37.350360099999996, 14.412569599999996], [37.3513565, 14.4133294], [37.355340399999996, 14.4163693], [37.3583195, 14.4159438], [37.3610812, 14.413954899999998], [37.3647055, 14.4192233], [37.367676599999996, 14.4199133], [37.3697417, 14.4192582], [37.3723402, 14.4239616], [37.3739692, 14.426580799999998], [37.3771098, 14.428530299999998], [37.3981934, 14.4611475], [37.40282849999999, 14.470346900000001], [37.4033383, 14.471358699999998], [37.4124116, 14.4739226], [37.4136875, 14.474385600000002], [37.427554199999996, 14.479417499999998], [37.429745000000004, 14.4802125], [37.4401412, 14.477544000000002], [37.4418767, 14.473497800000004], [37.4429381, 14.471023199999998], [37.443125599999995, 14.470585999999999], [37.446983599999996, 14.4705837], [37.454915, 14.470578999999999], [37.4569718, 14.4705778], [37.471128, 14.4687189], [37.4806337, 14.470987099999999], [37.48264919999999, 14.471468], [37.485840399999994, 14.4722987], [37.4889513, 14.473108400000001], [37.5073947, 14.461406699999998], [37.5074988, 14.461340699999994], [37.5222054, 14.460195200000001], [37.524771199999996, 14.459995399999999], [37.5487898, 14.4461352], [37.550422399999995, 14.447095799999998], [37.556095299999996, 14.450433300000002], [37.559220999999994, 14.452272299999999], [37.56910919999999, 14.4545821], [37.57253099999999, 14.455381399999995], [37.576667199999996, 14.467915499999998], [37.5953638, 14.477582400000001], [37.6039178, 14.4798482], [37.60830999999999, 14.4810117], [37.6394358, 14.4901327], [37.6421883, 14.4908487], [37.6435683, 14.491207600000001], [37.6552931, 14.494257500000002], [37.657169499999995, 14.4947455], [37.6707435, 14.504168400000001], [37.672303, 14.5216854], [37.672304700000005, 14.521704600000001], [37.6747793, 14.523867999999998], [37.67885979999999, 14.527435400000002], [37.688505299999996, 14.545766199999996], [37.6980108, 14.562567299999996], [37.7006297, 14.578851900000004], [37.709873900000005, 14.5886465], [37.7156391, 14.602481599999999], [37.7236732, 14.623757500000002], [37.7415349, 14.6424375], [37.7530128, 14.642725299999999], [37.773554499999996, 14.630389099999997], [37.782741699999995, 14.653729199999999], [37.775219799999995, 14.6784574], [37.7735735, 14.6982071], [37.7818599, 14.734886], [37.8047596, 14.7689281], [37.8326224, 14.805154899999996], [37.8494536, 14.812515399999997], [37.875660499999995, 14.799868300000002], [37.902128100000006, 14.810034599999996], [37.9227986, 14.826121599999999], [37.9402963, 14.845476900000001], [37.9429641, 14.8422983], [37.9437059, 14.841414499999997], [37.9453323, 14.835183599999997], [37.947930500000005, 14.8360635], [37.949254499999995, 14.8372673], [37.951014, 14.838867099999998], [37.95331399999999, 14.8376502], [37.953672000000005, 14.834750699999997], [37.95368020000001, 14.8330538], [37.953682900000004, 14.8324843], [37.9591864, 14.832969200000003], [37.971047999999996, 14.8304491], [37.9730297, 14.824548999999998], [37.9748558, 14.818005], [37.974543399999995, 14.809850499999998], [37.9745241, 14.8093453], [37.9744658, 14.801627100000001], [37.978501699999995, 14.8036088], [37.9813664, 14.805015399999998], [37.9879223, 14.807946999999997], [37.9900174, 14.799577400000004], [37.992283, 14.792003600000003], [37.992757499999996, 14.786928500000002], [37.9919961, 14.779187199999999], [37.99419, 14.773459100000002], [37.9996364, 14.775401399999996], [38.00364750000001, 14.771606499999997], [38.00467939999999, 14.766749500000001], [38.00477689999999, 14.766290299999996], [38.0058696, 14.7662481], [38.0101461, 14.7660826], [38.015824599999995, 14.765212400000001], [38.020538099999996, 14.760782500000001], [38.021206899999996, 14.7566193], [38.021470099999995, 14.754980699999999], [38.0204619, 14.749248999999999], [38.0174123, 14.742636100000004], [38.0180848, 14.7379016], [38.0182644, 14.736637400000001], [38.0213882, 14.734505500000001], [38.0249855, 14.732050599999997], [38.030064599999996, 14.7278678], [38.0349964, 14.722041299999999], [38.038096599999996, 14.718903399999999], [38.0403693, 14.716603000000001], [38.046722800000005, 14.713377699999999], [38.0534896, 14.7108278], [38.0587886, 14.710774299999999], [38.064630300000005, 14.711330799999997], [38.070735899999995, 14.7095575], [38.0778627, 14.707420199999998], [38.0861271, 14.707864499999998], [38.088328100000005, 14.707362499999999], [38.0900325, 14.706973699999999], [38.0915447, 14.706628799999997], [38.095369999999996, 14.7014423], [38.098917099999994, 14.700567999999999], [38.1009469, 14.700067599999999], [38.1055625, 14.697506400000002], [38.1064831, 14.695608799999997], [38.1091596, 14.690091399999996], [38.11488889999999, 14.6879233], [38.120149, 14.6838207], [38.127098499999995, 14.682044799999998], [38.1275684, 14.6819247], [38.1320824, 14.678524099999997], [38.1330685, 14.676028799999996], [38.134443399999995, 14.6725496], [38.1392662, 14.667294299999996], [38.146119, 14.668634899999999], [38.1477082, 14.670961199999999], [38.1485738, 14.672228099999998], [38.1495741, 14.673692299999999], [38.1495594, 14.6738094], [38.149657100000006, 14.673813800000003], [38.1503049, 14.674762000000001], [38.1523309, 14.6753414], [38.15621350000001, 14.6764516], [38.1620012, 14.6758549], [38.1689071, 14.677523499999998], [38.1738346, 14.679815], [38.17999939999999, 14.6765747], [38.1822672, 14.678296999999999], [38.18356190000001, 14.679280299999999], [38.1838148, 14.680251599999997], [38.1849401, 14.6845736], [38.1853486, 14.6853327], [38.1869056, 14.6882263], [38.1874053, 14.689155099999999], [38.194883899999994, 14.687552300000002], [38.2026877, 14.6859091], [38.21002740000001, 14.686837299999999], [38.2150323, 14.682755199999999], [38.2217918, 14.683571099999998], [38.228240199999995, 14.6857743], [38.2370526, 14.683138799999998], [38.2430605, 14.677930600000002], [38.251616000000006, 14.6750437], [38.256207599999996, 14.6697712], [38.2610831, 14.667143999999999], [38.2617202, 14.660490899999997], [38.2637313, 14.652508699999998], [38.264339, 14.6445552], [38.264505899999996, 14.638769600000002], [38.269062600000005, 14.634375899999998], [38.2662768, 14.6278115], [38.265113899999996, 14.6211433], [38.264505899999996, 14.6141306], [38.271134499999995, 14.610534999999999], [38.278402899999996, 14.609675600000001], [38.286081, 14.6075064], [38.29196069999999, 14.602391200000001], [38.29313649999999, 14.594806000000002], [38.2977839, 14.591356999999999], [38.3025996, 14.5881399], [38.3079222, 14.585116099999997], [38.3103846, 14.578731999999999], [38.3153182, 14.573471500000002], [38.3134322, 14.5681311], [38.3139183, 14.559106200000002], [38.3152423, 14.550672299999997], [38.3201556, 14.544411799999999], [38.325131999999996, 14.5376296], [38.32971, 14.5315273], [38.336403, 14.5288564], [38.3409439, 14.5220122], [38.3398094, 14.513749799999998], [38.3432082, 14.507704], [38.3493126, 14.509538199999998], [38.355919799999995, 14.506738500000003], [38.356141599999994, 14.499258799999996], [38.360210200000004, 14.492326399999998], [38.3608202, 14.490649999999999], [38.362233499999995, 14.4867662], [38.36891699999999, 14.484397699999999], [38.373443099999996, 14.480231], [38.3804175, 14.480796999999999], [38.3883929, 14.479635500000002], [38.3948076, 14.481472599999998], [38.3981461, 14.4765072], [38.398891299999995, 14.470138599999999], [38.4015176, 14.464957299999998], [38.4082072, 14.463737], [38.4139057, 14.463888500000001], [38.4207818, 14.463747700000003], [38.422165299999996, 14.4568672], [38.4250337, 14.4503545], [38.4280953, 14.4412568], [38.4291257, 14.434670200000001], [38.432173999999996, 14.427998700000003], [38.4326674, 14.427906399999996], [38.4356848, 14.427341799999999], [38.4387294, 14.4267721], [38.4426605, 14.422216000000002], [38.4427391, 14.4161402], [38.44741139999999, 14.4104168], [38.4561842, 14.4094449], [38.46481969999999, 14.411815299999999], [38.472291399999996, 14.413054700000004], [38.4749566, 14.4148261], [38.4765521, 14.415886500000001], [38.4775944, 14.416579300000004], [38.483698499999996, 14.418196000000002], [38.4914936, 14.414591199999998], [38.4985624, 14.4119388], [38.5060365, 14.4132526], [38.5102319, 14.409897700000002], [38.51585850000001, 14.405079000000002], [38.517097199999995, 14.406484299999997], [38.518326699999996, 14.407879300000001], [38.5205352, 14.410384899999999], [38.5209575, 14.4108641], [38.52202750000001, 14.4115719], [38.5268656, 14.414772700000002], [38.5318295, 14.417272800000001], [38.5373521, 14.420139800000001], [38.54363850000001, 14.4225244], [38.5491059, 14.4222645], [38.55205559999999, 14.424086800000001], [38.5535904, 14.4250349], [38.554654, 14.4256921], [38.561059199999995, 14.426037], [38.5660989, 14.428349700000002], [38.5669829, 14.4287553], [38.56752529999999, 14.429202499999999], [38.5685267, 14.4300278], [38.56963580000001, 14.430942], [38.5720818, 14.432958199999996], [38.57897719999999, 14.433635200000001], [38.5864583, 14.436027899999997], [38.5943751, 14.4385762], [38.6012928, 14.439298299999999], [38.608319099999996, 14.43864], [38.61489969999999, 14.4341288], [38.6157744, 14.433529100000001], [38.619220899999995, 14.4348953], [38.6208334, 14.435534500000001], [38.6238995, 14.4367499], [38.631274999999995, 14.4405394], [38.639124, 14.4394882], [38.6467686, 14.4411777], [38.6542178, 14.4449931], [38.6616428, 14.445474599999999], [38.66263680000001, 14.446978899999998], [38.6631968, 14.4478263], [38.6649089, 14.450417100000001], [38.66663059999999, 14.451191699999997], [38.6674237, 14.451548599999999], [38.66993060000001, 14.452676400000001], [38.6750982, 14.452990900000001], [38.6802507, 14.456757899999998], [38.687220100000005, 14.4601929], [38.6954149, 14.4623066], [38.702942799999995, 14.465288099999999], [38.70996439999999, 14.463716799999998], [38.7157671, 14.460991999999997], [38.7232345, 14.4606656], [38.730547699999995, 14.4588963], [38.73633909999999, 14.4603576], [38.7431913, 14.462087599999998], [38.750180300000004, 14.4650811], [38.758924400000005, 14.4646268], [38.768012999999996, 14.466069300000001], [38.7748498, 14.466887400000001], [38.7809738, 14.465621199999996], [38.786638599999996, 14.463962599999999], [38.794040300000006, 14.463219100000002], [38.7987555, 14.4663603], [38.8000934, 14.467251599999999], [38.801691000000005, 14.468315899999997], [38.8089855, 14.471929099999999], [38.8151625, 14.4743359], [38.8152056, 14.4745416], [38.8155468, 14.4761662], [38.8165861, 14.481116199999999], [38.816714999999995, 14.481730200000001], [38.816721900000005, 14.481763299999999], [38.8167492, 14.481892999999998], [38.816788599999995, 14.481893399999999], [38.8244632, 14.4819685], [38.8302176, 14.483691300000002], [38.8351867, 14.485279899999998], [38.835754699999995, 14.4858191], [38.836063599999996, 14.4847158], [38.8361624, 14.4852573], [38.8362374, 14.485752399999999], [38.8363392, 14.486373899999998], [38.83725679999999, 14.487245], [38.839217299999994, 14.489106099999999], [38.84125449999999, 14.4910399], [38.841263299999994, 14.4910456], [38.8416077, 14.4912698], [38.8483942, 14.495687700000003], [38.8566248, 14.494514399999998], [38.8642314, 14.494046899999999], [38.8702499, 14.495046299999998], [38.87730539999999, 14.4966087], [38.88344399999999, 14.497590099999998], [38.8901912, 14.499216199999998], [38.896773499999995, 14.4996523], [38.9048773, 14.5011928], [38.9139342, 14.506016099999998], [38.92009089999999, 14.5106495], [38.920968900000005, 14.5113103], [38.922064000000006, 14.512503499999996], [38.9245648, 14.515228300000002], [38.9276884, 14.518631699999998], [38.928085200000005, 14.519064000000002], [38.9297965, 14.5212493], [38.9325555, 14.524772599999995], [38.933424, 14.525881700000001], [38.9335178, 14.526001399999998], [38.9357298, 14.5295918], [38.93726709999999, 14.532087100000002], [38.94356450000001, 14.531187999999998], [38.945772999999996, 14.5311702], [38.94963750000001, 14.5311391], [38.951043, 14.5326545], [38.9525517, 14.534281099999998], [38.953213000000005, 14.534994000000005], [38.953490900000006, 14.534960199999999], [38.9535543, 14.535362], [38.954142, 14.535995599999996], [38.9603719, 14.538173699999998], [38.9673063, 14.5384683], [38.97176350000001, 14.540345899999998], [38.973262500000004, 14.5409773], [38.97473319999999, 14.541596799999997], [38.97497419999999, 14.542028100000003], [38.9754548, 14.542888099999997], [38.9780064, 14.5474545], [38.9809327, 14.5526973], [38.98121769999999, 14.552999600000001], [38.982464799999995, 14.554322700000002], [38.984294299999995, 14.556263599999998], [38.98766859999999, 14.559843299999997], [38.989254599999995, 14.5613147], [38.991841699999995, 14.563714699999998], [38.993862299999996, 14.565589200000003], [38.993876, 14.5656404], [38.9955365, 14.571817300000003], [38.99902189999999, 14.577208299999999], [39.0011695, 14.585778499999998], [39.001858, 14.586130599999999], [39.003895299999996, 14.5871725], [39.00996370000001, 14.5902758], [39.0101552, 14.591126599999999], [39.01061769999999, 14.593181999999999], [39.0114361, 14.596818500000005], [39.012674, 14.603449000000001], [39.0106161, 14.609183599999998], [39.00846860000001, 14.6162388], [39.010633299999995, 14.619078], [39.01303879999999, 14.622233], [39.01319009999999, 14.6224315], [39.0132064, 14.622530999999999], [39.0133304, 14.622615500000002], [39.0142866, 14.623869599999997], [39.017541, 14.6265188], [39.0194156, 14.628044900000004], [39.020053499999996, 14.628564099999997], [39.021935299999996, 14.630630700000001], [39.023111, 14.631921799999999], [39.023519, 14.6323699], [39.0246117, 14.632814900000003], [39.02688409999999, 14.633740300000001], [39.028668499999995, 14.634466900000003], [39.0342911, 14.633311099999998], [39.04139449999999, 14.6316326], [39.0484182, 14.6354901], [39.0551929, 14.636187300000001], [39.061470199999995, 14.636277000000002], [39.0674979, 14.6337229], [39.075328899999995, 14.6334164], [39.0807369, 14.636514], [39.0868417, 14.633338300000005], [39.0917362, 14.632802600000002], [39.0975964, 14.6333733], [39.1043823, 14.6300321], [39.109598999999996, 14.622569599999999], [39.1128281, 14.6189014], [39.1139529, 14.617623700000001], [39.1246644, 14.613430900000001], [39.1318799, 14.615162700000003], [39.1334289, 14.615534400000001], [39.1574504, 14.620278200000005], [39.1694703, 14.619750899999998], [39.1776776, 14.618530799999997], [39.1870593, 14.6159712], [39.1941728, 14.613413000000001], [39.200322899999996, 14.611037699999999], [39.203723499999995, 14.607639000000004], [39.2080524, 14.6033124], [39.2123345, 14.5975353], [39.21587039999999, 14.591470600000001], [39.2186526, 14.584996100000003], [39.220984699999995, 14.5795691], [39.22103380000001, 14.5789365], [39.2215367, 14.5724586], [39.226467199999995, 14.5682187], [39.2305544, 14.568184599999999], [39.2331822, 14.568162600000003], [39.2386315, 14.565882300000002], [39.2381599, 14.560682199999999], [39.2401271, 14.555666399999998], [39.2395606, 14.552800500000004], [39.23854179999999, 14.547646499999999], [39.236256899999994, 14.544956499999998], [39.233647000000005, 14.541883899999998], [39.2331571, 14.541307199999997], [39.2323139, 14.540314500000003], [39.2320244, 14.530971599999999], [39.2314529, 14.519166799999999], [39.2279044, 14.511649399999998], [39.2230524, 14.5049086], [39.219879999999996, 14.5003541], [39.2176073, 14.497286099999998], [39.21670799999999, 14.496072000000003], [39.2118619, 14.4942921], [39.208486099999995, 14.493052300000002], [39.211546500000004, 14.4875166], [39.21448, 14.482848699999998], [39.2191315, 14.478185600000005], [39.21889290000001, 14.470759100000002], [39.219341899999996, 14.468556], [39.2208751, 14.461032399999999], [39.22100249999999, 14.453800399999999], [39.2231118, 14.448807699999998], [39.2241832, 14.4433251], [39.22738950000001, 14.436938399999997], [39.2317921, 14.430761299999999], [39.2344516, 14.423302], [39.23552420000001, 14.4205466], [39.239754999999995, 14.411598399999997], [39.2466497, 14.405436299999998], [39.2467638, 14.405334300000002], [39.2469045, 14.404719700000001], [39.2481217, 14.399418799999998], [39.2497479, 14.392259999999997], [39.2554307, 14.392346799999999], [39.260725099999995, 14.393100500000001], [39.2679039, 14.3973426], [39.268208699999995, 14.397522799999997], [39.26845769999999, 14.3976738], [39.2758453, 14.402154999999999], [39.27597170000001, 14.4021848], [39.283239300000005, 14.403901399999997], [39.29024479999999, 14.404734699999999], [39.29289429999999, 14.410583600000002], [39.300832500000006, 14.411389100000001], [39.300872, 14.4125891], [39.3010575, 14.4182252], [39.2978854, 14.424202800000002], [39.297353, 14.4301055], [39.2977141, 14.4361826], [39.307504699999996, 14.436180900000002], [39.3148129, 14.437557199999997], [39.31991740000001, 14.4419387], [39.3201968, 14.442609099999999], [39.3232916, 14.4500344], [39.3191597, 14.452157499999998], [39.3178289, 14.452841300000001], [39.3183757, 14.453589399999998], [39.3188964, 14.4543019], [39.3219484, 14.458477799999999], [39.3223586, 14.4590391], [39.3168046, 14.459774700000002], [39.3163074, 14.4598405], [39.3143452, 14.46576], [39.3143344, 14.4733041], [39.3143343, 14.4733461], [39.3141077, 14.475925], [39.313848, 14.478881], [39.3142475, 14.478912999999999], [39.3145081, 14.4789338], [39.3157923, 14.4790366], [39.3219843, 14.479531799999998], [39.3294233, 14.480372700000002], [39.3299284, 14.480429799999996], [39.329982300000005, 14.480435900000002], [39.3299729, 14.480452599999996], [39.3265549, 14.486521999999999], [39.323518, 14.492404099999998], [39.3235746, 14.4930341], [39.323655200000005, 14.493929699999997], [39.324045700000006, 14.498269899999999], [39.330247, 14.503251099999998], [39.3358348, 14.507164699999999], [39.340012099999996, 14.511309500000001], [39.34003719999999, 14.5112986], [39.3469886, 14.508296800000002], [39.353389799999995, 14.5050125], [39.3580344, 14.500519599999999], [39.3647157, 14.496262099999996], [39.371148999999996, 14.494614900000002], [39.3693774, 14.499794999999995], [39.3646481, 14.5058214], [39.3647837, 14.511839000000002], [39.3685772, 14.518689600000004], [39.367652699999994, 14.5266477], [39.3646014, 14.533988599999999], [39.368698599999995, 14.5383139], [39.3747344, 14.5367724], [39.3789459, 14.536310499999999], [39.3836339, 14.535796300000005], [39.384701199999995, 14.535965599999997], [39.38562339999999, 14.5361119], [39.391231999999995, 14.537001900000002], [39.3922167, 14.5371652], [39.3984633, 14.5382012], [39.4042782, 14.535543499999998], [39.40545999999999, 14.535003299999998], [39.4121855, 14.531004699999995], [39.4199961, 14.530680599999997], [39.42531299999999, 14.530673699999996], [39.428219399999996, 14.530669899999998], [39.4287256, 14.5270344], [39.4290989, 14.5243538], [39.4294328, 14.524087700000004], [39.43294469999999, 14.521288699999998], [39.435477, 14.5192704], [39.4373376, 14.5202136], [39.4381143, 14.520607399999996], [39.445538299999996, 14.5243709], [39.44580039999999, 14.524455699999999], [39.453263400000004, 14.526868399999998], [39.4523408, 14.5198091], [39.4520932, 14.510938699999999], [39.4570825, 14.507242899999998], [39.461865100000004, 14.513046], [39.46932029999999, 14.5156092], [39.4677692, 14.508399199999998], [39.4710214, 14.504413499999998], [39.4726421, 14.498251099999996], [39.47887689999999, 14.498950999999998], [39.485096500000004, 14.501424999999998], [39.4878474, 14.503978899999996], [39.4881558, 14.504128900000001], [39.4882376, 14.504341100000001], [39.488724, 14.5056026], [39.4907985, 14.507072], [39.492120899999996, 14.508911399999999], [39.4932531, 14.509462200000003], [39.494969999999995, 14.516880399999998], [39.4967346, 14.526917300000001], [39.499174, 14.536829999999998], [39.5003865, 14.5437997], [39.4987663, 14.550771199999998], [39.4966133, 14.556671199999998], [39.4944013, 14.564362899999999], [39.493167799999995, 14.5740886], [39.4916795, 14.582474699999999], [39.485854499999995, 14.589119300000004], [39.4818151, 14.594009400000003], [39.4777724, 14.5976111], [39.47753420000001, 14.6036293], [39.4820858, 14.610129999999996], [39.4857765, 14.617767400000002], [39.4900788, 14.6250357], [39.48761520000001, 14.6327482], [39.4865796, 14.640238500000004], [39.4866823, 14.6405274], [39.4883692, 14.645273], [39.490311399999996, 14.6470062], [39.4922073, 14.648697899999998], [39.492749499999995, 14.649322600000001], [39.4946042, 14.6514595], [39.496561799999995, 14.653714800000001], [39.4971109, 14.6543475], [39.4997463, 14.664130600000002], [39.500492699999995, 14.670714299999998], [39.5026749, 14.6770101], [39.502946099999996, 14.676816200000005], [39.509986399999995, 14.671781300000001], [39.511733199999995, 14.673371800000002], [39.51211670000001, 14.673721], [39.5146673, 14.676043299999998], [39.515786399999996, 14.677062299999996], [39.5165317, 14.676742899999999], [39.5228371, 14.674040399999999], [39.5303008, 14.671040500000002], [39.5374432, 14.669518100000001], [39.5441188, 14.670352], [39.549275, 14.6696447], [39.5555131, 14.668780300000002], [39.5634768, 14.6698499], [39.569630800000006, 14.669904299999999], [39.5751823, 14.669890599999997], [39.580042899999995, 14.667793300000001], [39.5855628, 14.664767599999998], [39.591225, 14.662146799999999], [39.5955826, 14.6574839], [39.60082320000001, 14.6519874], [39.6058294, 14.6471091], [39.611016299999996, 14.6436782], [39.618086999999996, 14.638273], [39.62268650000001, 14.635943900000001], [39.6244662, 14.628467600000004], [39.625799099999995, 14.619719100000001], [39.62880859999999, 14.608764500000005], [39.6336924, 14.602901399999995], [39.637687799999995, 14.5984338], [39.642999700000004, 14.595809700000002], [39.65007620000001, 14.5930678], [39.6574263, 14.589822900000003], [39.662942, 14.591232000000002], [39.6665445, 14.5921523], [39.6667689, 14.592030399999999], [39.67383329999999, 14.588192799999998], [39.676831699999994, 14.588453099999999], [39.67794779999999, 14.588549900000002], [39.68028969999999, 14.588753200000001], [39.6847983, 14.5832188], [39.6895813, 14.5772591], [39.6967571, 14.569013199999999], [39.6990488, 14.562009800000002], [39.70486089999999, 14.555783400000001], [39.7093327, 14.551368], [39.71519680000001, 14.551658999999999], [39.722192299999996, 14.549011799999995], [39.7287955, 14.5467903], [39.7345219, 14.547004], [39.7419559, 14.546169600000002], [39.7502749, 14.545216300000003], [39.75806, 14.543492199999998], [39.7667857, 14.5407614], [39.7684908, 14.533188400000002], [39.7745288, 14.527144999999999], [39.7768735, 14.5225424], [39.7799593, 14.5189122], [39.7854492, 14.511084599999997], [39.7915436, 14.50634], [39.7926101, 14.500192], [39.79784599999999, 14.4995895], [39.7994728, 14.4994023], [39.801009699999994, 14.499225399999998], [39.8067181, 14.493372800000001], [39.810102900000004, 14.487477200000002], [39.8131809, 14.4823715], [39.8199807, 14.4789505], [39.825682799999996, 14.480143299999998], [39.8313151, 14.4848552], [39.8414101, 14.479400400000003], [39.846841, 14.4744873], [39.8566161, 14.472026], [39.861917999999996, 14.465819399999999], [39.86673879999999, 14.4634962], [39.872553499999995, 14.461897599999999], [39.879821799999995, 14.452104799999999], [39.890419, 14.443637099999998], [39.8905002, 14.4435722], [39.8952372, 14.4358502], [39.9002978, 14.431827499999999], [39.911406299999996, 14.4229288], [39.923756, 14.414994900000002], [39.9320397, 14.412051199999999], [39.9384645, 14.4087496], [39.944658399999994, 14.409453099999999], [39.94986370000001, 14.4106453], [39.9544592, 14.4140231], [39.956333199999996, 14.4160794], [39.957983999999996, 14.417890799999999], [39.9587152, 14.418309500000001], [39.964645399999995, 14.421705200000002], [39.9700077, 14.4254015], [39.971352200000005, 14.426328199999999], [39.97149879999999, 14.4315848], [39.972383199999996, 14.4324544], [39.974599, 14.4346331], [39.9780611, 14.438037300000001], [39.98085, 14.4407797], [39.9842563, 14.432340700000001], [39.983846799999995, 14.4236076], [39.9810842, 14.414884899999999], [39.9795763, 14.409876], [39.9811462, 14.400812], [39.9817341, 14.3937732], [39.988085299999995, 14.3881051], [39.990811199999996, 14.382039899999999], [39.9908437, 14.3819675], [39.985957899999995, 14.378227200000001], [39.9797777, 14.3709738], [39.9722224, 14.3701564], [39.967135999999996, 14.367629599999997], [39.9565088, 14.3624163], [39.95026939999999, 14.3604187], [39.9447012, 14.360927000000002], [39.9385137, 14.3614365], [39.9338177, 14.363396599999996], [39.926893699999994, 14.3653648], [39.9209614, 14.367813699999997], [39.916267399999995, 14.3702589], [39.90832470000001, 14.3653765], [39.9014801, 14.366675999999998], [39.89547100000001, 14.370581099999999], [39.8898943, 14.369146699999998], [39.88420500000001, 14.370502700000001], [39.88348, 14.3703167], [39.877678499999995, 14.3688283], [39.862778999999996, 14.368155699999999], [39.8531188, 14.367098799999999], [39.8546275, 14.373159000000001], [39.847412999999996, 14.3750453], [39.838065799999995, 14.380497400000003], [39.8275753, 14.382718499999998], [39.8199977, 14.382502400000002], [39.8088631, 14.3847244], [39.8009481, 14.387177699999999], [39.79599149999999, 14.3859819], [39.7876711, 14.378730299999999], [39.7775402, 14.3753346], [39.772048999999996, 14.373850700000002], [39.7726842, 14.362922200000002], [39.774870899999996, 14.351449900000002], [39.779705899999996, 14.335798199999997], [39.7792041, 14.330532199999999], [39.771334499999995, 14.319853799999999], [39.762636, 14.318696200000002], [39.75061559999999, 14.3128216], [39.7453314, 14.3086493], [39.733264399999996, 14.3065938], [39.726247699999995, 14.302962199999998], [39.7263923, 14.3007701], [39.7268372, 14.294027199999997], [39.729431999999996, 14.2917524], [39.733614700000004, 14.2880854], [39.73377240000001, 14.287947200000001], [39.7362283, 14.285956799999996], [39.742011100000006, 14.2812701], [39.7521193, 14.278259799999999], [39.7576057, 14.2771774], [39.7570311, 14.2637615], [39.7559128, 14.250040699999998], [39.7573041, 14.239843599999999], [39.753049, 14.237048500000002], [39.7422166, 14.234941699999998], [39.7327287, 14.2369494], [39.71828429999999, 14.240053699999997], [39.706474799999995, 14.2420626], [39.694087499999995, 14.241311399999999], [39.6878983, 14.231344499999999], [39.685722399999996, 14.2161764], [39.679932199999996, 14.2106918], [39.6762993, 14.207100899999999], [39.6722697, 14.2003347], [39.6646959, 14.197246999999999], [39.663890699999996, 14.196918799999999], [39.6583835, 14.198681700000002], [39.656431399999995, 14.192823800000001], [39.6499628, 14.188612399999998], [39.65776879999999, 14.182403500000001], [39.659852, 14.1820038], [39.664053800000005, 14.1811977], [39.6735213, 14.1777161], [39.681998500000006, 14.164686699999999], [39.6935761, 14.161445499999997], [39.6991331, 14.159774100000002], [39.7005068, 14.159464400000001], [39.7034916, 14.1587915], [39.7055769, 14.1583214], [39.71504019999999, 14.156314], [39.7209369, 14.157018400000002], [39.7314894, 14.1553533], [39.738326699999995, 14.15413], [39.7399992, 14.1538308], [39.7495413, 14.151798399999999], [39.758004799999995, 14.145147899999998], [39.76713300000001, 14.140043400000001], [39.7754214, 14.139065099999998], [39.7855843, 14.141232700000002], [39.790722699999996, 14.142543100000001], [39.7978051, 14.142528799999997], [39.80954810000001, 14.1516463], [39.819101200000006, 14.1534425], [39.826833199999996, 14.154952399999996], [39.8376248, 14.154198500000001], [39.8371146, 14.1417436], [39.8381535, 14.1265422], [39.841558899999995, 14.115097999999998], [39.8431079, 14.1093667], [39.8419054, 14.1021608], [39.8419357, 14.098657999999997], [39.8419498, 14.097038699999999], [39.8432354, 14.089869699999998], [39.8482685, 14.0779611], [39.8470685, 14.0715842], [39.8444809, 14.0601089], [39.8442836, 14.056091799999999], [39.84399700000001, 14.050258600000001], [39.8470824, 14.044208999999999], [39.849459700000004, 14.038635800000002], [39.8547299, 14.0309809], [39.8606617, 14.028231600000002], [39.8663247, 14.0215993], [39.882301000000005, 14.016060500000002], [39.88593699999999, 14.012203099999999], [39.8791557, 14.003136], [39.8740324, 13.999185599999999], [39.868489200000006, 13.9922417], [39.869058, 13.9829234], [39.85859369999999, 13.973186799999999], [39.8591644, 13.965772900000001], [39.847917599999995, 13.970564500000002], [39.835644099999996, 13.9756464], [39.829201, 13.9742827], [39.82313739999999, 13.9719075], [39.8156509, 13.968239500000001], [39.8127658, 13.9602162], [39.807469399999995, 13.953728300000002], [39.8045887, 13.949700100000001], [39.801657999999996, 13.945601900000002], [39.81257799999999, 13.9448609], [39.817633099999995, 13.9425811], [39.82791900000001, 13.931626399999999], [39.8256061, 13.92657], [39.8260915, 13.9213776], [39.83327870000001, 13.918403399999999], [39.833511400000006, 13.9078425], [39.829412399999995, 13.899620500000001], [39.828181199999996, 13.887951399999999], [39.82856299999999, 13.8802946], [39.828768600000004, 13.875015099999999], [39.8290222, 13.8685023], [39.8378468, 13.8642103], [39.83630319999999, 13.8541303], [39.841055399999995, 13.847112599999997], [39.842246300000006, 13.838402900000002], [39.83938469999999, 13.8335949], [39.8368143, 13.829276300000002], [39.836615099999996, 13.828941599999999], [39.8337013, 13.821384], [39.836296999999995, 13.8113535], [39.8374963, 13.809559200000002], [39.8415495, 13.8034956], [39.8483701, 13.799994499999999], [39.8522731, 13.7948979], [39.852933699999994, 13.7909781], [39.853733500000004, 13.786232699999998], [39.853012500000006, 13.7759282], [39.853197300000005, 13.766511099999999], [39.8573728, 13.7607237], [39.863768799999995, 13.7551098], [39.8741985, 13.749403899999997], [39.8840688, 13.748246199999999], [39.875999900000004, 13.738208], [39.87408990000001, 13.7221698], [39.874553899999995, 13.710478199999995], [39.8776686, 13.705977400000002], [39.8774951, 13.6975606], [39.877652700000006, 13.688772], [39.87622210000001, 13.680254000000001], [39.8702736, 13.665839799999999], [39.8674226, 13.658280999999999], [39.8677481, 13.649519199999999], [39.8685538, 13.6435387], [39.867728, 13.634920400000002], [39.8664509, 13.6269397], [39.866788299999996, 13.6259712], [39.8687016, 13.620478600000002], [39.8687322, 13.615330000000002], [39.8695586, 13.6095054], [39.86495370000001, 13.602666099999999], [39.8654983, 13.5961693], [39.865476300000005, 13.590311599999998], [39.8675715, 13.583809200000001], [39.8670507, 13.575096000000002], [39.8653254, 13.5637058], [39.863389999999995, 13.5583559], [39.8639072, 13.548160800000002], [39.8532783, 13.5540916], [39.84340470000001, 13.556503399999999], [39.83579889999999, 13.555326699999998], [39.8224002, 13.556799099999996], [39.81626349999999, 13.5577708], [39.811626499999996, 13.5555459], [39.8038357, 13.553724999999998], [39.793824, 13.555723999999998], [39.78821920000001, 13.560282599999999], [39.7835745, 13.5633828], [39.7729068, 13.566882399999999], [39.7630321, 13.571271], [39.75506490000001, 13.570893], [39.7491053, 13.5708469], [39.746406199999996, 13.570825999999995], [39.7445472, 13.570811599999999], [39.739455799999995, 13.563148299999998], [39.7396423, 13.5522785], [39.739727699999996, 13.5472998], [39.733999, 13.528867499999999], [39.73394520000001, 13.528694499999999], [39.7291656, 13.5240736], [39.728213000000004, 13.5166271], [39.723424699999995, 13.5091919], [39.7224351, 13.4989595], [39.7205096, 13.486852599999999], [39.719517499999995, 13.475681], [39.7213754, 13.4654405], [39.7242065, 13.450533799999999], [39.72606629999999, 13.441201900000001], [39.726045899999995, 13.434446000000001], [39.7260382, 13.4319048], [39.72774239999999, 13.4222284], [39.7300052, 13.4159176], [39.7324479, 13.4096038], [39.733948, 13.4030691], [39.7383429, 13.399575999999998], [39.7416057, 13.3940429], [39.7435508, 13.3889374], [39.741284199999996, 13.3821955], [39.7457589, 13.374121299999999], [39.73605680000001, 13.3769545], [39.7295224, 13.378807799999997], [39.7316937, 13.373320200000002], [39.73601430000001, 13.3680693], [39.740033700000005, 13.363254399999999], [39.742180399999995, 13.357488900000002], [39.741704399999996, 13.3512876], [39.7402795, 13.345695599999999], [39.739518800000006, 13.338911399999999], [39.7387641, 13.332886], [39.736455500000005, 13.3273025], [39.737746699999995, 13.3210944], [39.735012399999995, 13.314301599999999], [39.728499000000006, 13.3087986], [39.724361200000004, 13.3029661], [39.7197232, 13.294554199999999], [39.7249718, 13.288338099999999], [39.730050399999996, 13.2865773], [39.7359009, 13.286540699999998], [39.7363572, 13.286233600000001], [39.7417837, 13.2825814], [39.7480451, 13.2816804], [39.753476500000005, 13.279987399999998], [39.754345300000004, 13.2798047], [39.7586484, 13.2788999], [39.762420399999996, 13.283453199999999], [39.7673152, 13.285269], [39.772223499999996, 13.2801516], [39.77737849999999, 13.275160900000001], [39.78198559999999, 13.2692208], [39.7835973, 13.2664305], [39.785749100000004, 13.262705], [39.7852046, 13.2571828], [39.785092899999995, 13.251956600000002], [39.787225, 13.2456303], [39.791215199999996, 13.239491899999999], [39.7958794, 13.233016699999999], [39.7976892, 13.229886599999999], [39.798794099999995, 13.227975500000001], [39.79905670000001, 13.2275213], [39.7997382, 13.223784699999998], [39.80021, 13.2211973], [39.8005832, 13.219150999999998], [39.8085329, 13.2171739], [39.807939999999995, 13.209261699999999], [39.8069452, 13.2025066], [39.806909499999996, 13.202403399999998], [39.8047575, 13.1961887], [39.803772099999996, 13.189679799999999], [39.80582150000001, 13.1856363], [39.8070847, 13.183144099999998], [39.809171, 13.176686199999999], [39.810108199999995, 13.169720599999998], [39.8103894, 13.163934399999999], [39.8119471, 13.1551574], [39.81563599999999, 13.1461877], [39.820946500000005, 13.138659700000002], [39.8242966, 13.1319527], [39.827163299999995, 13.1240318], [39.82767749999999, 13.122562099999998], [39.829250300000005, 13.1180671], [39.831223099999995, 13.1125419], [39.8324578, 13.1065097], [39.833165199999996, 13.097424700000001], [39.8331958, 13.0885608], [39.8350635, 13.082977699999999], [39.83843710000001, 13.077092], [39.841998499999995, 13.067976700000001], [39.8456566, 13.059152099999999], [39.847955199999994, 13.052805899999997], [39.85073049999999, 13.0479003], [39.8536243, 13.042721299999998], [39.857987699999995, 13.036156700000001], [39.8604854, 13.028367499999998], [39.86305889999999, 13.019703699999997], [39.8622125, 13.011486499999998], [39.8603777, 13.0036195], [39.861757999999995, 12.993831400000001], [39.86150509999999, 12.9866972], [39.8610549, 12.977321199999999], [39.860010200000005, 12.9696324], [39.862363699999996, 12.9620216], [39.866732799999994, 12.9539327], [39.8696663, 12.948259900000002], [39.87184570000001, 12.944045599999997], [39.87244369999999, 12.942889199999998], [39.8726207, 12.942546799999997], [39.8727741, 12.942250099999999], [39.879649500000006, 12.935393699999999], [39.88638609999999, 12.930909899999998], [39.898175599999995, 12.926062000000002], [39.904247399999996, 12.9217544], [39.90643490000001, 12.914339799999999], [39.9118019, 12.909690900000001], [39.9165686, 12.904636199999999], [39.9202908, 12.898490599999999], [39.9252044, 12.893767399999998], [39.929261, 12.8815051], [39.9293583, 12.874393], [39.9348141, 12.8675822], [39.9411809, 12.861272899999998], [39.9454931, 12.853229699999998], [39.948622699999994, 12.8474071], [39.9506356, 12.841689400000002], [39.9525383, 12.836919799999999], [39.9561763, 12.832506899999998], [39.9608143, 12.8286482], [39.9654834, 12.8218834], [39.96950859999999, 12.8141263], [39.970650299999996, 12.805169999999997], [39.97258059999999, 12.797360500000002], [39.9779829, 12.792190899999998], [39.963275100000004, 12.782183899999998], [39.9536789, 12.778177999999999], [39.9427078, 12.7714787], [39.9275571, 12.767072700000002], [39.9195762, 12.7668897], [39.9092172, 12.7645881], [39.899049, 12.762307999999997], [39.888647899999995, 12.7557757], [39.869782, 12.7339191], [39.8676056, 12.723737700000001], [39.8497458, 12.717812], [39.8394139, 12.7132744], [39.834953399999996, 12.7067287], [39.82510999999999, 12.7135078], [39.8051489, 12.717709500000002], [39.7779145, 12.718973700000001], [39.763613899999996, 12.7195743], [39.7629993, 12.7196001], [39.7627838, 12.719609199999999], [39.7549044, 12.7160829], [39.7476306, 12.7125546], [39.7385428, 12.709622699999999], [39.728398799999994, 12.699218100000001], [39.7282874, 12.6991038], [39.7287111, 12.698417899999999], [39.7287886, 12.6982764], [39.7288536, 12.6983434], [39.7289822, 12.698045899999999], [39.729625999999996, 12.696980200000002], [39.7300027, 12.6963363], [39.730512399999995, 12.6955172], [39.7309859, 12.694744199999999], [39.7314471, 12.694241399999997], [39.7318959, 12.693597299999997], [39.7322366, 12.692871799999999], [39.7325769, 12.6920048], [39.7327229, 12.691560499999998], [39.7328694, 12.690892999999999], [39.7330036, 12.6904832], [39.733174, 12.6898272], [39.7332962, 12.6892185], [39.7335034, 12.6884933], [39.7337105, 12.687743999999999], [39.7338813, 12.687006399999998], [39.733978900000004, 12.686561], [39.7341007, 12.686198399999999], [39.7345265, 12.685226499999999], [39.73470879999999, 12.684782100000001], [39.73495189999999, 12.684301799999998], [39.735207100000004, 12.683715699999997], [39.735389600000005, 12.6833184], [39.7356444, 12.6828036], [39.735996199999995, 12.6824289], [39.736275299999996, 12.682042800000001], [39.7365181, 12.681691399999998], [39.736797599999996, 12.681233999999998], [39.737076699999996, 12.6806605], [39.73736869999999, 12.680016699999998], [39.7374177, 12.6796543], [39.73767249999999, 12.679115399999999], [39.7380007, 12.678424399999999], [39.7387047, 12.677359799999998], [39.739142099999995, 12.676516699999999], [39.739834099999996, 12.6754509], [39.74041649999999, 12.6746442], [39.7407568, 12.674186700000002], [39.7412056, 12.6735437], [39.741861, 12.672629799999998], [39.7422252, 12.672021599999999], [39.74274729999999, 12.671155199999998], [39.7430873, 12.670418199999999], [39.7435378, 12.669130000000001], [39.744083499999995, 12.668415399999999], [39.7444598, 12.6678773], [39.7448847, 12.667420600000002], [39.7449584, 12.6667189], [39.744826599999996, 12.666074000000002], [39.7438232, 12.664985399999999], [39.7434371, 12.664422900000002], [39.7428702, 12.6642799], [39.7427603, 12.6641176], [39.7420878, 12.6639456], [39.74190060000001, 12.6638977], [39.7414415, 12.663643900000002], [39.740834299999996, 12.6632239], [39.7406888, 12.663123299999999], [39.740323499999995, 12.6629496], [39.739546399999995, 12.662833899999997], [39.7390398, 12.662765], [39.73865130000001, 12.662614099999999], [39.7377213, 12.6623718], [39.7370501, 12.6621525], [39.7359436, 12.6616555], [39.73498970000001, 12.6613894], [39.7345426, 12.661216], [39.7337533, 12.661100300000001], [39.73322299999999, 12.661064299999998], [39.732799, 12.6610757], [39.731620400000004, 12.661514299999999], [39.7312309, 12.661629899999998], [39.7306065, 12.661767699999999], [39.7289209, 12.662205499999999], [39.728438, 12.662344], [39.7277662, 12.662517099999997], [39.726917799999995, 12.662620299999999], [39.72608069999999, 12.662804], [39.7246075, 12.663092700000002], [39.72421899999999, 12.663149299999999], [39.7232171, 12.663322100000002], [39.722616099999996, 12.6635063], [39.72199109999999, 12.6638414], [39.7215429, 12.6641181], [39.720410199999996, 12.6650295], [39.7199382, 12.6653063], [39.71934909999999, 12.6655948], [39.71883, 12.665836599999995], [39.7178634, 12.666194100000002], [39.7174392, 12.666355099999999], [39.7168259, 12.666528], [39.716083399999995, 12.6667466], [39.715435299999996, 12.6668855], [39.714798599999995, 12.667000599999998], [39.71425649999999, 12.6670803], [39.7135028, 12.6670461], [39.712796100000006, 12.666976499999997], [39.712160100000006, 12.6669295], [39.71137100000001, 12.6668601], [39.710910999999996, 12.6668591], [39.710392899999995, 12.666824199999997], [39.709969199999996, 12.666766399999998], [39.7095568, 12.666754999999998], [39.708814499999995, 12.666661699999997], [39.708202199999995, 12.6665352], [39.7077899, 12.6663844], [39.7073544, 12.6662222], [39.7067894, 12.666014], [39.7055651, 12.665481999999999], [39.7051765, 12.6653209], [39.704799699999995, 12.665205099999998], [39.7042698, 12.665077199999999], [39.70379899999999, 12.664973000000002], [39.7034106, 12.6648572], [39.703034, 12.664603099999999], [39.702574899999995, 12.6642914], [39.70209270000001, 12.663806199999998], [39.7017759, 12.663366999999997], [39.7010703, 12.6626625], [39.7006109, 12.662466400000001], [39.7002107, 12.6622576], [39.6999403, 12.662015700000001], [39.6997879, 12.6616691], [39.699271499999995, 12.660560299999998], [39.69906, 12.660225299999999], [39.6987194, 12.6597408], [39.6983786, 12.6594174], [39.6980729, 12.6590009], [39.6974683, 12.658205599999999], [39.697292999999995, 12.6581946], [39.696763, 12.658123999999997], [39.696706, 12.658117500000001], [39.695918000000006, 12.658028600000002], [39.6951992, 12.6579572], [39.694518599999995, 12.6577916], [39.693912999999995, 12.6577909], [39.6931186, 12.6577906], [39.69195870000001, 12.657482199999999], [39.6912653, 12.6571621], [39.690143299999995, 12.656830299999998], [39.689563099999994, 12.6567946], [39.6890213, 12.656498499999998], [39.6881768, 12.656368199999998], [39.6871431, 12.656072199999999], [39.6865376, 12.6558587], [39.68600889999999, 12.655597500000002], [39.685454199999995, 12.655360599999998], [39.684672299999995, 12.655159300000001], [39.6838274, 12.655076599999997], [39.682983, 12.6547208], [39.682479099999995, 12.6544246], [39.6820885, 12.654246599999997], [39.681156, 12.653938700000001], [39.680348800000004, 12.6537967], [39.6798947, 12.653783899999999], [39.6792767, 12.6537843], [39.6786211, 12.653653499999997], [39.67823009999999, 12.653546400000002], [39.677549500000005, 12.6533447], [39.67695709999999, 12.6531789], [39.676175199999996, 12.6529659], [39.6753055, 12.652681], [39.674536599999996, 12.652467999999997], [39.673943900000005, 12.6523846], [39.6733135, 12.6521829], [39.6728977, 12.652075799999999], [39.67207750000001, 12.652194099999999], [39.6718268, 12.6513068], [39.67104569999999, 12.6509392], [39.670529599999995, 12.650489600000002], [39.670468, 12.6503962], [39.6704649, 12.6503915], [39.6704638, 12.6503854], [39.670186199999996, 12.6499337], [39.6697932, 12.649458300000001], [39.6691947, 12.6489029], [39.66905599999999, 12.6487673], [39.6688581, 12.648574], [39.6685033, 12.648039200000003], [39.6680238, 12.6473166], [39.66799650000001, 12.647275400000002], [39.6679745, 12.647229699999999], [39.6674151, 12.6460677], [39.6673715, 12.6459789], [39.667208699999996, 12.6456469], [39.667094299999995, 12.6451776], [39.667038999999995, 12.6449512], [39.666739299999996, 12.644475599999998], [39.6662232, 12.6440115], [39.6658483, 12.643623799999999], [39.6637353, 12.6414383], [39.6635458, 12.641207499999998], [39.66165079999999, 12.6389005], [39.66157630000001, 12.638809799999999], [39.6615458, 12.6387726], [39.6614571, 12.638708600000001], [39.6611159, 12.638462299999999], [39.6607984, 12.638334799999997], [39.6584089, 12.637699500000002], [39.6561314, 12.637082200000002], [39.6554031, 12.636772599999999], [39.6549227, 12.636425700000002], [39.6546796, 12.636188100000002], [39.654454300000005, 12.635620699999999], [39.65436019999999, 12.6353095], [39.6546206, 12.634979099999999], [39.654787899999995, 12.634740599999999], [39.65501089999999, 12.6344286], [39.6550132, 12.634424899999997], [39.65515059999999, 12.634204299999999], [39.6551596, 12.63419], [39.655308, 12.6338782], [39.6553398, 12.633557999999999], [39.6553444, 12.633511699999998], [39.655343599999995, 12.633211699999999], [39.655343200000004, 12.633053700000001], [39.65531489999999, 12.6329788], [39.655211699999995, 12.632705999999999], [39.6551465, 12.6324211], [39.655136299999995, 12.6323764], [39.655126599999996, 12.632355199999997], [39.6550612, 12.632211699999997], [39.65506239999999, 12.6321426], [39.655286100000005, 12.631071], [39.656183, 12.6285363], [39.657381699999995, 12.6263173], [39.657975799999996, 12.623150199999998], [39.658865299999995, 12.617766300000001], [39.659461, 12.615232299999999], [39.6594505, 12.611116999999998], [39.660041299999996, 12.6066835], [39.660038099999994, 12.6054173], [39.660925899999995, 12.5994003], [39.66241659999999, 12.593698400000001], [39.663306799999994, 12.588631099999999], [39.6632994, 12.585782000000002], [39.6641839, 12.5784987], [39.66537749999999, 12.5743803], [39.6659657, 12.5689972], [39.666260199999996, 12.566463899999999], [39.6668557, 12.5639299], [39.667151, 12.561713199999998], [39.6657594, 12.5551082], [39.665658900000004, 12.554630999999997], [39.6652974, 12.554584], [39.6634434, 12.5543432], [39.662669599999994, 12.5541333], [39.661601399999995, 12.553843599999999], [39.66134949999999, 12.5537753], [39.65884659999999, 12.552965299999999], [39.6568516, 12.5534766], [39.6546354, 12.554105999999997], [39.652491399999995, 12.5539428], [39.6500269, 12.5544178], [39.649600199999995, 12.5534618], [39.6491153, 12.5523754], [39.64253109999999, 12.554377100000002], [39.6388284, 12.5564764], [39.6386311, 12.5565883], [39.637836300000004, 12.556462300000002], [39.632990299999996, 12.555693600000001], [39.6296858, 12.5538852], [39.625807099999996, 12.552272], [39.6219128, 12.5517006], [39.6158377, 12.549994900000002], [39.6132214, 12.554613900000001], [39.609603799999995, 12.5580225], [39.6042814, 12.5559352], [39.599795400000005, 12.556112799999998], [39.5948281, 12.5587762], [39.5932777, 12.559900099999998], [39.5911347, 12.558403600000002], [39.5889901, 12.5573976], [39.5857441, 12.558394800000002], [39.5823913, 12.5588251], [39.5787905, 12.559391999999999], [39.5779074, 12.559531], [39.57613189999999, 12.5606394], [39.5740141, 12.5619614], [39.5732645, 12.562429399999997], [39.5705022, 12.5634559], [39.5664841, 12.563844699999999], [39.5663116, 12.5640252], [39.56684289999999, 12.564378099999999], [39.570598499999996, 12.566872799999999], [39.571676, 12.5680634], [39.572151, 12.5685882], [39.5728875, 12.569624299999996], [39.5735815, 12.5706008], [39.574111599999995, 12.572820199999999], [39.573329699999995, 12.5751659], [39.5727797, 12.577615799999998], [39.5739117, 12.5802101], [39.572646, 12.5819909], [39.57022930000001, 12.5824921], [39.568004800000004, 12.5835692], [39.5658198, 12.5848605], [39.56392949999999, 12.587000099999997], [39.56352469999999, 12.589733899999999], [39.5632339, 12.5922648], [39.5632972, 12.594652900000002], [39.56102829999999, 12.5972957], [39.56075010000001, 12.5976197], [39.5606643, 12.5977197], [39.5606049, 12.597732], [39.560231900000005, 12.597809499999999], [39.559640099999996, 12.599803200000002], [39.5561815, 12.6045561], [39.5546199, 12.6084397], [39.55559769999999, 12.6111487], [39.557503499999996, 12.613493400000001], [39.561242199999995, 12.611813699999999], [39.565004699999996, 12.6120703], [39.569295499999996, 12.613232000000002], [39.5701756, 12.614567599999997], [39.5687395, 12.616393999999998], [39.5681712, 12.617116799999998], [39.5663008, 12.6186928], [39.5657723, 12.620316700000002], [39.5658871, 12.620488500000002], [39.565909600000005, 12.620506299999997], [39.56610190000001, 12.620657900000003], [39.5660946, 12.620671199999999], [39.5660903, 12.6206792], [39.564510899999995, 12.622917699999999], [39.5642176, 12.6233334], [39.56374710000001, 12.6240002], [39.562205799999994, 12.6274533], [39.5619464, 12.6280345], [39.5624894, 12.628847500000001], [39.563149900000006, 12.629865599999997], [39.5643015, 12.6315838], [39.5639551, 12.633615599999999], [39.5639547, 12.633618], [39.5637783, 12.6337329], [39.5620203, 12.634898999999999], [39.5597968, 12.6350043], [39.55977939999999, 12.635021299999998], [39.558853899999995, 12.635920899999999], [39.558710600000005, 12.6360602], [39.55824, 12.636517699999999], [39.558198999999995, 12.636578499999999], [39.558178, 12.636598099999999], [39.5568391, 12.6385648], [39.5568801, 12.639112400000002], [39.556902799999996, 12.640476099999999], [39.5568996, 12.640689900000002], [39.5571658, 12.642972100000001], [39.5580097, 12.645003899999999], [39.558845500000004, 12.6454656], [39.5588668, 12.645477300000001], [39.559840200000004, 12.646015], [39.559838600000006, 12.6460386], [39.559804199999995, 12.6465489], [39.5597511, 12.6471878], [39.5596707, 12.648157], [39.560127, 12.6487793], [39.56205149999999, 12.6515472], [39.5601397, 12.6523879], [39.5591552, 12.652557100000001], [39.5586902, 12.6526369], [39.558082399999996, 12.652731299999997], [39.5580698, 12.652743500000001], [39.558061099999996, 12.652745000000001], [39.5564661, 12.6542245], [39.55547869999999, 12.6552437], [39.5549733, 12.655731399999999], [39.55647319999999, 12.659135800000001], [39.557130900000004, 12.658902699999997], [39.5584425, 12.6584568], [39.5597427, 12.6596388], [39.5601097, 12.659972499999999], [39.559964, 12.6603809], [39.559863899999996, 12.6606617], [39.5592813, 12.6622959], [39.55828609999999, 12.664378899999999], [39.5575794, 12.6648728], [39.556670499999996, 12.665508], [39.5559322, 12.666023899999999], [39.55390250000001, 12.666977600000001], [39.55219400000001, 12.6684924], [39.550531, 12.669550899999997], [39.5501185, 12.6698135], [39.5482303, 12.670731799999999], [39.546097599999996, 12.6703892], [39.543934699999994, 12.670689800000002], [39.5413638, 12.671073699999999], [39.539246299999995, 12.670812399999999], [39.5373149, 12.6713487], [39.537216799999996, 12.671376], [39.5352258, 12.6710432], [39.533264800000005, 12.669955199999999], [39.5312736, 12.668968999999999], [39.5302093, 12.667254199999997], [39.52821060000001, 12.667094299999999], [39.52606660000001, 12.666236099999997], [39.5243537, 12.665132899999998], [39.522022899999996, 12.664654799999997], [39.5195851, 12.663981399999997], [39.5184973, 12.664024800000002], [39.51752880000001, 12.664063400000002], [39.5153549, 12.664065299999999], [39.5132678, 12.6631142], [39.5108952, 12.663381000000001], [39.508777699999996, 12.663658600000002], [39.5065274, 12.6645683], [39.504555100000005, 12.665830099999999], [39.5023008, 12.6662571], [39.4997177, 12.666262], [39.497493999999996, 12.6661497], [39.496080600000006, 12.6656245], [39.4955484, 12.6654266], [39.4933207, 12.6644315], [39.493122, 12.6622413], [39.4934963, 12.6599664], [39.493358900000004, 12.657924099999999], [39.4933128, 12.6558014], [39.491840599999996, 12.654331299999999], [39.4897881, 12.6530601], [39.4877699, 12.6519459], [39.485183899999996, 12.6515946], [39.4831656, 12.649828099999999], [39.482227099999996, 12.6474697], [39.4804191, 12.645496000000001], [39.4783173, 12.643947899999999], [39.4758605, 12.6437104], [39.4729496, 12.644072699999999], [39.47049299999999, 12.643880399999997], [39.46833780000001, 12.643033], [39.4671873, 12.6429751], [39.4664511, 12.6429381], [39.466102299999996, 12.642920499999997], [39.4638746, 12.6420507], [39.462325799999995, 12.6407286], [39.4610404, 12.638945999999999], [39.45906, 12.637970600000001], [39.45656940000001, 12.6380777], [39.454372199999995, 12.6381369], [39.4522891, 12.637908699999999], [39.4498208, 12.637934299999998], [39.4476352, 12.637730000000001], [39.44522430000001, 12.6376979], [39.4430152, 12.6375275], [39.440486, 12.6372785], [39.43827759999999, 12.6375218], [39.4358323, 12.6375246], [39.4330401, 12.6379779], [39.4303163, 12.6376839], [39.42760390000001, 12.6376646], [39.4254408, 12.637792399999997], [39.4233312, 12.637243], [39.421191199999996, 12.6370836], [39.4189673, 12.6370159], [39.4166671, 12.637419600000001], [39.414381999999996, 12.638649599999999], [39.412078, 12.6388804], [39.4098307, 12.6382056], [39.4077596, 12.6383377], [39.4063823, 12.6404219], [39.4052114, 12.6424492], [39.404181099999995, 12.6445657], [39.403280699999996, 12.646614099999999], [39.401736, 12.648091500000001], [39.4004506, 12.650188000000002], [39.3996986, 12.6521548], [39.3994773, 12.654222499999998], [39.3989738, 12.656463599999999], [39.3991165, 12.6574571], [39.3992868, 12.6586424], [39.3981998, 12.660622199999999], [39.3964754, 12.661767500000002], [39.3960556, 12.663859299999999], [39.396113699999994, 12.664214500000002], [39.396379800000005, 12.6658426], [39.3967196, 12.667837100000002], [39.3974634, 12.6697621], [39.39910749999999, 12.6732535], [39.4001449, 12.675199600000001], [39.4014155, 12.677200599999999], [39.4034566, 12.678314299999998], [39.4042491, 12.678806499999999], [39.4053067, 12.6794633], [39.4047166, 12.6808401], [39.404498, 12.681349899999999], [39.40351369999999, 12.6831227], [39.402884400000005, 12.684371199999998], [39.4025445, 12.685045699999998], [39.401617699999996, 12.686863599999999], [39.400808899999994, 12.688703900000002], [39.3990602, 12.6902316], [39.3979899, 12.691166599999999], [39.3965859, 12.6906447], [39.395460799999995, 12.6902266], [39.393496299999995, 12.690662399999997], [39.3914934, 12.6904449], [39.38949459999999, 12.690731600000001], [39.3876135, 12.6915459], [39.385584099999996, 12.6924532], [39.3838601, 12.6936561], [39.3818875, 12.6929208], [39.3798544, 12.692989299999997], [39.378103599999996, 12.6939639], [39.37597129999999, 12.6934933], [39.373609900000005, 12.6933689], [39.3714848, 12.6943101], [39.3696078, 12.6932298], [39.368077799999995, 12.693516800000001], [39.3675252, 12.693620399999997], [39.365083899999995, 12.6944139], [39.362383, 12.694429999999999], [39.3602884, 12.6949924], [39.3583199, 12.694290800000003], [39.3565614, 12.695586299999999], [39.3543756, 12.695954399999998], [39.352128799999996, 12.695932499999998], [39.350160699999996, 12.6954942], [39.348207, 12.695964799999999], [39.34573119999999, 12.6964382], [39.34377440000001, 12.696859700000001], [39.3437671, 12.6968613], [39.341688, 12.697412199999999], [39.3396621, 12.697285899999997], [39.3377738, 12.6984322], [39.3360838, 12.6971899], [39.3342488, 12.6982683], [39.3322079, 12.6994272], [39.330049, 12.6983368], [39.3280615, 12.698105300000002], [39.327356, 12.700106900000002], [39.325627499999996, 12.701150100000001], [39.3239413, 12.703364199999998], [39.3219007, 12.7043275], [39.321195599999996, 12.703672800000001], [39.320313999999996, 12.702854300000002], [39.3191006, 12.7010823], [39.3174791, 12.6993333], [39.315354299999996, 12.698345699999999], [39.312757000000005, 12.6983713], [39.3104678, 12.6989912], [39.3086596, 12.700367799999999], [39.3066759, 12.7013196], [39.304394699999996, 12.701469199999996], [39.302292699999995, 12.7022142], [39.3011176, 12.704035399999997], [39.2992451, 12.703184100000001], [39.298626899999995, 12.7012813], [39.2964029, 12.7010984], [39.2941673, 12.7012931], [39.291707099999996, 12.7014778], [39.2900628, 12.703778699999997], [39.28552139999999, 12.7043701], [39.269535000000005, 12.723219799999997], [39.27385989999999, 12.7266244], [39.2739227, 12.7267729], [39.2740946, 12.727179099999997], [39.280932299999996, 12.7433382], [39.2788534, 12.758548099999999], [39.26766380000001, 12.771335], [39.2757719, 12.7878479], [39.2807079, 12.787266599999999], [39.29572999999999, 12.7854973], [39.303295, 12.7930104], [39.303602, 12.793315199999999], [39.3055266, 12.79924], [39.3066768, 12.8045427], [39.306874, 12.8071448], [39.307215600000006, 12.8116528], [39.2947729, 12.818069999999999], [39.2845186, 12.822822299999999], [39.2776856, 12.826023999999997], [39.2809491, 12.829080000000001], [39.2853463, 12.8331976], [39.2903891, 12.837919800000002], [39.29305370000001, 12.8396952], [39.296925699999996, 12.842275199999998], [39.3026167, 12.8467902], [39.3036793, 12.8475561], [39.305803, 12.8490868], [39.3101317, 12.852206800000001], [39.306827899999995, 12.8663104], [39.302989700000005, 12.870121900000001], [39.29489480000001, 12.870902099999999], [39.2790228, 12.8562475], [39.275273500000004, 12.8673237], [39.269112500000006, 12.8808461], [39.2630761, 12.894094], [39.2587287, 12.914682299999999], [39.2508067, 12.917982899999998], [39.24734000000001, 12.917736500000002], [39.23429989999999, 12.9168093], [39.2330983, 12.9167238], [39.232567599999996, 12.9166861], [39.22391270000001, 12.920137499999997], [39.2153239, 12.922129499999999], [39.2079241, 12.926000999999996], [39.203299200000004, 12.928914799999998], [39.192831999999996, 12.928085000000001], [39.1747675, 12.9381685], [39.168850600000006, 12.943590799999999], [39.16346989999999, 12.9484121], [39.154807700000006, 12.9498383], [39.150356599999995, 12.9531544], [39.14186480000001, 12.955839899999999], [39.1191462, 12.960857100000004], [39.1113454, 12.959915599999999], [39.100499299999996, 12.9587691], [39.082859, 12.9592723], [39.07414789999999, 12.976085999999999], [39.0536114, 12.990669599999999], [39.0445859, 12.993361599999998], [39.034261099999995, 13.0004683], [39.0143495, 13.001572899999998], [39.009610099999996, 13.0038988], [39.000219099999995, 13.003443800000001], [38.9944552, 13.0117411], [39.003066600000004, 13.021901999999999], [39.004334099999994, 13.0233975], [39.0000566, 13.038889999999997], [38.9948374, 13.0443701], [38.9939625, 13.0452888], [38.9932173, 13.049011799999999], [38.992278, 13.0537046], [38.9904515, 13.06283], [38.990690699999995, 13.066037399999999], [38.9908591, 13.068296400000001], [38.9907366, 13.073607500000001], [38.9903979, 13.0764583], [38.9898239, 13.081289799999999], [38.9786019, 13.0989621], [38.9839516, 13.1013894], [38.9882287, 13.10333], [39.004864500000004, 13.111378999999998], [39.0092025, 13.1134778], [39.0092503, 13.113501], [39.0102423, 13.1139809], [39.0116722, 13.115827999999999], [39.0148766, 13.119967599999997], [39.019400499999996, 13.125811599999997], [39.0202245, 13.126876099999999], [39.02081200000001, 13.1269764], [39.0262971, 13.127912499999999], [39.036933899999994, 13.134239200000001], [39.037272099999996, 13.1355222], [39.0372882, 13.135583200000001], [39.038981400000004, 13.1420063], [39.042569799999995, 13.155619399999999], [39.041598799999996, 13.1615023], [39.0408876, 13.1625799], [39.036024399999995, 13.169948399999999], [39.03495349999999, 13.170435099999997], [39.0301545, 13.172616], [39.01674579999999, 13.178709699999999], [39.0117595, 13.186396199999997], [38.9973678, 13.2034045], [38.9848121, 13.2027544], [38.964770099999996, 13.2077622], [38.9558241, 13.2120132], [38.9563273, 13.2191993], [38.953386800000004, 13.223777499999997], [38.9526439, 13.2299818], [38.951741899999995, 13.2375147], [38.9492063, 13.237306099999998], [38.9295902, 13.235692099999998], [38.9185567, 13.2299166], [38.913334, 13.2244725], [38.9070679, 13.2239172], [38.8931964, 13.2234128], [38.87621839999999, 13.2205081], [38.8671746, 13.215320300000002], [38.863105399999995, 13.2094977], [38.8502578, 13.214508700000001], [38.838261100000004, 13.229085999999997], [38.8338825, 13.231933600000001], [38.8247265, 13.2341166], [38.819085300000005, 13.234714700000001], [38.8116813, 13.238773299999998], [38.810459400000006, 13.239965699999999], [38.8072169, 13.2431298], [38.8006908, 13.247309900000003], [38.7896974, 13.250072699999997], [38.7791874, 13.2493709], [38.77063859999999, 13.252538099999999], [38.76024309999999, 13.2575498], [38.7489099, 13.261622], [38.743251699999995, 13.2650231], [38.7381021, 13.2640775], [38.7329327, 13.262647600000001], [38.731588099999996, 13.262275599999999], [38.729916599999996, 13.269219200000004], [38.732901999999996, 13.276432599999998], [38.73550529999999, 13.2819433], [38.7400685, 13.286784999999998], [38.7395218, 13.293518699999998], [38.7392843, 13.2964433], [38.73515400000001, 13.3023522], [38.741035399999994, 13.30744], [38.738153499999996, 13.3123424], [38.7375482, 13.317430599999998], [38.738059799999995, 13.323955900000001], [38.7369298, 13.3303131], [38.741718399999996, 13.333546299999998], [38.741812599999996, 13.339832399999999], [38.73784659999999, 13.343687799999998], [38.733661399999995, 13.349765500000002], [38.7317128, 13.357845599999997], [38.730194, 13.3654021], [38.7342484, 13.3712379], [38.737243299999996, 13.3776987], [38.7332547, 13.384147099999998], [38.7328114, 13.391112699999999], [38.7331327, 13.398811199999999], [38.7320419, 13.3996903], [38.7309038, 13.400607400000002], [38.728634, 13.402436499999999], [38.728723599999995, 13.4024736], [38.729749, 13.403431599999998], [38.729702499999995, 13.4037475], [38.729458699999995, 13.4037962], [38.7289983, 13.4040568], [38.7286998, 13.404606900000001], [38.7289032, 13.4054266], [38.729111499999995, 13.4057625], [38.7292025, 13.4058619], [38.7293557, 13.406029499999997], [38.729775, 13.4063781], [38.7301473, 13.406750399999998], [38.730519099999995, 13.407180299999998], [38.7306676, 13.407618999999997], [38.730812799999995, 13.4084262], [38.7305841, 13.4090001], [38.7301595, 13.409192899999999], [38.7295701, 13.4094523], [38.7291939, 13.4095073], [38.7285748, 13.4095009], [38.72806190000001, 13.4094648], [38.72579069999999, 13.409304700000002], [38.72505879999999, 13.409724299999999], [38.7234797, 13.410321699999999], [38.7228633, 13.4109155], [38.7227307, 13.4112827], [38.7223852, 13.411832799999999], [38.7218757, 13.4123352], [38.7214949, 13.412838899999999], [38.7212092, 13.4132737], [38.7210055, 13.4137098], [38.7213639, 13.4155447], [38.721501499999995, 13.4159031], [38.721438299999996, 13.4163631], [38.72144459999999, 13.416950799999999], [38.7215779, 13.417781699999999], [38.721501499999995, 13.4184022], [38.72169639999999, 13.418911], [38.7220972, 13.4199864], [38.72182109999999, 13.420628100000002], [38.721390299999996, 13.421488900000002], [38.721198699999995, 13.421889900000002], [38.7206024, 13.4228523], [38.720222199999995, 13.4233221], [38.719496199999995, 13.4243758], [38.719102899999996, 13.424970999999998], [38.7180369, 13.4259408], [38.716826600000005, 13.427266399999999], [38.7159087, 13.428733599999997], [38.71533429999999, 13.4298802], [38.7143103, 13.431379999999999], [38.7137627, 13.4321469], [38.713307799999995, 13.433065299999999], [38.7131129, 13.4338235], [38.7128927, 13.4347433], [38.7129305, 13.4357346], [38.7130736, 13.4367486], [38.713245, 13.4384895], [38.71314129999999, 13.4395145], [38.7131337, 13.4403091], [38.7127525, 13.440904299999998], [38.7122911, 13.441268899999999], [38.7118648, 13.441622199999998], [38.7112631, 13.4419402], [38.710580199999995, 13.442106700000004], [38.710203899999996, 13.442149299999999], [38.7097987, 13.442779499999997], [38.7092427, 13.4432242], [38.7085107, 13.4436438], [38.70788329999999, 13.444168699999999], [38.707219099999996, 13.444854], [38.7065781, 13.4455857], [38.706136699999995, 13.446307400000002], [38.7060004, 13.447043099999998], [38.706040800000004, 13.4477574], [38.705816899999995, 13.4490694], [38.7056908, 13.449989299999999], [38.7054784, 13.4513353], [38.7052805, 13.4523817], [38.7049556, 13.4532087], [38.7044285, 13.4542988], [38.7039976, 13.455181], [38.70352979999999, 13.456190999999999], [38.70309909999999, 13.4570393], [38.7023733, 13.458012700000001], [38.701743199999996, 13.458824700000003], [38.7010317, 13.4595449], [38.7004399, 13.4600235], [38.699849, 13.460409299999998], [38.6994348, 13.4607513], [38.698946, 13.461507999999998], [38.6984676, 13.4624252], [38.6980955, 13.463274799999999], [38.6972622, 13.464442499999999], [38.697009699999995, 13.465050299999996], [38.696664399999996, 13.465542699999997], [38.6962614, 13.465931], [38.6957701, 13.466963499999999], [38.69509949999999, 13.468316699999999], [38.69464169999999, 13.469533499999999], [38.694482, 13.470257799999999], [38.6941814, 13.471003399999999], [38.69353339999999, 13.472449399999997], [38.6931277, 13.473125999999999], [38.69279220000001, 13.473802599999999], [38.6923964, 13.4746634], [38.691907799999996, 13.4754076], [38.69112150000001, 13.4765754], [38.6902414, 13.4777317], [38.6896268, 13.478128799999999], [38.6887652, 13.4785595], [38.6878342, 13.478885], [38.68727979999999, 13.4791567], [38.68564149999999, 13.480974400000001], [38.6850343, 13.4818214], [38.6847007, 13.4823025], [38.6840962, 13.4828725], [38.6835506, 13.483455000000001], [38.682829, 13.483978599999999], [38.68214619999999, 13.4841461], [38.68153249999999, 13.4844516], [38.6810238, 13.48485], [38.6805856, 13.485203199999999], [38.6803593, 13.4855465], [38.6801301, 13.486166800000001], [38.6791821, 13.4858668], [38.678505099999995, 13.485652700000001], [38.6763865, 13.485774300000001], [38.6756086, 13.485616199999997], [38.6750959, 13.486973800000001], [38.674474499999995, 13.488619400000001], [38.6732547, 13.491849499999999], [38.6759549, 13.4976183], [38.6743352, 13.5030389], [38.6724922, 13.509206299999997], [38.6692821, 13.514505900000001]]]}}]}